"id","columnalias","helptext","apptype","internal_category","template_id","label"
"2","admission_day_of_month","The day of the month (number) that an inpatient case was admitted","-1",,,"Admission Day of Month"
"5","admission_day_of_week","The day of the week (name) that an inpatient case was admitted","-1",,,"Admission Day of Week"
"8","admission_month_name","The month that an inpatient case was admitted","-1",,,"Admission Month"
"11","admission_src_name","The hospital admissions source for a discharge case","-1",,,"Admission Source"
"14","admission_type_name","The facility admission type for a discharge case","-1",,,"Admission Type"
"17","admission_year","The year that an inpatient case was admitted","-1",,,"Admission Year"
"20","age_code","Age of patient on a discharge case","-1",,,"Age"
"23","age_grp_code","Age group of patient in discharge","-1",,,"Age Group Code"
"26","age_grp_name","Age-group of patient on a discharge case. Age-groups are consistent with ESRI demographic age grouping.","-1",,,"Age Group"
"29","age_zip_pop","Age group of patient in discharge","-1",,,"Age Group Zip Population"
"32","annual_case_one","First four periods on cases trended report","-1",,,"Annual Cases (1st Four Periods)"
"35","annual_case_one_pct_grp1","Provides a subtotal Percentage of first column returned.","-1",,,"Annual Percent {Group1} (1st Four Periods) Cases"
"38","annual_case_ratio_one","First four periods on cases Percent trended report","-1",,,"Annual Cases Percent (1st Four Periods)"
"41","annual_case_ratio_three","Third four periods on cases percent trended report","-1",,,"Annual Cases Percent (3rd Four Periods)"
"44","annual_case_ratio_two","Second four periods on cases percent trended report","-1",,,"Annual Cases Percent (2nd Four Periods)"
"47","annual_case_three","Third four periods on cases trended report","-1",,,"Annual Cases (3rd Four Periods)"
"50","annual_case_three_pct_grp1","Provides a subtotal Percentage of third column returned.","-1",,,"Annual Percent {Group1} |(3rd Four Periods) Cases"
"53","annual_case_two","Second four periods on cases trended report","-1",,,"Annual Cases (2nd Four Periods)"
"56","annual_case_two_pct_grp1","Provides a subtotal Percentage of second column returned.","-1",,,"Annual Percent {Group1} (2nd Four Periods) Cases"
"59","annual_charge_one","First four periods on charges trended report","-1",,,"Annual Charges (1st Four Periods)"
"62","annual_charge_one_pct_grp1","Provides a subtotal Percentage of first column returned.","-1",,,"Annual Percent {Group1} (1st Four Periods) Charges"
"65","annual_charge_ratio_one","First four periods on charges percent trended report","-1",,,"Annual Charges Percent (1st Four Periods)"
"68","annual_charge_ratio_three","Third four periods on charges percent trended report","-1",,,"Annual Charges Percent |(3rd Four Periods)"
"71","annual_charge_ratio_two","Second four periods on charges percent trended report","-1",,,"Annual Charges Percent (2nd Four Periods)"
"74","annual_charge_three","Third four periods on charges trended report","-1",,,"Annual Charges |(3rd Four Periods)"
"77","annual_charge_three_pct_grp1","Provides a subtotal Percentage of third column returned.","-1",,,"Annual Percent {Group1} |(3rd Four Periods) Charges"
"80","annual_charge_two","Second four periods on charges trended report","-1",,,"Annual Charges (2nd Four Periods)"
"83","annual_charge_two_pct_grp1","Provides a subtotal Percentage of second column returned.","-1",,,"Annual Percent {Group1} (2nd Four Periods) Charges"
"86","annual_days_one","First four periods on days trended report","-1",,,"Annual Days (1st Four Periods)"
"89","annual_days_one_pct_grp1","Provides a subtotal Percentage of first column returned.","-1",,,"Annual Percent {Group1} (1st Four Periods) Days"
"92","annual_days_ratio_one","First four periods on days percent trended report","-1",,,"Annual Days Percent (1st Four Periods)"
"95","annual_days_ratio_three","Third four periods on days percent trended report","-1",,,"Annual Days Percent |(3rd Four Periods)"
"98","annual_days_ratio_two","Second four periods on days percent trended report","-1",,,"Annual Days Percent (2nd Four Periods)"
"101","annual_days_three","Third four periods on days trended report","-1",,,"Annual Days |(3rd Four Periods)"
"104","annual_days_three_pct_grp1","Provides a subtotal Percentage of third column returned.","-1",,,"Annual Percent {Group1} |(3rd Four Periods) Days"
"107","annual_days_two","Second four periods on days trended report","-1",,,"Annual Days (2nd Four Periods)"
"110","annual_days_two_pct_grp1","Provides a subtotal Percentage of second column returned.","-1",,,"Annual Percent {Group1} (2nd Four Periods) Days"
"113","annual_procd_one","First four periods on cases trended report","-1",,,"Annual Procedures (1st Four Periods)"
"116","annual_procd_one_pct_grp1","Provides a subtotal Percentage of first column returned.","-1",,,"Annual Percent {Group1} (1st Four Periods) Procedures"
"119","annual_procd_ratio_one","First four periods on cases Percent trended report","-1",,,"Annual Procedures Percent (1st Four Periods)"
"122","annual_procd_ratio_three","Third four periods on cases percent trended report","-1",,,"Annual Procedures Percent |(3rd Four Periods)"
"125","annual_procd_ratio_two","Second four periods on cases percent trended report","-1",,,"Annual Procedures Percent (2nd Four Periods)"
"128","annual_procd_three","Third four periods on cases trended report","-1",,,"Annual Procedures |(3rd Four Periods)"
"131","annual_procd_three_pct_grp1","Provides a subtotal Percentage of third column returned.","-1",,,"Annual Percent {Group1} |(3rd Four Periods) Procedures"
"134","annual_procd_two","Second four periods on cases trended report","-1",,,"Annual Procedures (2nd Four Periods)"
"137","annual_procd_two_pct_grp1","Provides a subtotal Percentage of second column returned.","-1",,,"Annual Percent {Group1} (2nd Four Periods) Procedures"
"140","annual_visit_one","First four periods on cases trended report","-1",,,"Annual Cases (1st Four Periods)"
"143","annual_visit_one_pct_grp1","Provides a subtotal Percentage of first column returned.","-1",,,"Annual Percent {Group1} (1st Four Periods) Cases"
"146","annual_visit_ratio_one","First four periods on cases Percent trended report","-1",,,"Annual Cases Percent (1st Four Periods)"
"149","annual_visit_ratio_three","Third four periods on cases percent trended report","-1",,,"Annual Cases Percent |(3rd Four Periods)"
"152","annual_visit_ratio_two","Second four periods on cases percent trended report","-1",,,"Annual Cases Percent (2nd Four Periods)"
"155","annual_visit_three","Third four periods on cases trended report","-1",,,"Annual Cases |(3rd Four Periods)"
"158","annual_visit_three_pct_grp1","Provides a subtotal Percentage of third column returned.","-1",,,"Annual Percent {Group1} |(3rd Four Periods) Cases"
"161","annual_visit_two","Second four periods on cases trended report","-1",,,"Annual Cases (2nd Four Periods)"
"164","annual_visit_two_pct_grp1","Provides a subtotal Percentage of second column returned.","-1",,,"Annual Percent {Group1} (2nd Four Periods) Cases"
"167","annualized_cases_cy","Projected annual cases for current year population","-1",,,"Annualized Cases Current Year"
"170","annualized_cases_cy5","Projected annual cases for 5-year population projection","-1",,,"Annualized Cases Year +5"
"173","annualized_charges_cy","Projected annual charges for current year population","-1",,,"Annualized Charges Current Year"
"176","annualized_charges_cy5","Projected annual charges for 5-year population projection","-1",,,"Annualized Charges Year +5"
"179","annualized_days_cy","Projected annual days for current year population","-1",,,"Annualized Days Current Year"
"182","annualized_days_cy5","Projected annual days for 5-year population projection","-1",,,"Annualized Days Year +5"
"185","annualized_procd_cy","Projected annual procedures for current year population","-1",,,"Annualized Procedures Current Year"
"188","annualized_procd_cy5","Projected annual procedures for 5-year population projection","-1",,,"Annualized Procedures Year +5"
"191","attd_degree_name","The type of degree held by the attending physician from the NPI registry","-1",,,"Attending Physician Practioner Type"
"194","attd_group_prac_name","The CMS group practice associated with the attending physician on the discharge case","-1",,,"Attending Physician CMS Group Practice"
"197","attd_npi_spec_grp_name","The NPI specialty of the attending physician on the discharge case","-1",,,"Attending NPI Specialty"
"200","attd_physician_name","The name of the attending physician on the discharge case","-1",,,"Attending Physician"
"203","attd_specialty_grp_name","The Intellimed specialty assigned to the attending physician on the discharge case based on the most performed MS-DRG service line","-1",,,"Attending IM Specialty"
"206","attd_zip_code","The zip code of the NPI address of the attending physician on the discharge case","-1",,,"Attending Physician Zip Code"
"209","avg_age","Provides an average age per patients returned.","-1",,,"Patient Average Age"
"212","avg_anc_charge","Charges per case for total ancillary unit","-1",,,"Total Ancillary Charges Per Case"
"215","avg_crd_charge","Charges per case for cardiology unit","-1",,,"Cardiology Charges Per Case"
"218","avg_cs_charge","Charges per case for consumable supplies","-1",,,"Consumable Supplies Charges Per Case"
"221","avg_er_charge","Charges per case for the emergency room","-1",,,"Emergency Room Charges Per Case"
"224","avg_icu_charge","Charges per case for intensive care unit","-1",,,"Intensive Care Unit Charges Per Case"
"227","avg_lab_charge","Charges per case for labs","-1",,,"Lab Charges Per Case"
"230","avg_or_charge","Charges per case for the operating room","-1",,,"Operating Room Charges Per Case"
"233","avg_oth_charge","Charges per case for other charges","-1",,,"Other Charges Per Case"
"236","avg_phm_charge","Charges per case for pharmacy","-1",,,"Pharmacy Charges Per Case"
"239","avg_pt_charge","Charges per case for physical therapy","-1",,,"Physical Therapy Charges Per Case"
"242","avg_rad_charge","Charges per case for radiology","-1",,,"Radiology Charges Per Case"
"245","avg_rsp_charge","Charges per case for respiratory unit","-1",,,"Respiratory Charges Per Case"
"248","avg_rtn_charge","Charges per case for routine care","-1",,,"Routine Charges Per Case"
"251","bed_type_name","Hospital bed type on discharge-case","-1",,,"Bed Type"
"254","bench_charges_msdrg","The competitive benchmark for charges comparing against the full dataset based on MS-DRG severity","-1",,,"Comp Bench Charges (MS-DRG)"
"257","bench_charges_procd_all","The competitive benchmark for charges comparing against the full dataset per procedure","-1",,,"Comp Bench Charge/Procedure"
"260","bench_charges_visit_all","The competitive benchmark for charges comparing against the full dataset per visit","-1",,,"Comp Bench Charge/Case"
"263","bench_days_msdrg","The competitive benchmark in days comparing against the full dataset based on MS-DRG severity","-1",,,"Comp Bench Days (MS-DRG)"
"266","bench_outlier_aprdrg","Competitive Bench APR-DRG Outliers","-1",,,"Comp Bench Outliers (APR-DRG)"
"269","billing_address","Claim-level NPI address associated with the billing organization on a claim. This is typically a centralized billing location for multiple entities.","-1",,,"Billing Organization Address"
"272","billing_affiliation_dba_name","Claim-level doing business as name associated with the billing organization on a claim. This is typically a centralized billing location for multiple entities.","-1",,,"Billing Organization DBA Name"
"275","billing_city","Claim-level city and state of the NPI address associated with the billing organization on a claim. This is typically a centralized billing location for multiple entities.","-1",,,"Billing Organization City State"
"278","billing_county","Claim-level county of the NPI address associated with the billing organization on a claim. This is typically a centralized billing location for multiple entities.","-1",,,"Billing Organization County"
"281","billing_county_code","Claim-level county of the NPI address associated with the billing organization on a claim. This is typically a centralized billing location for multiple entities.","-1",,,"Billing Organization County"
"284","billing_lat","Claim-level latitude of the NPI address associated with the billing organization on a claim. This is typically a centralized billing location for multiple entities.","-1",,,"Billing Organization Latitude"
"287","billing_long","Claim-level longitude of the NPI address associated with the billing organization on a claim. This is typically a centralized billing location for multiple entities.","-1",,,"Billing Organization Longitude"
"290","billing_name","Claim-level name from the NPI registry associated with the billing organization on a claim. This is typically a centralized billing location for multiple entities.","-1",,,"Billing Organization"
"293","billing_npi_spec_grp_name","Claim-level NPI specialty associated with the billing organization on a claim. This is typically a centralized billing location for multiple entities.","-1",,,"Billing Organization NPI Specialty"
"296","billing_npi_type","Claim-level entity type associated with the billing organization on a claim. This is typically a centralized billing location for multiple entities. Entity Type (Type 1= Individual; Type 2= Organization).","-1",,,"Billing Organization Entity Type"
"299","billing_npi_type_code","Claim-level entity type associated with the billing organization on a claim. This is typically a centralized billing location for multiple entities. Entity Type (Type 1= Individual; Type 2= Organization).","-1",,,"Billing Organization Entity Type"
"302","billing_phone","Claim-level phone number from the NPI registry associated with the billing organization on a claim. This is typically a centralized billing location for multiple entities.","-1",,,"Billing Organization Phone"
"305","billing_physician_code","Claim-level NPI number associated with the billing organization on a claim. This is typically a centralized billing location for multiple entities.","-1",,,"Billing Organization NPI"
"308","billing_spec_grp_code","Claim-level code associated specialty of the billing organization on a claim. This is typically a centralized billing location for multiple entities.","-1",,,"Billing Organization Specialty Code"
"311","billing_taxonomy_cat","Claim-level NPI taxonomy associated with the billing organization on a claim. This is typically a centralized billing location for multiple entities.","-1",,,"Billing Organization Taxonomy"
"314","billing_taxonomy_cat_code","Claim-level NPI taxonomy associated with the billing organization on a claim. This is typically a centralized billing location for multiple entities.","-1",,,"Billing Organization Taxonomy"
"317","billing_zip_code","Claim-level zip code of the NPI address associated with the billing organization on a claim. This is typically a centralized billing location for multiple entities.","-1",,,"Billing Organization Zip"
"320","ca_elapsed_days_to_othr_procd","The number of days that have elapsed since any procedure listed on discharge case","-1",,,"Days Since Other Procedure"
"323","ca_elapsed_days_to_prin_procd","The number of days that have elapsed since the primary procedure listed on discharge case","-1",,,"Days Since Primary Procedure"
"326","ca_ethnicity_name","The ethnicity listed on an inpatient discharge case in CA dataset","-1",,,"CA Ethnicity"
"329","ca_payer_type_of_coverage_name","The payor type of coverage associated with a discharge case in CA dataset","-1",,,"CA Payor Type of Coverage"
"332","ca_plan_payer_name","The payor plan associated with a discharge case in CA dataset","-1",,,"CA Plan Payor"
"335","ca_race_name","The race listed on an inpatient discharge case in CA dataset","-1",,,"CA Race"
"338","case_count","Number of hospital discharge cases","-1",,,"Cases"
"341","case_count_diagnosis","Number of cases with adjacent tables","-1",,,"All Diagnosis Cases"
"344","case_count_procedures","Number of cases with adjacent tables","-1",,,"All Procedures Cases"
"347","case_diagnosis_pct_grp1","Provides a diagnosis subtotal Percentage of first grouping returned.","-1",,,"Percent {Group1} Diagnosis"
"350","case_id","Group by the Case ID","-1",,,"Case ID"
"353","case_pct","Percentage of all cases returned","-1",,,"Claim Percent"
"356","case_pct_grp1","Provides a subtotal Percentage of first grouping returned.","-1",,,"Percent {Group1} Cases"
"359","case_pct_procedures1","Provides a subtotal Percentage of first grouping returned on procedures","-1",,,"Percent {Group1} Procedures"
"362","case_pct_total","Provides a percent of total cases returned.","-1",,,"Percent Total Cases"
"365","case_procedures_pct_grp1","Provides a procedures subtotal Percentage of first grouping returned.","-1",,,"Percent {Group1} Procedures"
"368","case_rate_per1000","Annual case rate per 1,000 population","-1",,,"Annual Rate per 1,000 Cases"
"371","cases_per_pat","Provides an average claim count per patient returned.","-1",,,"Average Claims per Patient"
"374","cause_error","Causes a report to throw an error","-1",,,"Cause Error"
"377","charges_index_aprdrg","A measure of change in charges where the average index is 1.00 and the weight is based on APR-DRGs in the report.","-1",,,"Charges Index (APR-DRG)"
"380","charges_index_msdrg","A measure of change in charges where the average index is 1.00 and the weight is based on MS-DRGs in report","-1",,,"Charges Index (MS-DRG)"
"383","charges_index_procd_all","A measure of change in charges per procedure where the average index is 1.00","-1",,,"Charge/Procedure Index"
"386","charges_index_visit_all","A measure of change in charges per visit where the average index is 1.00","-1",,,"Charge/Case Index"
"389","charges_pct_grp1","Provides a subtotal Percentage of first grouping returned on charges","-1",,,"Percent {Group1} Charges"
"392","charges_pct_total","Provides a percent of total charges returned.","-1",,,"Percent Total Charges"
"395","charges_per_case","The average charges per discharge case","-1",,,"Average Charge Per Case"
"398","charges_per_casex","The average charges per discharge case","-1",,,"Average Charge Per Case"
"401","charges_per_day","The average charges per discharge case per day","-1",,,"Average Charge Per Day"
"404","charges_per_procd","The average charges per procedure (based on total procedures in a report)","-1",,,"Average Charge Per Procedure"
"407","charges_rate_per1000","Annual charges rate per 1,000 population","-1",,,"Annual Rate per 1,000 Charges"
"410","charges_total","Total charges associated with cases on report (charges are reflective of hospital charge masters not reimbursed values)","-1",,,"Charges"
"413","claim_pct_grp1","Provides a subtotal Percentage of first grouping returned.","-1",,,"Percent {Group1} Claims"
"416","claim_pct_total","Provides  a percent of total claims returned.","-1",,,"Percent Total Claims"
"419","claim_type_name","Type of claim. Institutional, Professional or CMS.","-1",,,"Claim Type"
"422","cmi_msdrg","A hospital's average relative weight based on patient diagnoses and procedures. Higher CMI indicates more complex cases","-1",,,"CMI (MS-DRG)"
"425","cms_days_msdrg","The days expected for a hospital stay from CMS based on MS-DRG severity","-1",,,"CMS Expected Days (MS-DRG)"
"428","cms_mortality_aprdrg","The mortality expected from CMS based on APR-DRG severity.","-1",,,"CMS Expected Mortality (APR-DRG)"
"431","cms_mortality_msdrg","The mortality expected from CMS based on MS-DRG severity","-1",,,"CMS Expected Mortality (MS-DRG)"
"434","combined_cases_visits","Visits added to cases.","-1",,,"Cases Plus Cases"
"437","combined_charges","Visits added to cases.","-1",,,"Combined Charges"
"440","csection_after_csection_count","Cesarean Section After Cesarean Section","-1",,,"Cesarean Section After Cesarean Section"
"443","csection_pct","Cesarean Section Percent","-1",,,"Cesarean Section Percent"
"446","csection_primary","First Cesarean Section","-1",,,"Primary Cesarean Section"
"449","csection_total","Cesarean Section Total","-1",,,"Cesarean Section Total"
"452","cume_case_pct_total","The cumulative percent of cases for report","-1",,,"Cumulative Percent Total Cases"
"455","cume_charges_pct_total","The cumulative percent of charges for report","-1",,,"Cumulative Percent Total Charges"
"458","dataset_charge_index","A measure of change in charges for the dataset where the average index is 1.00","-1",,,"Dataset Charge Index"
"461","days_index_aprdrg","A measure of change in days where the average index is 1.00 and the weight is based on APR-DRGs in the report.","-1",,,"Days Index (APR-DRG)"
"464","days_index_msdrg","A measure of change in days where the average index is 1.00 and the weight is based on MS-DRGs in report","-1",,,"Days Index (MS-DRG)"
"467","days_rate_per1000","Annual days rate per 1,000 population","-1",,,"Annual Rate per 1,000 Days"
"470","diag_count","Total diagnosis count","-1",,,"Diagnosis Count"
"473","diagnosis_code","Discharge diagnosis codes that match selected codes regardless of position on discharge (multiple procedures per discharge).","-1",,,"Diagnosis Code Detail"
"476","diagnosis_code1","Discharge primary diagnosis code (defined on discharge form).","-1",,,"Primary Diagnosis Code"
"479","diagnosis_long_code1","Claim-level primary diagnosis description (one diagnosis per claim).","-1",,,"Primary Diagnosis Description"
"482","diagnosis_name","Discharge diagnosis names that match selected names regardless of position on discharge (multiple procedures per discharge).","-1",,,"Diagnosis Detail"
"485","diagnosis_name1","Discharge primary diagnosis name (defined on discharge form).","-1",,,"Primary Diagnosis"
"488","discharge_day_of_month","The day of the month (number) that an inpatient case was discharged","-1",,,"Discharge Day of Month"
"491","discharge_day_of_week","The day of the week (name) that an inpatient case was discharged","-1",,,"Discharge Day of Week"
"494","discharge_month_name","The month that an inpatient case was discharged","-1",,,"Discharge Month"
"497","discharge_status_name","The status in which a patient has been discharged from a hospital","-1",,,"Discharge Status"
"500","discharge_year","The year that an inpatient case was discharged","-1",,,"Discharge Year"
"503","discharge_zip","5-digit zip code of the patient origin on a claim.","-1",,,"Patient Zip Code"
"506","dx_distinct_count","Count of unique diagnosis codes per grouping","-1",,,"Distinct Diagnosis Codes"
"509","dx_long_description","Discharge diagnosis descriptions that match selected codes regardless of position on discharge (multiple procedures per discharge).","-1",,,"Diagnosis Description Detail"
"512","dx_long_description1","Discharge primary diagnosis description (defined on discharge form).","-1",,,"Primary Diagnosis Description"
"515","dx_long_description2","Encounter-level diagnosis long description assciated with the most meaningful diagnosis across all claims for the same encounter","-1",,,"Encounter Diagnosis Description"
"518","dx_product_line_name","Discharge diagnosis product lines that match selected product lines regardless of position on discharge (multiple procedures per discharge). As defined by HCUP.","-1",,,"Diagnosis Product Line Detail"
"521","dx_product_line_name1","Discharge primary diagnosis product line as defined by HCUP (defined on discharge form).","-1",,,"Primary Diagnosis Product Line"
"524","dx_product_line_name2","Encounter-level diagnosis product line assciated with the most meaningful diagnosis across all claims for the same encounter","-1",,,"Encounter Diagnosis Product Line"
"527","dx_product_line_sub_name","Discharge diagnosis product sublines that match selected product sublines regardless of position on discharge (multiple procedures per discharge). As defined by HCUP.","-1",,,"Diagnosis Product Subline Detail"
"530","dx_product_line_sub_name1","Discharge primary diagnosis product subline as defined by HCUP (defined on discharge form).","-1",,,"Primary Diagnosis Product Subline"
"533","dx_product_line_sub_name2","Encounter-level diagnosis product subline assciated with the most meaningful diagnosis across all claims for the same encounter","-1",,,"Encounter Diagnosis Product Subline"
"536","dx_subcategory_code"," CCSR","-1",,,"All Subcategory Code"
"539","dx_subcategory_code1"," CCSR","-1",,,"Primary DX Subcategory Code"
"542","dx_subcategory_description"," CCSR","-1",,,"All DX Subcategory"
"545","dx_subcategory_description1"," CCSR","-1",,,"Primary DX Subcategory"
"548","encounter_address","Encounter-level NPI address associated with the most meaningful location for where the service was performed across all claims from all physicians on the encounter for a patient.","-1",,,"Encounter Location Address"
"551","encounter_city"," NPI Registry reference; Usage: for selecting claims based on the city and state associated with the billing organization NPI registry information","-1",,,"Encounter Location City State"
"554","encounter_count","Provides the value of the number of encounters.","-1",,,"Encounter Count"
"557","encounter_county","Encounter-level county of the NPI address associated with the most meaningful location for where the service was performed across all claims from all physicians on the encounter for a patient.","-1",,,"Encounter Location County"
"560","encounter_dba_name","Encounter-level doing business as name associated with the most meaningful location for where the service was performed across all claims from all physicians on the encounter for a patient.","-1",,,"Encounter Location DBA Name"
"563","encounter_diagnosis_code","Encounter-level diagnosis code associated with the most meaningful diagnosis across all claims for the same encounter.","-1",,,"Encounter Diagnosis Code"
"566","encounter_diagnosis_long_code","Encounter-level diagnosis long description assciated with the most meaningful diagnosis across all claims for the same encounter","-1",,,"Encounter Diagnosis Description"
"569","encounter_diagnosis_name","Encounter-level diagnosis name associated with the most meaningful diagnosis across all claims for the same encounter.","-1",,,"Encounter Diagnosis Name"
"572","encounter_im_specialty_rollup","Encounter-level specialty/taxonomy associated with the most meaningful location for where the service was performed across all claims from all physicians on the encounter for a patient. This is a proprietary roll up of the taxonomy types.","-1",,,"Encounter Location IM Specialty Rollup"
"575","encounter_implied_affiliation_dba_code","Encounter-level group practice name associated with the physician’s most recent group practice affiliation, based on a proprietary methodology for group practice affiliation of the physician that was explicitly listed on the claim as the referring physician.","-1",,,"Explicit+Implicit Encounter Referring Physician IM Group Practice"
"578","encounter_implied_affiliation_dba_name","Encounter-level group practice name associated with the physician’s most recent group practice affiliation, based on a proprietary methodology for group practice affiliation of the physician that was explicitly listed on the claim as the referring physician.","-1",,,"Explicit+Implicit Encounter Referring Physician IM Group Practice"
"581","encounter_implied_only_shared_pat","Count of Patients with Only Implied Encounter Referrals","-1",,,"Implied Encounter Referral Only Shared Patients"
"584","encounter_implied_referral_count","Count of Claims with Encounter referring physicians","-1",,,"Explicit+Implicit Encounter Referral Claim Count"
"587","encounter_implied_referral_time","Average Time Between Encounters in Days","-1",,,"Average Implied Encounter Referral Days"
"590","encounter_implied_referring_address"," NPI Registry reference; Usage: for selecting claims based on the street address associated with the implied referring physician's NPI registry information","-1",,,"Explicit+Implicit Encounter Referring Physician Address"
"593","encounter_implied_referring_affiliation_dba_name"," NPI Registry reference; Usage: for selecting claims based on the specialty/taxonomy associated with the rendering physician's NPI registry information","-1",,,"Explicit+Implicit Encounter Referring IM Group Practice"
"596","encounter_implied_referring_city"," NPI Registry reference; Usage: for selecting claims based on the city and state associated with the implied referring physician's NPI registry information","-1",,,"Explicit+Implicit Encounter Referring Physician City State"
"599","encounter_implied_referring_count","Count of unique Encounter referring physicians","-1",,,"Explicit+Implicit Encounter Referral Physician Count"
"602","encounter_implied_referring_county"," NPI Registry reference; Usage: for selecting claims based on the county associated with the implied referring physician's NPI registry information","-1",,,"Explicit+Implicit Encounter Referring Physician County"
"605","encounter_implied_referring_degree"," NPI Registry reference; Usage: for selecting claims based on the degree associated with the implied referring physician's NPI registry information","-1",,,"Explicit+Implicit Encounter Referring Physician Degree"
"608","encounter_implied_referring_degree_code"," NPI Registry reference; Usage: for selecting claims based on the degree associated with the rendering physician's NPI registry information","-1",,,"Explicit+Implicit Encounter Referring Physician Degree"
"611","encounter_implied_referring_group_name"," NPI group practice feed; Usage: for selecting claims based on the name associated with the implied referring physician's most recent group practice affiliation (not all claims have a implied referring physician indicated or inferred)","-1",,,"Explicit+Implicit Encounter Referring Physician CMS Group Practice"
"614","encounter_implied_referring_lat"," NPI Registry reference; Usage: for selecting claims based on the geocoded latitude associated with the implied referring physician's NPI registry information","-1",,,"Explicit+Implicit Encounter Referring Physician Latitude"
"617","encounter_implied_referring_long"," NPI Registry reference; Usage: for selecting claims based on the geocoded longitude associated with the implied referring physician's NPI registry information","-1",,,"Explicit+Implicit Encounter Referring Physician Longitude"
"620","encounter_implied_referring_npi_spec_grp_name"," NPI Registry reference; Usage: for selecting claims based on the specialty/taxonomy associated with the implied referring physician's NPI registry information","-1",,,"Explicit+Implicit Encounter Referring Physician NPI Specialty"
"623","encounter_implied_referring_npi_type"," NPI Registry reference; Usage: for selecting claims based on the entity type associated with the implied referring physician's NPI registry information (1 = physicians, 2 = organizations)","-1",,,"Explicit+Implicit Encounter Referring Physician Entity Type"
"626","encounter_implied_referring_phone"," NPI Registry reference; Usage: for selecting claims based on the phone associated with the implied referring physician's NPI registry information","-1",,,"Explicit+Implicit Encounter Referring Physician Phone"
"629","encounter_implied_referring_physician_code"," Encounter-level NPI number for the implied referring physician associated with the encounter.","-1",,,"Explicit+Implicit Encounter Referring Physician NPI"
"632","encounter_implied_referring_physician_name"," Claim-level name of the implied physician who had a claim for a unique patient prior to the patient's visit with the rendering physician, implied referring physician specialty is limited to a select set of specialties.","-1",,,"Explicit+Implicit Encounter Referring Physician"
"635","encounter_implied_referring_physician_namex"," Encounter-level name of the implied referring physician associated with the encounter.","-1",,,"Encounter Implied Referring Physician"
"638","encounter_implied_referring_zip_code"," NPI Registry reference; Usage: for selecting claims based on the address associated with the implied referring physician's NPI registry information","-1",,,"Explicit+Implicit Encounter Referring Physician Zip"
"641","encounter_implied_shared_pat","Count of Patients with Implied Encounter Referrals","-1",,,"Explicit+Implicit Encounter Referral Shared Patients"
"644","encounter_implied_taxonomy_cat","Encounter-level taxonomy from the NPI registry of the implied physician who had a claim for a unique patient prior to the patient's visit with the rendering physician, implied referring physician specialty is limited to a select set of specialties.","-1",,,"Explicit+Implicit Encounter Referring Physician Taxonomy"
"647","encounter_implied_taxonomy_cat_code","Encounter-level taxonomy from the NPI registry of the implied physician who had a claim for a unique patient prior to the patient's visit with the rendering physician, implied referring physician specialty is limited to a select set of specialties.","-1",,,"Explicit+Implicit Encounter Referring Physician Taxonomy"
"650","encounter_ip_op_flag_code","Encounter-level flag delineating inpatient encounters versus outpatient encounters","-1",,,"Encounter Inpatient Outpatient Flag"
"653","encounter_lat","Encounter-level latitude of the NPI address associated with the most meaningful location for where the service was performed across all claims from all physicians on the encounter for a patient.","-1",,,"Encounter Location Latitude"
"656","encounter_long","Encounter-level longitude of the NPI address associated with the most meaningful location for where the service was performed across all claims from all physicians on the encounter for a patient.","-1",,,"Encounter Location Longitude"
"659","encounter_name","Encounter-level name associated with the most meaningful location for where the service was performed across all claims from all physicians on the encounter for a patient.","-1",,,"Encounter Location"
"662","encounter_npi_spec_grp_name","Encounter-level NPI specialty group associated with the most meaningful location for where the service was performed across all claims from all physicians on the encounter for a patient.","-1",,,"Encounter Location NPI Specialty Group"
"665","encounter_npi_type","Encounter-level entity type associated with the most meaningful location for where the service was performed across all claims from all physicians on the encounter for a patient. Entity Type (Type 1= Individual; Type 2= Organization).","-1",,,"Encounter Location Entity Type"
"668","encounter_pcp_referring_address"," NPI Registry reference; Usage: for selecting claims based on the street address associated with the pcp referring physician's NPI registry information","-1",,,"Encounter PCP Referring Physician Address"
"671","encounter_pcp_referring_affiliation_dba_name"," NPI Registry reference; Usage: for selecting claims based on the specialty/taxonomy associated with the rendering physician's NPI registry information","-1",,,"Encounter PCP Referring IM Group Practice"
"674","encounter_pcp_referring_city"," NPI Registry reference; Usage: for selecting claims based on the city and state associated with the pcp referring physician's NPI registry information","-1",,,"Encounter PCP Referring Physician City State"
"677","encounter_pcp_referring_county"," NPI Registry reference; Usage: for selecting claims based on the county associated with the pcp referring physician's NPI registry information","-1",,,"Encounter PCP Referring Physician County"
"680","encounter_pcp_referring_degree"," NPI Registry reference; Usage: for selecting claims based on the degree associated with the pcp referring physician's NPI registry information","-1",,,"Encounter PCP Referring Physician Degree"
"683","encounter_pcp_referring_degree_code"," NPI Registry reference; Usage: for selecting claims based on the degree associated with the rendering physician's NPI registry information","-1",,,"Encounter PCP Referring Physician Degree"
"686","encounter_pcp_referring_group_name"," NPI group practice feed; Usage: for selecting claims based on the name associated with the pcp referring physician's most recent group practice affiliation (not all claims have a pcp referring physician indicated or inferred)","-1",,,"Encounter PCP Referring Physician CMS Group Practice"
"689","encounter_pcp_referring_lat"," NPI Registry reference; Usage: for selecting claims based on the geocoded latitude associated with the pcp referring physician's NPI registry information","-1",,,"Encounter PCP Referring Physician Latitude"
"692","encounter_pcp_referring_long"," NPI Registry reference; Usage: for selecting claims based on the geocoded longitude associated with the pcp referring physician's NPI registry information","-1",,,"Encounter PCP Referring Physician Longitude"
"695","encounter_pcp_referring_name"," Claim-level name of the pcp physician who had a claim for a unique patient prior to the patient's visit with the rendering physician, pcp referring physician specialty is limited to a select set of specialties.","-1",,,"Encounter PCP Referring Physician"
"698","encounter_pcp_referring_npi_spec_grp_name"," NPI Registry reference; Usage: for selecting claims based on the specialty/taxonomy associated with the pcp referring physician's NPI registry information","-1",,,"Encounter PCP Referring Physician NPI Specialty"
"701","encounter_pcp_referring_npi_type"," NPI Registry reference; Usage: for selecting claims based on the entity type associated with the pcp referring physician's NPI registry information (1 = physicians, 2 = organizations)","-1",,,"Encounter PCP Referring Physician Entity Type"
"704","encounter_pcp_referring_phone"," NPI Registry reference; Usage: for selecting claims based on the phone associated with the pcp referring physician's NPI registry information","-1",,,"Encounter PCP Referring Physician Phone"
"707","encounter_pcp_referring_physician_code"," NPI Registry reference; Usage: for selecting claims based on the address associated with the billing organization NPI registry information","-1",,,"Encounter PCP Referring Physician NPI"
"710","encounter_pcp_referring_physician_codex"," Claims data; Usage: for selecting claims based on the referring NPI number provided on the claim","-1",,,"Encounter PCP Referring Physician NPI"
"713","encounter_pcp_referring_physician_name"," NPI Registry reference; Usage: for selecting claims based on the address associated with the billing organization NPI registry information","-1",,,"Encounter PCP Referring Physician"
"716","encounter_pcp_referring_zip_code"," NPI Registry reference; Usage: for selecting claims based on the address associated with the pcp referring physician's NPI registry information","-1",,,"Encounter PCP Referring Physician Zip"
"719","encounter_rendering_address"," NPI Registry reference; Usage: for selecting claims based on the street address associated with the rendering physician's NPI registry information","-1",,,"Encounter Rendering Physician Address"
"722","encounter_rendering_affiliation_dba_name"," The group practice name associated with the physician’s most recent group practice affiliation, based on a proprietary methodology for group practice affiliation.","-1",,,"Encounter Rendering Physician IM Group Practice"
"725","encounter_rendering_city"," NPI Registry reference; Usage: for selecting claims based on the city and state associated with the rendering physician's NPI registry information","-1",,,"Encounter Rendering Physician City State"
"728","encounter_rendering_count","Count of unique Encounter rendering physicians","-1",,,"Encounter Rendering Physician Count"
"731","encounter_rendering_county"," NPI Registry reference; Usage: for selecting claims based on the county associated with the rendering physician's NPI registry information","-1",,,"Encounter Rendering Physician County"
"734","encounter_rendering_degree"," NPI Registry reference; Usage: for selecting claims based on the degree associated with the rendering physician's NPI registry information","-1",,,"Encounter Rendering Physician Degree"
"737","encounter_rendering_degree_code"," NPI Registry reference; Usage: for selecting claims based on the degree associated with the rendering physician's NPI registry information","-1",,,"Encounter Rendering Physician Degree"
"740","encounter_rendering_full_address"," NPI Registry reference; Usage: for selecting claims based on the full address associated with the rendering physician's NPI registry information","-1",,,"Encounter Rendering Physician Full Address"
"743","encounter_rendering_group_name"," The group practice name associated with the physician’s most recent group practice affiliation, based on the CMS group practice feed.","-1",,,"Encounter Rendering Physician CMS Group Practice"
"746","encounter_rendering_hospital"," Discharge data; Usage: for grouping and selecting claims based on the hospital where the majority of cases are performed using physician-identified discharge volumes, for rendering physicians","-1",,,"Encounter Rendering Physician Hospital"
"749","encounter_rendering_lat"," NPI Registry reference; Usage: for selecting claims based on the geocoded latitude associated with the rendering physician's NPI registry information","-1",,,"Encounter Rendering Physician Latitude"
"752","encounter_rendering_long"," NPI Registry reference; Usage: for selecting claims based on the geocoded longitude associated with the rendering physician's NPI registry information","-1",,,"Encounter Rendering Physician Longitude"
"755","encounter_rendering_npi_spec_grp_name"," NPI Registry reference; Usage: for selecting claims based on the specialty/taxonomy associated with the rendering physician's NPI registry information","-1",,,"Encounter Rendering Physician NPI Specialty"
"758","encounter_rendering_npi_type"," NPI Registry reference; Usage: for selecting claims based on the entity type associated with the rendering physician's NPI registry information (1 = physicians, 2 = organizations)","-1",,,"Encounter Rendering Physician Entity Type"
"761","encounter_rendering_percent","Percentage of Encounter rendering physicians for all claims returned","-1",,,"Encounter Rendering Physician Percent"
"764","encounter_rendering_phone"," NPI Registry reference; Usage: for selecting claims based on the phone associated with the rendering physician's NPI registry information","-1",,,"Encounter Rendering Physician Phone"
"767","encounter_rendering_physician_code","Encounter-level NPI number of the most meaningful rendering physician associated with the encounter.","-1",,,"Encounter Rendering Physician NPI"
"770","encounter_rendering_physician_name","Encounter-level name of the most meaningful rendering physician associated with the encounter.","-1",,,"Encounter Rendering Physician"
"773","encounter_rendering_physician_namex","Encounter-level name of the most meaningful rendering physician associated with the encounter.","-1",,,"Encounter Rendering Physician"
"776","encounter_rendering_prac_count","Count of unique Encounter rendering Group Practices","-1",,,"Encounter Rendering Group Practice Count"
"779","encounter_rendering_system"," Discharge data; Usage: for grouping and selecting claims based on the hospital system where the majority of cases are performed using physician-identified discharge volumes, for rendering physcians","-1",,,"Encounter Rendering Physician Hospital System"
"782","encounter_rendering_taxonomy_cat","Encounter-level taxonomy from the NPI registry of the rendering physician","-1",,,"Encounter Rendering Physician Taxonomy"
"785","encounter_rendering_taxonomy_cat_code","Encounter-level taxonomy from the NPI registry of the rendering physician","-1",,,"Encounter Rendering Physician Taxonomy"
"788","encounter_rendering_zip_code"," NPI Registry reference; Usage: for selecting claims based on the address associated with the rendering physician's NPI registry information","-1",,,"Encounter Rendering Physician Zip"
"791","encounter_sl","Encounter-level NPI number associated with the most meaningful location for where the service was performed across all claims from all physicians on the encounter for a patient.","-1",,,"Encounter Location NPI"
"794","encounter_sl_code","Encounter-level NPI number associated with the most meaningful location for where the service was performed across all claims from all physicians on the encounter for a patient.","-1",,,"Encounter Location NPI"
"797","encounter_state","Encounter-level state of the NPI address associated with the most meaningful location for where the service was performed across all claims from all physicians on the encounter for a patient.","-1",,,"Encounter Location State"
"800","encounter_taxonomy_cat_name","Encounter-level NPI taxonomy associated with the most meaningful location for where the service was performed across all claims from all physicians on the encounter for a patient.","-1",,,"Encounter Location Taxonomy"
"803","encounter_work_procd_code","Encounter-level procedure code with the highest Work RVU associated with the encounter.","-1",,,"Encounter Work Procedure Code"
"806","encounter_work_procd_name","Encounter-level procedure long description with the highest Work RVU associated with the encounter.","-1",,,"Encounter Work Procedure Description"
"809","encounter_zip_code","Encounter-level zip code of the NPI address associated with the most meaningful location for where the service was performed across all claims from all physicians on the encounter for a patient.","-1",,,"Encounter Location Zip"
"812","ethnicity_name","The ethnicity listed on an inpatient discharge case (not provided for all datasets)","-1",,,"Ethnicity"
"815","facility_address","Claim-level NPI address for the Provider Facility provided on the inbound Institutional claim.","-1",,,"Provider Facility Address"
"818","facility_city","Claim-level city and state of the NPI address for the Provider Facility provided on the inbound Institutional claim.","-1",,,"Provider Facility City State"
"821","facility_county","Claim-level county of the NPI address for the Provider Facility provided on the inbound Institutional claim.","-1",,,"Provider Facility County"
"824","facility_county_code","Claim-level county of the NPI address for the Provider Facility provided on the inbound Institutional claim.","-1",,,"Provider Facility County"
"827","facility_im_specialty_rollup","Claim-level specialty/taxonomy for the Provider Facility provided on the inbound Institutional claim. This is a proprietary roll up of the taxonomy types.","-1",,,"Provider Facility IM Specialty Rollup"
"830","facility_lat","Claim-level latitude of the NPI address for the Provider Facility provided on the inbound Institutional claim.","-1",,,"Provider Facility Latitude"
"833","facility_long","Claim-level longitude of the NPI address for the Provider Facility provided on the inbound Institutional claim.","-1",,,"Provider Facility Longitude"
"836","facility_name","Claim-level name from the NPI Registry for the Provider Facility provided on the inbound Institutional claim.","-1",,,"Provider Facility"
"839","facility_npi","Claim-level NPI number for the Provider Facility provided on the inbound Institutional claim.","-1",,,"Provider Facility NPI"
"842","facility_npi_spec_grp_code","Claim-level NPI specialty group for the Provider Facility provided on the inbound Institutional claim.","-1",,,"Provider Facility NPI Specialty Group"
"845","facility_npi_spec_grp_name","Claim-level NPI specialty group for the Provider Facility provided on the inbound Institutional claim.","-1",,,"Provider Facility NPI Specialty Group"
"848","facility_npi_type"," NPI Registry reference; Usage: for selecting claims based on the entity type associated with the Provider Facility's NPI registry information (1 = physicians, 2 = organizations)","-1",,,"Provider Facility Entity Type"
"851","facility_taxonomy_cat","Claim-level NPI taxonomy for the Provider Facility provided on the inbound Institutional claim.","-1",,,"Provider Facility Taxonomy"
"854","facility_taxonomy_cat_code","Claim-level NPI taxonomy for the Provider Facility provided on the inbound Institutional claim.","-1",,,"Provider Facility Taxonomy"
"857","facility_zip_code","Claim-level zip code of the NPI address for the Provider Facility provided on the inbound Institutional claim.","-1",,,"Provider Facility Zip"
"860","female_total","Percentage of female discharges","-1",,,"Female Total"
"863","gender","Claim-level gender of a patient on a claim","-1",,,"Gender"
"866","gender_code","Claim-level gender of a patient on a claim","-1",,,"Gender"
"869","gender_name","Gender of a patient on a discharge case","-1",,,"Gender"
"872","hospital_cbsa_name","The CBSA associated with the facility address on the discharge case","-1",,,"Facility CBSA"
"875","hospital_charge_index","A measure of change in charges for a hospital where the average index is 1.00","-1",,,"Hospital Charge Index"
"878","hospital_city","The city of the facility address on the discharge case","-1",,,"Facility City"
"881","hospital_county","The county of the facility address on the discharge case","-1",,,"Facility County"
"884","hospital_name","The facility on the discharge case","-1",,,"Facility"
"887","hospital_state","The state of the facility address on the discharge case","-1",,,"Facility State"
"890","hospital_street","The address of the facility on the discharge case","-1",,,"Facility Address"
"893","hospital_system_name","The system rollup associated with the facilty on the discharge case","-1",,,"Facility System"
"896","hospital_type_name","The type of the facility associated on the discharge case","-1",,,"Facility Type"
"899","hospital_zip_code","The zip code of the facility address on the discharge case","-1",,,"Facility Zip Code"
"902","i_cmi_msdrg","Intellimed adjusted Case Mix Index uses a proprietary resource allocation calulation based on true averages of relative MS-DRG weights","-1",,,"I-CMI (MS-DRG)"
"905","implied_affiliation_dba_name","The group practice name associated with the physician’s most recent group practice affiliation, based on a proprietary methodology for group practice affiliation.","-1",,,"Explicit+Implicit Referring Physician IM Group Practice"
"908","implied_all_only_shared_pat","Count of Patients with Only Prior Encounters","-1",,,"Prior Encounter Only Shared Patients"
"911","implied_all_referral_count","Claim-level number of claims with an explicit+implicit+prior encounter referring physician.","-1",,,"Explicit+Implicit+Prior Referral Claim Count"
"914","implied_all_referral_time","Average Time Between Visits in Days","-1",,,"Average Implied+Prior Referral Days"
"917","implied_all_referring_address"," NPI Registry reference; Usage: for selecting claims based on the street address associated with the prior encounter entity's NPI registry information","-1",,,"Explicit+Implicit+Prior Referring Physician Address"
"920","implied_all_referring_affiliation_dba_name","Claim-level group practice name associated with the physician’s most recent group practice affiliation, based on a proprietary methodology for group practice affiliation.","-1",,,"Explicit+Implicit+Prior Referring Physician  IM Group Practice"
"923","implied_all_referring_city"," NPI Registry reference; Usage: for selecting claims based on the city and state associated with the prior encounter entity's NPI registry information","-1",,,"Explicit+Implicit+Prior Referring Physician City State"
"926","implied_all_referring_count","Claim-level number of unique explicit+implicit+prior encounter referring physicians.","-1",,,"Explicit+Implicit+Prior Referral Physician Count"
"929","implied_all_referring_county"," NPI Registry reference; Usage: for selecting claims based on the county associated with the prior encounter entity's NPI registry information","-1",,,"Explicit+Implicit+Prior Referring Physician County"
"932","implied_all_referring_county_code"," NPI Registry reference; Usage: for selecting claims based on the county associated with the prior encounter entity's NPI registry information","-1",,,"Explicit+Implicit+Prior Referring Physician County"
"935","implied_all_referring_days","Claim-level number of days between when a patient had a visit with a referring physician and the rendering physician","-1",,,"Explicit+Implicit+Prior Referring Physician Days"
"938","implied_all_referring_degree"," NPI Registry reference; Usage: for selecting claims based on the degree associated with the prior encounter entity's NPI registry information","-1",,,"Explicit+Implicit+Prior Referring Physician Degree"
"941","implied_all_referring_degree_code"," NPI Registry reference; Usage: for selecting claims based on the degree associated with the prior encounter entity's NPI registry information","-1",,,"Explicit+Implicit+Prior Referring Physician Degree"
"944","implied_all_referring_group_name"," NPI group practice feed; Usage: for selecting claims based on the name associated with the prior encounter entity's most recent group practice affiliation","-1",,,"Explicit+Implicit+Prior Referring Physician CMS Group Practice"
"947","implied_all_referring_lat"," NPI Registry reference; Usage: for selecting claims based on the geocoded latitude associated with the prior encounter entity's NPI registry information","-1",,,"Explicit+Implicit+Prior Referring Physician Latitude"
"950","implied_all_referring_long"," NPI Registry reference; Usage: for selecting claims based on the geocoded longitude associated with the prior encounter entity's NPI registry information","-1",,,"Explicit+Implicit+Prior Referring Physician Longitude"
"953","implied_all_referring_name","Claim-level name of the physician who had a claim prior to the patient's visit with the rendering physician for a unique patient","-1",,,"Explicit+Implicit+Prior Referring Physician"
"956","implied_all_referring_npi_spec_grp_name"," NPI Registry reference; Usage: for selecting claims based on the specialty/taxonomy associated with the prior encounter entity's NPI registry information","-1",,,"Explicit+Implicit+Prior Referring Physician NPI Specialty"
"959","implied_all_referring_npi_type"," NPI Registry reference; Usage: for selecting claims based on the entity type associated with the prior encounter entity's NPI registry information (1 = physicians, 2 = organizations)","-1",,,"Explicit+Implicit+Prior Referring Physician Entity Type"
"962","implied_all_referring_phone"," NPI Registry reference; Usage: for selecting claims based on the phone associated with the prior encounter entity's NPI registry information","-1",,,"Explicit+Implicit+Prior Referring Physician Phone"
"965","implied_all_referring_physician_code"," Claims data; Usage: for selecting claims based on the referring NPI number provided on the claim","-1",,,"Explicit+Implicit+Prior Referring Physician NPI"
"968","implied_all_referring_zip_code"," NPI Registry reference; Usage: for selecting claims based on the address associated with the prior encounter entity's NPI registry information","-1",,,"Explicit+Implicit+Prior Referring Physician Zip"
"971","implied_all_shared_pat","Claim-level count of unique shared patients between rendering and an explicit+implicit+prior encounter referring physician.","-1",,,"Explicit+Implicit+Prior Referral Shared Patients"
"974","implied_all_taxonomy_cat","Claim-level taxonomy from the NPI registry of the physician who had a claim prior to the patient's visit with the rendering physician for a unique patient, not limited by specialty.","-1",,,"Explicit+Implicit+Prior Referring Physician Taxonomy"
"977","implied_only_shared_pat","Count of Patients with Only Implied Referrals","-1",,,"Implied Referral Only Shared Patients"
"980","implied_referral_count","Claim-level number of claims with an explicit+implicit referring physician.","-1",,,"Explicit+Implicit Referral Claim Count"
"983","implied_referral_time","Average Time Between Visits in Days","-1",,,"Average Implied Referral Days"
"986","implied_referring_address"," NPI Registry reference; Usage: for selecting claims based on the street address associated with the implied referring physician's NPI registry information","-1",,,"Explicit+Implicit Referring Physician Address"
"989","implied_referring_affiliation_dba_name","Claim-level group practice name associated with the physician’s most recent group practice affiliation, based on a proprietary methodology for group practice affiliation of the implied physician who had a claim for a unique patient prior to the patient's visit with the rendering physician, implied referring physician specialty is limited to a select set of specialties.","-1",,,"Explicit+Implicit Referring IM Group Practice"
"992","implied_referring_city"," NPI Registry reference; Usage: for selecting claims based on the city and state associated with the implied referring physician's NPI registry information","-1",,,"Explicit+Implicit Referring Physician City State"
"995","implied_referring_count","Claim-level number of unique explicit+implicit referring physicians.","-1",,,"Explicit+Implicit Referral Physician Count"
"998","implied_referring_county"," NPI Registry reference; Usage: for selecting claims based on the county associated with the implied referring physician's NPI registry information","-1",,,"Explicit+Implicit Referring Physician County"
"1001","implied_referring_county_code"," NPI Registry reference; Usage: for selecting claims based on the county associated with the implied referring physician's NPI registry information","-1",,,"Explicit+Implicit Referring Physician County"
"1004","implied_referring_days","Claim-level number of days between when a patient had a visit with a referring physician and the rendering physician","-1",,,"Explicit+Implicit Referring Physician Days"
"1007","implied_referring_degree"," NPI Registry reference; Usage: for selecting claims based on the degree associated with the implied referring physician's NPI registry information","-1",,,"Explicit+Implicit Referring Physician Degree"
"1010","implied_referring_degree_code"," NPI Registry reference; Usage: for selecting claims based on the degree associated with the implied referring physician's NPI registry information","-1",,,"Explicit+Implicit Referring Physician Degree"
"1013","implied_referring_group_name"," NPI group practice feed; Usage: for selecting claims based on the name associated with the implied referring physician's most recent group practice affiliation (not all claims have a implied referring physician indicated or inferred)","-1",,,"Explicit+Implicit Referring Physician CMS Group Practice"
"1016","implied_referring_lat"," NPI Registry reference; Usage: for selecting claims based on the geocoded latitude associated with the implied referring physician's NPI registry information","-1",,,"Explicit+Implicit Referring Physician Latitude"
"1019","implied_referring_long"," NPI Registry reference; Usage: for selecting claims based on the geocoded longitude associated with the implied referring physician's NPI registry information","-1",,,"Explicit+Implicit Referring Physician Longitude"
"1022","implied_referring_name","Claim-level name of the implied physician who had a claim for a unique patient prior to the patient's visit with the rendering physician","-1",,,"Explicit+Implicit Referring Physician"
"1025","implied_referring_npi_spec_grp_name"," NPI Registry reference; Usage: for selecting claims based on the specialty/taxonomy associated with the implied referring physician's NPI registry information","-1",,,"Explicit+Implicit Referring Physician NPI Specialty"
"1028","implied_referring_npi_type"," NPI Registry reference; Usage: for selecting claims based on the entity type associated with the implied referring physician's NPI registry information (1 = physicians, 2 = organizations)","-1",,,"Explicit+Implicit Referring Physician Entity Type"
"1031","implied_referring_phone"," NPI Registry reference; Usage: for selecting claims based on the phone associated with the implied referring physician's NPI registry information","-1",,,"Explicit+Implicit Referring Physician Phone"
"1034","implied_referring_physician_code"," Claims data; Usage: for selecting claims based on the referring NPI number provided on the claim","-1",,,"Explicit+Implicit Referring Physician NPI"
"1037","implied_referring_zip_code"," NPI Registry reference; Usage: for selecting claims based on the address associated with the implied referring physician's NPI registry information","-1",,,"Explicit+Implicit Referring Physician Zip"
"1040","implied_shared_pat","Claim-level count of unique shared patients between a rendering physician and an explicit+implicit referring physician.","-1",,,"Explicit+Implicit Referral Shared Patients"
"1043","implied_sl_county","Claim-level county of the NPI address for the best choice for where a service was performed on the individual claim for a patient.","-1",,,"Implied Service Location County"
"1046","implied_sl_county_code","Claim-level county of the NPI address for the best choice for where a service was performed on the individual claim for a patient.","-1",,,"Implied Service Location County"
"1049","implied_taxonomy_cat","Claim-level taxonomy from the NPI registry of the implied physician who had a claim for a unique patient prior to the patient's visit with the rendering physician, implied referring physician specialty is limited to a select set of specialties.","-1",,,"Explicit+Implicit Referring Physician Taxonomy"
"1052","inp_case_count","Number of hospital discharge cases","-1",,,"Inpatient Cases"
"1055","inp_case_pct_total","Provides a percent of total cases returned.","-1",,,"Inpatient Percent Total Cases"
"1058","inp_charges_pct_total","Provides a percent of total charges returned.","-1",,,"Inpatient Percent Total Charges"
"1061","inp_charges_per_case","The average charges per discharge case","-1",,,"Inpatient Average Charge Per Case"
"1064","inp_charges_total","Total charges associated with cases on report (charges are reflective of hospital charge masters not reimbursed values)","-1",,,"Inpatient Charges"
"1067","ip_op_flag_code","Discharge-case flag delineating inpatient encounters versus outpatient encounters","-1",,,"Implied Service Inpatient Outpatient Flag"
"1070","is_payor_code","Payor financial category provided on the claim form (Commercial, Medicare, Medicaid, Other, HMO, Medicare Advantage)","-1",,,"Payor Group"
"1073","is_payor_code","Payor financial category provided on the claim form (Commercial, Medicare, Medicaid, Other, HMO, Medicare Advantage)","-1",,,"Payor Group"
"1076","is_payor_name","Payor financial category provided on the claim form (Commercial, Medicare, Medicaid, Other, HMO, Medicare Advantage).","-1",,,"Payor Group"
"1079","is_payor_name","Payor financial category provided on the claim form (Commercial, Medicare, Medicaid, Other, HMO, Medicare Advantage).","-1",,,"Payor Group"
"1082","like_billing_county","Claim-level county of the NPI address associated with the billing organization on a claim. This is typically a centralized billing location for multiple entities.","-1",,,"Billing Organization County"
"1085","like_billing_npi_type_code","Claim-level entity type associated with the billing organization on a claim. This is typically a centralized billing location for multiple entities. Entity Type (Type 1= Individual; Type 2= Organization).","-1",,,"Billing Organization Entity Type"
"1088","like_billing_physician_code"," Claims data; Usage: for selecting claims based on the billing organization NPI number provided on the claim","-1",,,"Billing Organization NPI Name"
"1091","like_billing_taxonomy_cat","Claim-level NPI taxonomy associated with the billing organization on a claim. This is typically a centralized billing location for multiple entities.","-1",,,"Billing Organization Taxonomy"
"1094","like_claim_type_code","Claim-level type of claim. Institutional, Professional or CMS.","-1",,,"Claim Type"
"1097","like_diagnosis_code","Claim-level primary diagnosis code (one diagnosis per claim).","-1",,,"Primary Diagnosis Code"
"1100","like_diagnosis_code","Claim-level diagnosis code detail","-1",,,"Primary Diagnosis Code"
"1103","like_diagnosis_code1","Claim-level primary diagnosis name (one diagnosis per claim).","-1",,,"Primary Diagnosis"
"1106","like_diagnosis_long_code","Claim-level diagnosis description detail","-1",,,"Diagnosis Description Detail"
"1109","like_diagnosis_long_code1","Claim-level primary diagnosis description (one diagnosis per claim).","-1",,,"Primary Diagnosis Description"
"1112","like_dx_product_line_code","Claim-level diagnosis product line detail as defined by HCUP","-1",,,"Diagnosis Product Line Detail"
"1115","like_dx_product_line_code1","Claim-level primary diagnosis product line as defined by HCUP (one diagnosis per claim).","-1",,,"Primary Diagnosis Product Line"
"1118","like_dx_product_line_code2","Encounter-level diagnosis product line assciated with the most meaningful diagnosis across all claims for the same encounter","-1",,,"Encounter Diagnosis Product Line"
"1121","like_dx_product_line_sub_code","Claim-level diagnosis product subline detail as defined by HCUP","-1",,,"Diagnosis Product Subline Detail"
"1124","like_dx_product_line_sub_code1","Claim-level primary diagnosis product subline as defined by HCUP (one diagnosis per claim).","-1",,,"Primary Diagnosis Product Subline"
"1127","like_dx_product_line_sub_code2","Encounter-level diagnosis product subline assciated with the most meaningful diagnosis across all claims for the same encounter","-1",,,"Encounter Diagnosis Product Subline"
"1130","like_encounter_code","Encounter-level name associated with the most meaningful location for where the service was performed across all claims from all physicians on the encounter for a patient.","-1",,,"Encounter Location"
"1133","like_encounter_county_code","Encounter-level county of the NPI address associated with the most meaningful location for where the service was performed across all claims from all physicians on the encounter for a patient.","-1",,,"Encounter Location County"
"1136","like_encounter_diagnosis_long_code","Encounter-level diagnosis long description assciated with the most meaningful diagnosis across all claims for the same encounter","-1",,,"Encounter Diagnosis Description"
"1139","like_encounter_implied_affiliation_dba_code","Encounter-level group practice name associated with the physician’s most recent group practice affiliation, based on a proprietary methodology for group practice affiliation of the physician that was explicitly listed on the claim as the referring physician.","-1",,,"Explicit+Implicit Encounter Referring Physician IM Group Practice"
"1142","like_encounter_implied_referring_county"," NPI Registry reference; Usage: for selecting claims based on the county associated with the implied referring physician's NPI registry information","-1",,,"Explicit+Implicit Encounter Referring Physician County"
"1145","like_encounter_implied_referring_degree_code"," NPI Registry reference; Usage: for selecting claims based on the degree associated with the rendering physician's NPI registry information","-1",,,"Explicit+Implicit Encounter Referring Physician Degree"
"1148","like_encounter_implied_referring_group_prac_code"," NPI group practice feed; Usage: for selecting claims based on the name associated with the rendering physician's most recent group practice affiliation","-1",,,"Explicit+Implicit Encounter Referring Physician CMS Group Practice"
"1151","like_encounter_implied_referring_npi_spec_grp_code"," NPI Registry reference; Usage: for selecting claims based on the specialty/taxonomy associated with the rendering physician's NPI registry information","-1",,,"Explicit+Implicit Encounter Referring Physician NPI Specialty"
"1154","like_encounter_implied_referring_npi_type_code"," NPI Registry reference; Usage: for selecting claims based on the entity type associated with the implied referring physician's NPI registry information (1 = physicians, 2 = organizations)","-1",,,"Explicit+Implicit Encounter Referring Physician Entity Type"
"1157","like_encounter_implied_referring_physician_code"," Claims data; Usage: for selecting claims based on the referring NPI number provided on the claim","-1",,,"Explicit+Implicit Encounter Referring Physician"
"1160","like_encounter_implied_taxonomy_cat","Encounter-level taxonomy from the NPI registry of the implied physician who had a claim for a unique patient prior to the patient's visit with the rendering physician, implied referring physician specialty is limited to a select set of specialties.","-1",,,"Explicit+Implicit Encounter Referring Physician Taxonomy"
"1163","like_encounter_npi_type_code","Encounter-level entity type associated with the most meaningful location for where the service was performed across all claims from all physicians on the encounter for a patient. Entity Type (Type 1= Individual; Type 2= Organization).","-1",,,"Encounter Location Entity Type"
"1166","like_encounter_pcp_referring_county"," NPI Registry reference; Usage: for selecting claims based on the county associated with the pcp referring physician's NPI registry information","-1",,,"Encounter PCP Referring Physician County"
"1169","like_encounter_pcp_referring_degree_code"," NPI Registry reference; Usage: for selecting claims based on the degree associated with the rendering physician's NPI registry information","-1",,,"Encounter PCP Referring Physician Degree"
"1172","like_encounter_pcp_referring_group_prac_code"," NPI group practice feed; Usage: for selecting claims based on the name associated with the rendering physician's most recent group practice affiliation","-1",,,"Encounter PCP Referring Physician CMS Group Practice"
"1175","like_encounter_pcp_referring_npi_spec_grp_code"," NPI Registry reference; Usage: for selecting claims based on the specialty/taxonomy associated with the rendering physician's NPI registry information","-1",,,"Encounter PCP Referring Physician NPI Specialty"
"1178","like_encounter_pcp_referring_npi_type_code"," NPI Registry reference; Usage: for selecting claims based on the entity type associated with the pcp referring physician's NPI registry information (1 = physicians, 2 = organizations)","-1",,,"Encounter PCP Referring Physician Entity Type"
"1181","like_encounter_pcp_referring_physician_code"," Claims data; Usage: for selecting claims based on the referring NPI number provided on the claim","-1",,,"Encounter PCP Referring Physician"
"1184","like_encounter_rendering_county_code"," NPI Registry reference; Usage: for selecting claims based on the county associated with the rendering physician's NPI registry information","-1",,,"Encounter Rendering Physician County"
"1187","like_encounter_rendering_degree_code"," NPI Registry reference; Usage: for selecting claims based on the degree associated with the rendering physician's NPI registry information","-1",,,"Encounter Rendering Physician Degree"
"1190","like_encounter_rendering_group_prac_code"," NPI group practice feed; Usage: for selecting claims based on the name associated with the rendering physician's most recent group practice affiliation","-1",,,"Encounter Rendering Physician Group Practice"
"1193","like_encounter_rendering_npi_spec_grp_code"," NPI Registry reference; Usage: for selecting claims based on the specialty/taxonomy associated with the rendering physician's NPI registry information","-1",,,"Encounter Rendering Physician NPI Specialty"
"1196","like_encounter_rendering_npi_type_code"," NPI Registry reference; Usage: for selecting claims based on the entity type associated with the rendering physician's NPI registry information (1 = physicians, 2 = organizations)","-1",,,"Encounter Rendering Physician Entity Type"
"1199","like_encounter_rendering_physician_code","Encounter-level name of the most meaningful rendering physician associated with the encounter.","-1",,,"Encounter Rendering Physician"
"1202","like_encounter_rendering_physician_name_code","Encounter-level name of the most meaningful rendering physician associated with the encounter.","-1",,,"Encounter Rendering Physician"
"1205","like_encounter_rendering_taxonomy_cat","Encounter-level taxonomy from the NPI registry of the rendering physician","-1",,,"Encounter Rendering Physician Taxonomy"
"1208","like_encounter_taxonomy_cat_code","Encounter-level NPI taxonomy associated with the most meaningful location for where the service was performed across all claims from all physicians on the encounter for a patient.","-1",,,"Encounter Location Taxonomy"
"1211","like_esri_cbsa_code","Claim-level CBSA associated with the patient origin on a claim.","-1",,,"ESRI CBSA"
"1214","like_esri_county_code","Claim-level county associated with the patient origin on a claim.","-1",,,"ESRI County"
"1217","like_facility_county","Claim-level county of the NPI address for the Provider Facility provided on the inbound Institutional claim.","-1",,,"Provider Facility County"
"1220","like_facility_npi_spec_grp_code","Claim-level NPI specialty group for the Provider Facility provided on the inbound Institutional claim.","-1",,,"Provider Facility NPI Specialty Group"
"1223","like_facility_taxonomy_cat","Claim-level NPI taxonomy for the Provider Facility provided on the inbound Institutional claim.","-1",,,"Provider Facility Taxonomy"
"1226","like_implied_all_referring_affiliation_dba_code"," NPI Registry reference; Usage: for selecting claims based on the specialty/taxonomy associated with the prior encounter entity's NPI registry information","-1",,,"Explicit+Implicit+Prior Referring Physician DBA"
"1229","like_implied_all_referring_county"," NPI Registry reference; Usage: for selecting claims based on the county associated with the prior encounter entity's NPI registry information","-1",,,"Explicit+Implicit+Prior Referring Physician County"
"1232","like_implied_all_referring_group_prac_code"," NPI group practice feed; Usage: for selecting claims based on the name associated with the prior encounter entity's most recent group practice affiliation","-1",,,"Explicit+Implicit+Prior Referring Physician Group Practice"
"1235","like_implied_all_referring_npi_spec_grp_code"," NPI Registry reference; Usage: for selecting claims based on the specialty/taxonomy associated with the prior encounter entity's NPI registry information","-1",,,"Explicit+Implicit+Prior Referring Physician NPI Specialty"
"1238","like_implied_all_referring_npi_type_code"," NPI Registry reference; Usage: for selecting claims based on the entity type associated with the prior encounter entity's NPI registry information (1 = physicians, 2 = organizations)","-1",,,"Explicit+Implicit+Prior Referring Physician Entity Type"
"1241","like_implied_all_referring_physician_code","Claim-level name of the physician who had a claim prior to the patient's visit with the rendering physician for a unique patient","-1",,,"Explicit+Implicit+Prior Referring Physician"
"1244","like_implied_referring_county"," NPI Registry reference; Usage: for selecting claims based on the county associated with the implied referring physician's NPI registry information","-1",,,"Explicit+Implicit Referring Physician County"
"1247","like_implied_referring_npi_type_code"," NPI Registry reference; Usage: for selecting claims based on the entity type associated with the implied referring physician's NPI registry information (1 = physicians, 2 = organizations)","-1",,,"Explicit+Implicit Referring Physician Entity Type"
"1250","like_implied_referring_physician_code","Claim-level name of the implied physician who had a claim for a unique patient prior to the patient's visit with the rendering physician","-1",,,"Explicit+Implicit Referring Physician"
"1253","like_implied_sl_county","Claim-level county of the NPI address for the best choice for where a service was performed on the individual claim for a patient.","-1",,,"Implied Service Location County"
"1256","like_is_payor_code","Payor plan type provided on the claimr form (health plan type - Tricare Humana Military East, Carefirst BCBS, etc.)","-1",,,"Payor Plan"
"1259","like_pat_cbsa_code","Claim-level CBSA associated with the patient origin on a claim.","-1",,,"Patient CBSA"
"1262","like_pat_county_code","Claim-level county associated with the patient origin on a claim.","-1",,,"Patient County"
"1265","like_payor_code","Payor name provided on the claim form (Medicare A or B, Tricare, Aetna, Humana, BCBS, etc.)","-1",,,"Payor"
"1268","like_payor_plan_type_code","Payor plan type provided on the claimr form (health plan type - Tricare Humana Military East, Carefirst BCBS, etc.)","-1",,,"Payor Plan"
"1271","like_procd_code","	
Claim-level procedure code detail, regardless of position on a claim (multiple procedures per claim).","-1",,,"Procedure Code Detail"
"1274","like_procd_code1","Claim-level procedure name on a claim with the highest total RVU.","-1",,,"Primary Procedure"
"1277","like_procd_codex","Claim-level procedure code on a claim with the highest total RVU.","-1",,,"Primary Procedure Code"
"1280","like_procd_long_code","Claim-level procedure description on a claim with the highest total RVU.","-1",,,"Primary Procedure Description"
"1283","like_procd_long_code1","Claim-level procedure description on a claim with the highest total RVU.","-1",,,"Primary Procedure Description"
"1286","like_provider_facility_npi_code","Claim-level name from the NPI Registry for the Provider Facility provided on the inbound Institutional claim.","-1",,,"Provider Facility"
"1289","like_px_product_line_code","Claim-level procedure product line detail as defined by HCUP, regardless of position on a claim (multiple procedures per claim).","-1",,,"Procedure Product Line Detail"
"1292","like_px_product_line_code1","Claim-level procedure product line as defined by HCUP","-1",,,"Primary Procedure Product Line"
"1295","like_px_product_line_sub_code","Claim-level procedure product subline detail as defined by HCUP","-1",,,"Procedure Product Subline Detail"
"1298","like_px_product_line_sub_code1","Claim-level procedure product subline as defined by HCUP","-1",,,"Primary Procedure Product Subline"
"1301","like_referring_county","Claim-level county of the NPI address of the physician that was explicitly listed on the claim as the referring physician.","-1",,,"Explicit Referring Physician County"
"1304","like_referring_npi_spec_grp_code","Claim-level NPI specialty of the physician that was explicitly listed on the claim as the referring physician.","-1",,,"Explicit Referring Physician NPI Specialty"
"1307","like_referring_npi_type_code"," NPI Registry reference; Usage: for selecting claims based on the entity type associated with the referring physician's NPI registry information (1 = physicians, 2 = organizations)","-1",,,"Explicit Referring Physician Entity Type"
"1310","like_referring_physician_code","Claim-level name of the physician that was explicitly listed on the claim as the referring physician.","-1",,,"Explicit Referring Physician"
"1313","like_referring_taxonomy_cat_code","Claim-level taxonomy from the NPI registry of the physician that was explicitly listed on the claim as the referring physician.","-1",,,"Explicit Referring Physician Taxonomy"
"1316","like_rendering_county_code","Claim-level county of the NPI address of the physician who rendered the procedure on the claim.","-1",,,"Rendering Physician County"
"1319","like_rendering_degree_code","Claim-level degree from the NPI registry of the physician who rendered the procedure on the claim.","-1",,,"Rendering Physician Degree"
"1322","like_rendering_group_prac_code"," NPI group practice feed; Usage: for selecting claims based on the name associated with the rendering physician's most recent group practice affiliation","-1",,,"Rendering Physician Group Practice"
"1325","like_rendering_npi_spec_grp_code","Claim-level NPI specialty of the physician who rendered the procedure on the claim.","-1",,,"Rendering Physician NPI Specialty"
"1328","like_rendering_npi_type_code","Claim-level entity type of the physician who rendered the procedure on the claim. Entity Type (Type 1= Individual; Type 2= Organization).","-1",,,"Rendering Physician Entity Type"
"1331","like_rendering_physician_code","Claim-level name of the physician who rendered the procedure on the claim.","-1",,,"Rendering Physician"
"1334","like_rendering_physician_name_code","Claim-level name of the physician who rendered the procedure on the claim.","-1",,,"Rendering Physician"
"1337","like_rendering_taxonomy_cat","Claim-level taxonomy from the NPI registry of the physician who rendered the procedure on the claim.","-1",,,"Rendering Physician Taxonomy"
"1340","like_sl_code","Claim-level name from the NPI Registry for the best choice for where a service was performed on the individual claim for a patient.","-1",,,"Implied Service Location"
"1343","like_sl_dba_code"," NPI Registry reference; Usage: for selecting claims based on the name associated with the referring organization NPI registry information","-1",,,"Implied Service Location DBA"
"1346","like_sl_npi_spec_grp_code","Claim-level NPI specialty group associated with the best choice for where a service was performed on the individual claim for a patient.","-1",,,"Implied Service Location NPI Specialty Group"
"1349","like_sl_npi_type_code","Claim-level entity type associated with the best choice for where a service was performed on the individual claim for a patient. Entity Type (Type 1= Individual; Type 2= Organization).","-1",,,"Implied Service Location Entity Type"
"1352","like_sl_taxonomy_cat","Claim-level NPI taxonomy for the best choice for where a service was performed on the individual claim for a patient.","-1",,,"Implied Service Location Taxonomy"
"1355","like_work_procd_code1","Claim-level procedure name with the highest Work RVU associated with the encounter.","-1",,,"Primary Work Procedure"
"1358","like_work_px_product_line_code1","Claim-level procedure product line as defined by HCUP with the highest Work RVU associated with the encounter.","-1",,,"Primary Work Procedure Product Line"
"1361","like_work_px_product_line_sub_code1","Claim-level procedure product subline as defined by HCUP with the highest Work RVU associated with the encounter.","-1",,,"Primary Work Procedure Product Subline"
"1364","los_pct_grp1","Provides a subtotal Percentage of first grouping returned on days","-1",,,"Percent {Group1} Days"
"1367","los_pct_total","Provides a percent of total days returned.","-1",,,"Percent Total Days"
"1370","los_per_case","The average days or length of stay per discharge case","-1",,,"Average Days Per Case"
"1373","los_total","The total days assocaited with cases on report","-1",,,"Days"
"1376","male_total","Percentage of male discharges","-1",,,"Male Total"
"1379","market_case_count","Total visits","-1",,,"Market Level Case Totals"
"1382","market_case_pct","Percentage market share of visits","-1",,,"Market Share Percent Cases"
"1385","market_charges_pct","Percentage market share of charges","-1",,,"Market Share Percent Charges"
"1388","market_charges_total","Total charges","-1",,,"Market Level Charge Totals"
"1391","market_procd_count","Total procedure count","-1",,,"Market Level Procedure Totals"
"1394","market_procd_pct","Percentage market share of procedures","-1",,,"Market Share Percent Procedures"
"1397","medical_surg_code","Classification of medical or surgical MS-DRG","-1",,,"MS-DRG Medical Surgical Type"
"1400","medprovnumber ","The Medicare provider number associated with the facility on the discharge case","-1",,,"Medicare Provider Number"
"1403","mortality_index_aprdrg","A measure of change in mortality where the average index is 1.00 and the weight is based on APR-DRGs in the report.","-1",,,"Mortality Index (APR-DRG)"
"1406","mortality_index_msdrg","A measure of change in mortality where the average index is 1.00 and the weight is based on MS-DRGs in report","-1",,,"Mortality Index (MS-DRG)"
"1409","msdrg_code","Medicare Severity Diagnosis Related Groups (MSDRG) a classification system used to group inpatient hospital cases into categories based on principal diagnosis, secondary diagnoses, procedures, gender and discharge status.","-1",,,"MS-DRG Code"
"1412","msdrg_mdc_name","Major Diagnostic Category (MDC) groups MS-DRGs into broad categories based on condition type and body region ","-1",,,"MS-DRG MDC"
"1415","msdrg_med_surg","Medical Surgical Type","-1",,,"MS-DRG Med/Surg Type"
"1418","msdrg_name","Medicare Severity Diagnosis Related Groups (MSDRG) a classification system used to group inpatient hospital cases into categories based on principal diagnosis, secondary diagnoses, procedures, gender and discharge status","-1",,,"MS-DRG Name"
"1421","msdrg_specialty_name","High level proprietary grouping of MS-DRGs defined by Intellimed","-1",,,"MS-DRG Service Line"
"1424","national_payment_msdrg","The average payment across the county for the mix of DRGs in report","-1",,,"National Payment (MS-DRG)"
"1427","oper_degree_name","The type of degree held by the operating physician from the NPI registry","-1",,,"Operating Physician Practioner Type"
"1430","oper_group_prac_name","The CMS group practice associated with the operating physician on the discharge case","-1",,,"Operating Physician CMS Group Practice"
"1433","oper_npi_spec_grp_name","The NPI specialty of the operating physician on the discharge case","-1",,,"Operating NPI Specialty"
"1436","oper_physician_name","The name of the operating physician on the discharge case","-1",,,"Operating Physician"
"1439","oper_specialty_grp_code","The Intellimed specialty assigned to the operating physician on the discharge case based on the most performed MS-DRG service line","-1",,,"Operating IM Specialty"
"1442","oper_specialty_grp_name","The Intellimed specialty assigned to the operating physician on the discharge case based on the most performed MS-DRG service line","-1",,,"Operating IM Specialty"
"1445","oper_zip_code","The zip code of the NPI address of the operating physician on the discharge case","-1",,,"Operating Physician Zip Code"
"1448","out_case_count","Number of hospital discharge cases","-1",,,"Outpatient Cases"
"1451","out_case_pct_total","Provides a percent of total cases returned.","-1",,,"Outpatient Percent Total Cases"
"1454","out_charges_pct_total","Provides a percent of total charges returned.","-1",,,"Outpatient Percent Total Charges"
"1457","out_charges_per_case","The average charges per discharge case","-1",,,"Outpatient Average Charge Per Case"
"1460","out_charges_total","Total charges associated with cases on report (charges are reflective of hospital charge masters not reimbursed values)","-1",,,"Outpatient Charges"
"1463","outlier_count_aprdrg","APR-DRG Outlier Count","-1",,,"Outlier Count (APR-DRG)"
"1466","outlier_index_aprdrg","APR-DRG Outlier Index","-1",,,"Outlier Index (APR-DRG)"
"1469","pat_cbsa_name","CBSA associated with the patient origin on a discharge case","-1",,,"Patient CBSA"
"1472","pat_city","City associated with the patient origin on a discharge case","-1",,,"Patient City"
"1475","pat_county","County associated with the patient origin on a discharge case","-1",,,"Patient County"
"1478","pat_state","State associated with the patient origin on a discharge case","-1",,,"Patient State"
"1481","pat_zip","5-digit zip code of the patient origin on a claim.","-1",,,"Patient Zip Code"
"1484","pat_zip_demo_base_name","5-digit zip code and city of the patient origin on a discharge case","-1",,,"Patient Zip Base"
"1487","patient_count","Provides a count of unique patients returned.","-1",,,"Patient Count"
"1490","patient_percent","Percentage of all unique patients on all claims returned","-1",,,"Patient Percent"
"1493","payor_code","Claim-level payor name provided on the claim form (Medicare A or B, Tricare, Aetna, Humana, BCBS, etc.)","-1",,,"Payor Code"
"1496","payor_name","Payor name provided on the claim form (Medicare A or B, Tricare, Aetna, Humana, BCBS, etc.)","-1",,,"Payor"
"1499","payor_plan_type_code","Claim-level payor name provided on the claim form (Medicare A or B, Tricare, Aetna, Humana, BCBS, etc.)","-1",,,"Payor Code"
"1502","payor_plan_type_name","Payor plan type provided on the claimr form (health plan type - Tricare Humana Military East, Carefirst BCBS, etc.)","-1",,,"Payor Plan Type"
"1505","pct_female","Percentage of female discharges","-1",,,"Percent Female"
"1508","pct_male","Percentage of male discharges","-1",,,"Percent Male"
"1511","period_abbr","Groups encounters or claims based on the service date year and month provided on the claim form (format YYYYMM) where a unique patient is counted once per month.","-1",,,"Period Abbr"
"1514","period_code","Discharge year and quarter associated with an inpatient case, outpatient visit, or emergency room visit (format YYYYQ).","-1",,,"Period Code"
"1517","period_name","Long description of the discharge year and quarter associated with an inpatient case, outpatient visit, or emergency room visit (e.g., 2025 1st Quarter).","-1",,,"Period"
"1520","pop_cy","Current year ESRI population","-1",,,"Current Year Population"
"1523","pop_cy","Current year ESRI population","-1",,,"Current Year Population"
"1526","pop_cy5","Projected 5-Year ESRI population","-1",,,"Projected 5-Year Population"
"1529","pop_cy5","Projected 5-Year ESRI population","-1",,,"Projected 5-Year Population"
"1532","pos_code"," NPI Registry reference; Usage: for selecting claims based on the geocoded longitude associated with the Provider Facility's NPI registry information","-1",,,"Place of Service Code"
"1535","pos_county"," County reference table; Usage: for selecting claims based on the county where services were rendered, when available (not all claims include Place of Service information)","-1",,,"Place of Service County"
"1538","pos_type_code"," Claims data; Usage: for selecting claims based on the CMS place of service type code where services were rendered, when available (not all claims include Place of Service information and type codes are often entered incorrectly)","-1",,,"Place of Service Type Code"
"1541","pos_type_name"," Claims data; Usage: for selecting claims based on the CMS place of service type code where services were rendered, when available (not all claims include Place of Service information and type codes are often entered incorrectly)","-1",,,"Place of Service Type"
"1544","proc_count","Total procedure count","-1",,,"CPT Count"
"1547","procd_code","Discharge procedure codes that match selected codes regardless of position on discharge (multiple procedures per discharge).","-1",,,"Procedure Code Detail"
"1550","procd_code1","The code of the first procedure on a discharge-case","-1",,,"Primary Procedure Code"
"1553","procd_count","Total procedure count","-1",,,"Procedure Count"
"1556","procd_count_total","Total Procedures","-1",,,"Procedures"
"1559","procd_count_total","Total Procedures","-1",,,"Procedures"
"1562","procd_long_code","Claim-	
Claim-level procedure description detail, regardless of position on a claim (multiple procedures per claim).procedure description detail","-1",,,"Procedure Description Detail"
"1565","procd_long_code1","Claim-level procedure code on a claim with the highest total RVU.","-1",,,"Primary Procedure Description"
"1568","procd_long_code1","Claim-level procedure description on a claim with the highest total RVU.","-1",,,"Primary Procedure Description"
"1571","procd_name","Discharge procedure names that match selected names regardless of position on discharge (multiple procedures per discharge).","-1",,,"Procedure Detail"
"1574","procd_name1","The name of the first procedure on a discharge-case","-1",,,"Primary Procedure"
"1577","procd_pct_total","Provides a percent of total procedures returned","-1",,,"Percent Total Procedures"
"1580","procd_rate_per1000","Annual procedures per 1000 population","-1",,,"Annual Procedure Rate per 1000"
"1583","provider_facility_npi_code","Claim-level NPI number for the Provider Facility provided on the inbound Institutional claim.","-1",,,"Provider Facility NPI"
"1586","px_distinct_count","Count of unique procedure codes per grouping","-1",,,"Distinct Procedure Codes"
"1589","px_long_description","Discharge procedure descriptions that match selected codes regardless of position on discharge (multiple procedures per discharge).","-1",,,"Procedure Description Detail"
"1592","px_long_description1","The description of the first procedure on a discharge-case","-1",,,"Primary Procedure Description"
"1595","px_long_description2"," Procedure reference table; Usage: for selecting claims based on the product subline associated with the Encounter procedure code on the claim","-1",,,"Encounter Work Procedure Long Description"
"1598","px_product_line_code1","Claim-level primary procedure product line code as defined by HCUP associated with the procedure on a claim with the highest total RVU.","-1",,,"Primary Procedure Product Line Code"
"1601","px_product_line_name","Discharge procedure product lines that match selected product lines regardless of position on discharge (multiple procedures per discharge). As defined by HCUP.","-1",,,"Procedure Product Line Detail"
"1604","px_product_line_name1","Discharge first procedure product line as defined by HCUP.","-1",,,"Primary Procedure Product Line"
"1607","px_product_line_name2","Encounter-level procedure product line as defined by HCUP with the highest Work RVU associated with the encounter.","-1",,,"Encounter Work Procedure Product Line"
"1610","px_product_line_sub_name","Discharge procedure product sublines that match selected product sublines regardless of position on discharge (multiple procedures per discharge). As defined by HCUP.","-1",,,"Procedure Product Subline Detail"
"1613","px_product_line_sub_name1","Discharge first procedure product subline as defined by HCUP.","-1",,,"Primary Procedure Product Subline"
"1616","px_product_line_sub_name2","Encounter-level procedure product subline as defined by HCUP with the highest Work RVU associated with the encounter.","-1",,,"Encounter Work Procedure Product Subline"
"1619","px_subcategory_code"," CCS","-1",,,"Procedure Subcategory Code"
"1622","px_subcategory_description"," CCS","-1",,,"Procedure Subcategory"
"1625","qrter_case_one","First period on case trended report","-1",,,"Quarter Cases (1st Period)"
"1628","qrter_case_one_pct_grp1","Provides a subtotal Percentage of first column returned.","-1",,,"Quarter Percent {Group1} (1st Period) Cases"
"1631","qrter_case_ratio_one","First two periods on case percent trended report","-1",,,"Quarter Cases Percent (1st Period)"
"1634","qrter_case_ratio_three","Third two periods on case percent trended report","-1",,,"Quarter Cases Percent (3rd Period)"
"1637","qrter_case_ratio_two","Second two periods on case percent trended report","-1",,,"Quarter Cases Percent (2nd Period)"
"1640","qrter_case_three","Third period on case trended report","-1",,,"Quarter Cases (3rd Period)"
"1643","qrter_case_three_pct_grp1","Provides a subtotal Percentage of third column returned.","-1",,,"Quarter Percent {Group1} (3rd Period) Cases"
"1646","qrter_case_two","Second period on case trended report","-1",,,"Quarter Cases (2nd Period)"
"1649","qrter_case_two_pct_grp1","Provides a subtotal Percentage of second column returned.","-1",,,"Quarter Percent {Group1} (2nd Period) Cases"
"1652","qrter_charge_one","First two periods on charge trended report","-1",,,"Quarter Charges (1st Period)"
"1655","qrter_charge_one_pct_grp1","Provides a subtotal Percentage of first column returned.","-1",,,"Quarter Percent {Group1} (1st Period) Charges"
"1658","qrter_charge_ratio_one","First two periods on charge percent trended report","-1",,,"Quarter Charges Percent (1st Period)"
"1661","qrter_charge_ratio_three","Third two periods on charge percent trended report","-1",,,"Quarter Charges Percent (3rd Period)"
"1664","qrter_charge_ratio_two","Second two periods on charge percent trended report","-1",,,"Quarter Charges Percent (2nd Period)"
"1667","qrter_charge_three","Third two periods on charge trended report","-1",,,"Quarter Charges (3rd Period)"
"1670","qrter_charge_three_pct_grp1","Provides a subtotal Percentage of third column returned.","-1",,,"Quarter Percent {Group1} (3rd Period) Charges"
"1673","qrter_charge_two","Second two periods on charge trended report","-1",,,"Quarter Charges (2nd Period)"
"1676","qrter_charge_two_pct_grp1","Provides a subtotal Percentage of second column returned.","-1",,,"Quarter Percent {Group1} (2nd Period) Charges"
"1679","qrter_days_one","First period on days trended report","-1",,,"Quarter Days (1st Period)"
"1682","qrter_days_one_pct_grp1","Provides a subtotal Percentage of first column returned.","-1",,,"Quarter Percent {Group1} (1st Period) Days"
"1685","qrter_days_ratio_one","First two periods on days percent trended report","-1",,,"Quarter Days Percent (1st Period)"
"1688","qrter_days_ratio_three","Third two periods on days percent trended report","-1",,,"Quarter Days Percent (3rd Period)"
"1691","qrter_days_ratio_two","Second two periods on days percent trended report","-1",,,"Quarter Days Percent (2nd Period)"
"1694","qrter_days_three","third period on days trended report","-1",,,"Quarter Days (3rd Period)"
"1697","qrter_days_three_pct_grp1","Provides a subtotal Percentage of third column returned.","-1",,,"Quarter Percent {Group1} (3rd Period) Days"
"1700","qrter_days_two","Second period on days trended report","-1",,,"Quarter Days (2nd Period)"
"1703","qrter_days_two_pct_grp1","Provides a subtotal Percentage of second column returned.","-1",,,"Quarter Percent {Group1} (2nd Period) Days"
"1706","qrter_procd_one","First two periods on cases trended report","-1",,,"Quarter Procedures (1st Period)"
"1709","qrter_procd_one_pct_grp1","Provides a subtotal Percentage of first column returned.","-1",,,"Quarter Percent {Group1} (1st Period) Procedures"
"1712","qrter_procd_ratio_one","First four periods on cases Percent trended report","-1",,,"Quarter Procedures Percent (1st Period)"
"1715","qrter_procd_ratio_three","Third four periods on cases percent trended report","-1",,,"Quarter Procedures Percent (3rd Period)"
"1718","qrter_procd_ratio_two","Second four periods on cases percent trended report","-1",,,"Quarter Procedures Percent (2nd Period)"
"1721","qrter_procd_three","Third two periods on cases trended report","-1",,,"Quarter Procedures (3rd Period)"
"1724","qrter_procd_three_pct_grp1","Provides a subtotal Percentage of third column returned.","-1",,,"Quarter Percent {Group1} (3rd Period) Procedures"
"1727","qrter_procd_two","Second two periods on cases trended report","-1",,,"Quarter Procedures (2nd Period)"
"1730","qrter_procd_two_pct_grp1","Provides a subtotal Percentage of second column returned.","-1",,,"Quarter Percent {Group1} (2nd Period) Procedures"
"1733","qrter_visit_one","First two periods on cases trended report","-1",,,"Quarter Cases (1st Period)"
"1736","qrter_visit_one_pct_grp1","Provides a subtotal Percentage of first column returned.","-1",,,"Quarter Percent {Group1} (1st Period) Cases"
"1739","qrter_visit_ratio_one","First two periods on case percent trended report","-1",,,"Quarter Cases Percent (1st Period)"
"1742","qrter_visit_ratio_three","Third two periods on case percent trended report","-1",,,"Quarter Cases Percent (3rd Period)"
"1745","qrter_visit_ratio_two","Second two periods on case percent trended report","-1",,,"Quarter Cases Percent (2nd Period)"
"1748","qrter_visit_three","Third two periods on cases trended report","-1",,,"Quarter Cases (3rd Period)"
"1751","qrter_visit_three_pct_grp1","Provides a subtotal Percentage of third column returned.","-1",,,"Quarter Percent {Group1} (3rd Period) Cases"
"1754","qrter_visit_two","Second two periods on cases trended report","-1",,,"Quarter Cases (2nd Period)"
"1757","qrter_visit_two_pct_grp1","Provides a subtotal Percentage of second column returned.","-1",,,"Quarter Percent {Group1} (2nd Period) Cases"
"1760","quarter","Groups encounters or claims based on the quarter associated with the service date provided on the claim form where a unique patient is counted once per quarter.","-1",,,"Period Quarter"
"1763","referral_count","Claim-level number of claims with referring physicians.","-1",,,"Explicit Referral Claim Count"
"1766","referral_type","Explicit, Implicit or None","-1",,,"Referral Type"
"1769","referring_address","Claim-level NPI address of the physician that was explicitly listed on the claim as the referring physician.","-1",,,"Explicit Referring Physician Address"
"1772","referring_affiliation_dba_name"," NPI group practice feed; Usage: for selecting claims based on the name associated with the referring physician's most recent group practice affiliation (not all claims have a referring physician indicated or inferred)","-1",,,"Explicit Referring Physician IM Group Practice"
"1775","referring_city","Claim-level city and state of the NPI address of the physician that was explicitly listed on the claim as the referring physician.","-1",,,"Explicit Referring Physician City State"
"1778","referring_count","Claim-level number of unique referring physicians as included on the claim form.","-1",,,"Explicit Referral Physician Count"
"1781","referring_county","Claim-level county of the NPI address of the physician that was explicitly listed on the claim as the referring physician.","-1",,,"Explicit Referring Physician County"
"1784","referring_county_code","Claim-level county of the NPI address of the physician that was explicitly listed on the claim as the referring physician.","-1",,,"Explicit Referring Physician County"
"1787","referring_degree","Claim-level degree from the NPI registry of the physician that was explicitly listed on the claim as the referring physician.","-1",,,"Explicit Referring Physician Degree"
"1790","referring_degree_code","Claim-level degree from the NPI registry of the physician that was explicitly listed on the claim as the referring physician.","-1",,,"Explicit Referring Physician Degree"
"1793","referring_group_name"," NPI group practice feed; Usage: for selecting claims based on the name associated with the referring physician's most recent group practice affiliation (not all claims have a referring physician indicated or inferred)","-1",,,"Explicit Referring Physician CMS Group Practice"
"1796","referring_hosp_pct"," Discharge data; Usage: for grouping and selecting claims based on the hospital where the majority of cases are performed using physician-identified discharge volumes, for referring physicians","-1",,,"Referring Physician Hospital Percent"
"1799","referring_hospital"," Discharge data; Usage: for grouping and selecting claims based on the hospital where the majority of cases are performed using physician-identified discharge volumes, for referring physicians","-1",,,"Referring Physician Hospital"
"1802","referring_lat","Claim-level latitude of the NPI address of the physician that was explicitly listed on the claim as the referring physician.","-1",,,"Explicit Referring Physician Latitude"
"1805","referring_long","Claim-level longitude of the NPI address of the physician that was explicitly listed on the claim as the referring physician.","-1",,,"Explicit Referring Physician Longitude"
"1808","referring_name","Claim-level name of the physician that was explicitly listed on the claim as the referring physician.","-1",,,"Explicit Referring Physician"
"1811","referring_npi_spec_grp_name","Claim-level NPI specialty of the physician that was explicitly listed on the claim as the referring physician.","-1",,,"Explicit Referring Physician NPI Specialty"
"1814","referring_npi_type"," NPI Registry reference; Usage: for selecting claims based on the entity type associated with the referring physician's NPI registry information (1 = physicians, 2 = organizations)","-1",,,"Explicit Referring Physician Entity Type"
"1817","referring_office_address"," NPI group practice feed; Usage: for selecting claims based on the street address associated with the referring physician's most recent group practice affiliation (not all claims have a referring physician indicated or inferred)","-1",,,"Referring Group Practice Address"
"1820","referring_office_city"," NPI group practice feed; Usage: for selecting claims based on the city and state associated with the referring physician's most recent group practice affiliation (not all claims have a referring physician indicated or inferred)","-1",,,"Referring Group Practice City State"
"1823","referring_office_orgname"," NPI group practice feed; Usage: for selecting claims based on the name associated with the referring physician's most recent group practice affiliation (not all claims have a referring physician indicated or inferred)","-1",,,"Referring Group Office"
"1826","referring_office_zip_code"," NPI group practice feed; Usage: for selecting claims based on the zip code associated with the referring physician's most recent group practice affiliation (not all claims have a referring physician indicated or inferred)","-1",,,"Referring Group Practice Zip"
"1829","referring_percent","Percentage of referring physicians for all claims returned","-1",,,"Explicit Referral Physician Percent"
"1832","referring_phone","Claim-level phone number from the NPI registry of the physician that was explicitly listed on the claim as the referring physician.","-1",,,"Explicit Referring Physician Phone"
"1835","referring_physician_code","Claim-level NPI number of the physician that was explicitly listed on the claim as the referring physician.","-1",,,"Explicit Referring Physician NPI"
"1838","referring_prac_count","Claim-level number of unique referring group practices as included on the claims form.","-1",,,"Explicit Referral Group Practice Count"
"1841","referring_system"," Discharge data; Usage: for grouping and selecting claims based on the hospital system where the majority of cases are performed using physician-identified discharge volumes, for referring physicians","-1",,,"Referring Physician Hospital System"
"1844","referring_system_pct"," Discharge data; Usage: for grouping and selecting claims based on the hospital system where the majority of cases are performed using physician-identified discharge volumes, for referring physcians","-1",,,"Referring Physician Hospital System Percent"
"1847","referring_taxonomy_cat_code","Claim-level taxonomy from the NPI registry of the physician that was explicitly listed on the claim as the referring physician.","-1",,,"Explicit Referring Physician Taxonomy"
"1850","referring_taxonomy_cat_name","Claim-level taxonomy from the NPI registry of the physician that was explicitly listed on the claim as the referring physician.","-1",,,"Explicit Referring Physician Taxonomy"
"1853","referring_zip_code","Claim-level zip code of the NPI address of the physician that was explicitly listed on the claim as the referring physician.","-1",,,"Explicit Referring Physician Zip"
"1856","rendering_address","Claim-level NPI address of the physician who rendered the procedure on the claim.","-1",,,"Rendering Physician Address"
"1859","rendering_affiliation_dba_name"," The group practice name associated with the physician’s most recent group practice affiliation, based on a proprietary methodology for group practice affiliation.","-1",,,"Rendering Physician IM Group Practice"
"1862","rendering_city","Claim-level city and state of the NPI address of the physician who rendered the procedure on the claim.","-1",,,"Rendering Physician City State"
"1865","rendering_count","Provides a count of unique rendering physicians.","-1",,,"Rendering Physician Count"
"1868","rendering_county","Claim-level county of the NPI address of the physician who rendered the procedure on the claim.","-1",,,"Rendering Physician County"
"1871","rendering_degree","Claim-level degree from the NPI registry of the physician who rendered the procedure on the claim.","-1",,,"Rendering Physician Degree"
"1874","rendering_degree_code","Claim-level degree from the NPI registry of the physician who rendered the procedure on the claim.","-1",,,"Rendering Physician Degree"
"1877","rendering_full_address"," NPI Registry reference; Usage: for selecting claims based on the full address associated with the rendering physician's NPI registry information","-1",,,"Rendering Physician Full Address"
"1880","rendering_group_name"," The group practice name associated with the physician’s most recent group practice affiliation, based on the CMS group practice feed.","-1",,,"Rendering Physician CMS Group Practice"
"1883","rendering_hosp_pct"," Discharge data; Usage: for grouping and selecting claims based on the hospital where the majority of cases are performed using physician-identified discharge volumes, for rendering physicians","-1",,,"Rendering Physician Hospital Percent"
"1886","rendering_hospital"," Discharge data; Usage: for grouping and selecting claims based on the hospital where the majority of cases are performed using physician-identified discharge volumes, for rendering physicians","-1",,,"Rendering Physician Hospital"
"1889","rendering_lat","Claim-level latitude of the NPI address of the physician who rendered the procedure on the claim.","-1",,,"Rendering Physician Latitude"
"1892","rendering_long","Claim-level longitude of the NPI address of the physician who rendered the procedure on the claim.","-1",,,"Rendering Physician Longitude"
"1895","rendering_name","Claim-level name of the physician who rendered the procedure on the claim.","-1",,,"Rendering Physician"
"1898","rendering_npi_spec_grp_code","Claim-level NPI specialty of the physician who rendered the procedure on the claim.","-1",,,"Rendering Physician NPI Specialty"
"1901","rendering_npi_spec_grp_name","Claim-level NPI specialty of the physician who rendered the procedure on the claim.","-1",,,"Rendering Physician NPI Specialty"
"1904","rendering_npi_type","Claim-level entity type of the physician who rendered the procedure on the claim. Entity Type (Type 1= Individual; Type 2= Organization).","-1",,,"Rendering Physician Entity Type"
"1907","rendering_npi_type_code","Claim-level entity type of the physician who rendered the procedure on the claim. Entity Type (Type 1= Individual; Type 2= Organization).","-1",,,"Rendering Physician Entity Type"
"1910","rendering_office_address"," NPI group practice feed; Usage: for selecting claims based on the street address associated with the rendering physician's most recent group practice affiliation","-1",,,"Rendering Group Practice Address"
"1913","rendering_office_city"," NPI group practice feed; Usage: for selecting claims based on the city and state associated with the rendering physician's most recent group practice affiliation","-1",,,"Rendering Group Practice City State"
"1916","rendering_office_code"," NPI group practice feed; Usage: for selecting claims based on the city and state associated with the rendering physician's most recent group practice affiliation","-1",,,"Rendering Group Practice Code"
"1919","rendering_office_orgname"," NPI group practice feed; Usage: for selecting claims based on the name associated with the rendering physician's most recent group practice affiliation","-1",,,"Rendering Group Office"
"1922","rendering_office_zip_code"," NPI group practice feed; Usage: for selecting claims based on the zip code associated with the rendering physician's most recent group practice affiliation","-1",,,"Rendering Group Practice Zip"
"1925","rendering_percent","Percentage of rendering physicians for all claims returned","-1",,,"Rendering Physician Percent"
"1928","rendering_phone","Claim-level phone number from the NPI registry of the physician who rendered the procedure on the claim.","-1",,,"Rendering Physician Phone"
"1931","rendering_physician_code","Claim-level NPI number of the physician who rendered the procedure on the claim.","-1",,,"Rendering Physician NPI"
"1934","rendering_physician_name_code","Claim-level name of the physician who rendered the procedure on the claim.","-1",,,"Rendering Physician"
"1937","rendering_prac_count","Provides a count of unique rendering group practices.","-1",,,"Rendering Group Practice Count"
"1940","rendering_system"," Discharge data; Usage: for grouping and selecting claims based on the hospital system where the majority of cases are performed using physician-identified discharge volumes, for rendering physcians","-1",,,"Rendering Physician Hospital System"
"1943","rendering_system_pct"," Discharge data; Usage: for grouping and selecting claims based on the hospital system where the majority of cases are performed using physician-identified discharge volumes, for rendering physcians","-1",,,"Rendering Physician Hospital System Percent"
"1946","rendering_taxonomy_cat","Claim-level taxonomy from the NPI registry of the physician who rendered the procedure on the claim.","-1",,,"Rendering Physician Taxonomy"
"1949","rendering_taxonomy_cat_code","Claim-level taxonomy from the NPI registry of the physician who rendered the procedure on the claim.","-1",,,"Rendering Physician Taxonomy"
"1952","rendering_zip_code","Claim-level zip code of the NPI address of the physician who rendered the procedure on the claim.","-1",,,"Rendering Physician Zip"
"1955","rev_codes_inpatient_name","The category of revenue detail on an inpatient discharge case","-1",,,"Revenue Detail"
"1958","rev_codes_name","The category of revenue detail on a discharge case","-1",,,"Revenue Detail"
"1961","rev_codes_outpatient_name","The category of revenue detail on an outpatient discharge case","-1",,,"Revenue Detail"
"1964","revenue_pct_grp1","Provides a subtotal Percentage of first grouping returned on detail charges","-1",,,"Percent {Group1} Detail Charges"
"1967","revenue_pct_total","Provides a percent of total detail charges returned.","-1",,,"Percent Total Detail Charges"
"1970","revenue_total","The total detail charges assocaited with cases on report","-1",,,"Total Detail Charges"
"1973","rom_bench","The competitive benchmark for Risk of Mortatity comparing against the full dataset based on APRDRG severity","-1",,,"Comp Bench ROM"
"1976","semi_case_one","First two periods on case trended report","-1",,,"Semi Cases (1st Two Periods)"
"1979","semi_case_one_pct_grp1","Provides a subtotal Percentage of first column returned.","-1",,,"Semi Percent {Group1} (1st Two Periods) Cases"
"1982","semi_case_ratio_one","First two periods on case percent trended report","-1",,,"Semi Cases Percent (1st Two Periods)"
"1985","semi_case_ratio_three","Third two periods on case percent trended report","-1",,,"Semi Cases Percent (3rd Two Periods)"
"1988","semi_case_ratio_two","Second two periods on case percent trended report","-1",,,"Semi Cases Percent (2nd Two Periods)"
"1991","semi_case_three","Third two periods on case trended report","-1",,,"Semi Cases (3rd Two Periods)"
"1994","semi_case_three_pct_grp1","Provides a subtotal Percentage of third column returned.","-1",,,"Semi Percent {Group1} (3rd Two Periods) Cases"
"1997","semi_case_two","Second two periods on case trended report","-1",,,"Semi Cases (2nd Two Periods)"
"2000","semi_case_two_pct_grp1","Provides a subtotal Percentage of second column returned.","-1",,,"Semi Percent {Group1} (2nd Two Periods) Cases"
"2003","semi_charge_one","First two periods on charge trended report","-1",,,"Semi Charges (1st Two Periods)"
"2006","semi_charge_one_pct_grp1","Provides a subtotal Percentage of first column returned.","-1",,,"Semi Percent {Group1} (1st Two Periods) Charges"
"2009","semi_charge_ratio_one","First two periods on charge percent trended report","-1",,,"Semi Charges Percent (1st Two Periods)"
"2012","semi_charge_ratio_three","Third two periods on charge percent trended report","-1",,,"Semi Charges Percent (3rd Two Periods)"
"2015","semi_charge_ratio_two","Second two periods on charge percent trended report","-1",,,"Semi Charges Percent (2nd Two Periods)"
"2018","semi_charge_three","Third two periods on charge trended report","-1",,,"Semi Charges (3rd Two Periods)"
"2021","semi_charge_three_pct_grp1","Provides a subtotal Percentage of third column returned.","-1",,,"Semi Percent {Group1} (3rd Two Periods) Charges"
"2024","semi_charge_two","Second two periods on charge trended report","-1",,,"Semi Charges (2nd Two Periods)"
"2027","semi_charge_two_pct_grp1","Provides a subtotal Percentage of second column returned.","-1",,,"Semi Percent {Group1} (2nd Two Periods) Charges"
"2030","semi_days_one","First two periods on days trended report","-1",,,"Semi Days (1st Two Periods)"
"2033","semi_days_one_pct_grp1","Provides a subtotal Percentage of first column returned.","-1",,,"Semi Percent {Group1} (1st Two Periods) Days"
"2036","semi_days_ratio_one","First two periods on days percent trended report","-1",,,"Semi Days Percent (1st Two Periods)"
"2039","semi_days_ratio_three","Third two periods on days percent trended report","-1",,,"Semi Days Percent (3rd Two Periods)"
"2042","semi_days_ratio_two","Second two periods on days percent trended report","-1",,,"Semi Days Percent (2nd Two Periods)"
"2045","semi_days_three","Third two periods on days trended report","-1",,,"Semi Days (3rd Two Periods)"
"2048","semi_days_three_pct_grp1","Provides a subtotal Percentage of third column returned.","-1",,,"Semi Percent {Group1} (3rd Two Periods) Days"
"2051","semi_days_two","Second two periods on days trended report","-1",,,"Semi Days (2nd Two Periods)"
"2054","semi_days_two_pct_grp1","Provides a subtotal Percentage of second column returned.","-1",,,"Semi Percent {Group1} (2nd Two Periods) Days"
"2057","semi_procd_one","First two periods on cases trended report","-1",,,"Semi Procedures (1st Two Periods)"
"2060","semi_procd_one_pct_grp1","Provides a subtotal Percentage of first column returned.","-1",,,"Semi Percent {Group1} (1st Two Periods) Procedures"
"2063","semi_procd_ratio_one","First four periods on cases Percent trended report","-1",,,"Semi Procedures Percent (1st Two Periods)"
"2066","semi_procd_ratio_three","Third four periods on cases percent trended report","-1",,,"Semi Procedures Percent (3rd Two Periods)"
"2069","semi_procd_ratio_two","Second four periods on cases percent trended report","-1",,,"Semi Procedures Percent (2nd Two Periods)"
"2072","semi_procd_three","Third two periods on cases trended report","-1",,,"Semi Procedures  (3rd Two Periods)"
"2075","semi_procd_three_pct_grp1","Provides a subtotal Percentage of third column returned.","-1",,,"Semi Percent {Group1} (3rd Two Periods) Procedures"
"2078","semi_procd_two","Second two periods on cases trended report","-1",,,"Semi Procedures (2nd Two Periods)"
"2081","semi_procd_two_pct_grp1","Provides a subtotal Percentage of second column returned.","-1",,,"Semi Percent {Group1} (2nd Two Periods) Procedures"
"2084","semi_visit_one","First two periods on cases trended report","-1",,,"Semi Cases (1st Two Periods)"
"2087","semi_visit_one_pct_grp1","Provides a subtotal Percentage of first column returned.","-1",,,"Semi Percent {Group1} (1st Two Periods) Cases"
"2090","semi_visit_ratio_one","First two periods on case percent trended report","-1",,,"Semi Cases Percent (1st Two Periods)"
"2093","semi_visit_ratio_three","Third two periods on case percent trended report","-1",,,"Semi Cases Percent (3rd Two Periods)"
"2096","semi_visit_ratio_two","Second two periods on case percent trended report","-1",,,"Semi Cases Percent (2nd Two Periods)"
"2099","semi_visit_three","Third two periods on cases trended report","-1",,,"Semi Cases  (3rd Two Periods)"
"2102","semi_visit_three_pct_grp1","Provides a subtotal Percentage of third column returned.","-1",,,"Semi Percent {Group1} (3rd Two Periods) Cases"
"2105","semi_visit_two","Second two periods on cases trended report","-1",,,"Semi Cases (2nd Two Periods)"
"2108","semi_visit_two_pct_grp1","Provides a subtotal Percentage of second column returned.","-1",,,"Semi Percent {Group1} (2nd Two Periods) Cases"
"2111","sev_adj_msdrg","The sum of the relative weight divided by the number of cases on the report. The relative weight is set by the hospital, the MS-DRG and the period.","-1",,,"MS-DRG Avg Relative Weight"
"2114","sev_adj_procd_all","The sum of the relative weight divided by the number of cases on the report. The relative weight is set by the hospital, the kinds of procedures and the period.","-1",,,"Sev Adj (Procedures)"
"2117","severity_adj_mix","The Severity Adjusted Mix is the sum of the relative weight divided by the number of cases on the report. The relative weight is set by the hospital, the APRDRG and the period.","-1",,,"Severity Adjusted Mix"
"2120","severity_avail","Total emergency visits with no level code","-1",,,"No Severity/Available"
"2123","severity_total","Total visits coded emergency level I-V","-1",,,"Severity Level I-V Total Cases"
"2126","severity1_avg_charge","Average charge for emergency level I visits","-1",,,"Severity Level I Average Charge"
"2129","severity1_pct","Percentage of emergency level I visits","-1",,,"Severity Level I Percent"
"2132","severity1_total","Total visits coded as emergency level I","-1",,,"Severity Level I Cases"
"2135","severity2_avg_charge","Average charge for emergency level II visits","-1",,,"Severity Level II Average Charge"
"2138","severity2_pct","Percentage of emergency level II visits","-1",,,"Severity Level II Percent"
"2141","severity2_total","Total visits coded as emergency level II","-1",,,"Severity Level II Cases"
"2144","severity3_avg_charge","Average charge for emergency level III visits","-1",,,"Severity Level III Average Charge"
"2147","severity3_pct","Percentage of emergency level III visits","-1",,,"Severity Level III Percent"
"2150","severity3_total","Total visits coded as emergency level III","-1",,,"Severity Level III Cases"
"2153","severity4_avg_charge","Average charge for emergency level IV visits","-1",,,"Severity Level IV Average Charge"
"2156","severity4_pct","Percentage of emergency level IV visits","-1",,,"Severity Level IV Percent"
"2159","severity4_total","Total visits coded as emergency level IV","-1",,,"Severity Level IV Cases"
"2162","severity5_avg_charge","Average charge for emergency level V visits","-1",,,"Severity Level V Average Charge"
"2165","severity5_pct","Percentage of emergency level V visits","-1",,,"Severity Level V Percent"
"2168","severity5_total","Total visits coded as emergency level V","-1",,,"Severity Level V Cases"
"2171","shared_pat","Claim-level count of unique shared patients between rendering and an explicit referring physician.","-1",,,"Explicit Referral Shared Patients"
"2174","sl_address","Claim-level NPI address for the best choice for where a service was performed on the individual claim for a patient.","-1",,,"Implied Service Location Address"
"2177","sl_city","Claim-level city and state of the NPI address for the best choice for where a service was performed on the individual claim for a patient.","-1",,,"Implied Service Location City State"
"2180","sl_code","Claim-level  NPI number for the best choice for where a service was performed on the individual claim for a patient.","-1",,,"Implied Service Location NPI"
"2183","sl_county","Claim-level county of the NPI address for the best choice for where a service was performed on the individual claim for a patient.","-1",,,"Implied Service Location County "
"2186","sl_county_code"," NPI Registry reference; Usage: for selecting claims based on the city and state associated with the billing organization NPI registry information","-1",,,"Implied Service Location County Code"
"2189","sl_dba_name","Claim-level doing business as name associated with the implied service location.","-1",,,"Implied Service Location DBA Name"
"2192","sl_im_specialty_rollup","Claim-level specialty/taxonomy associated with the best choice for where a service was performed on the individual claim for a patient. This is a proprietary roll up of the taxonomy types.","-1",,,"Implied Service Location IM Specialty Rollup"
"2195","sl_lat","Claim-level latitude of the NPI address for the best choice for where a service was performed on the individual claim for a patient.","-1",,,"Implied Service Location Latitude"
"2198","sl_long","Claim-level longitude of the NPI address for the best choice for where a service was performed on the individual claim for a patient.","-1",,,"Implied Service Location Longitude"
"2201","sl_name","Claim-level name from the NPI Registry for the best choice for where a service was performed on the individual claim for a patient.","-1",,,"Implied Service Location"
"2204","sl_npi_spec_grp_code","Claim-level NPI specialty group associated with the best choice for where a service was performed on the individual claim for a patient.","-1",,,"Implied Service Location NPI Specialty Group"
"2207","sl_npi_spec_grp_name","Claim-level NPI specialty group associated with the best choice for where a service was performed on the individual claim for a patient.","-1",,,"Implied Service Location NPI Specialty Group"
"2210","sl_npi_type","Claim-level entity type associated with the best choice for where a service was performed on the individual claim for a patient. Entity Type (Type 1= Individual; Type 2= Organization).","-1",,,"Implied Service Location Entity Type"
"2213","sl_npi_type_code","Claim-level entity type associated with the best choice for where a service was performed on the individual claim for a patient. Entity Type (Type 1= Individual; Type 2= Organization).","-1",,,"Implied Service Location Entity Type"
"2216","sl_state","Claim-level state of the NPI address for the best choice for where a service was performed on the individual claim for a patient.","-1",,,"Implied Service Location State"
"2219","sl_taxonomy_cat","Claim-level NPI taxonomy for the best choice for where a service was performed on the individual claim for a patient.","-1",,,"Implied Service Location Taxonomy"
"2222","sl_taxonomy_cat_code","Claim-level NPI taxonomy for the best choice for where a service was performed on the individual claim for a patient.","-1",,,"Implied Service Location Taxonomy"
"2225","sl_zip_code","Claim-level zip code of the NPI address for the best choice for where a service was performed on the individual claim for a patient.","-1",,,"Implied Service Location Zip"
"2228","soi_index","A measure of change in Severity of Illness where the average index is 1.00 and the weight is based on APR-DRGs in the report.","-1",,,"SOI Index"
"2231","soi_maj_ext","A measure of change in Severity of Illness for cases categorized as major (3) and extreme (4) where the average index is 1.00, as compared to the total number of cases for the row.","-1",,,"SOI Maj & Ext"
"2234","soi_min_mod","A measure of change in Severity of Illness for cases categorized as minor (1) and moderate (3) where the average index is 1.00, as compared to the total number of cases for the row.","-1",,,"SOI Min & Mod"
"2237","st_payor_name","The payor group associated with a discharge case.","-1",,,"Payor"
"2240","state_code","Claim-level state associated with the patient origin on a claim.","-1",,,"Patient State"
"2243","sum_period_case_one_twelve","Sum cases for twelve periods","-1",,,"Total Cases"
"2246","sum_period_charge_one_twelve","Sum charges for twelve periods","-1",,,"Total Charges"
"2249","sum_period_days_one_twelve","Sum days for twelve periods","-1",,,"Total Days"
"2252","sum_period_procd_one_twelve","Sum procedures for twelve periods","-1",,,"Total Procedures"
"2255","svc_loc_addr1"," NPI Registry reference; Usage: for selecting claims based on the geocoded longitude associated with the Provider Facility's NPI registry information","-1",,,"Place of Servcie Address"
"2258","svc_loc_city"," NPI Registry reference; Usage: for selecting claims based on the geocoded longitude associated with the Provider Facility's NPI registry information","-1",,,"Place of Service City"
"2261","svc_loc_orgname"," NPI Registry reference; Usage: for selecting claims based on the geocoded longitude associated with the Provider Facility's NPI registry information","-1",,,"Place of Service"
"2264","svc_loc_state"," NPI Registry reference; Usage: for selecting claims based on the geocoded longitude associated with the Provider Facility's NPI registry information","-1",,,"Place of Service State"
"2267","svc_loc_zip"," Claims data; Usage: for selecting claims based on the zip code where services were rendered, when available (not all claims include Place of Service information)","-1",,,"Place of Service  Zip"
"2270","transfer_from_hospital_address","The address of the facility where a discharge case was transferred from (CMS Only)","-1",,,"Transfer From Facility Address"
"2273","transfer_from_hospital_cbsa","The CBSA associated with the address of the facilty where a discharge case was transferred from (CMS Only)","-1",,,"Transfer From Facility CBSA"
"2276","transfer_from_hospital_city","The city associated with the address of the facility where a discharge case was transferred from (CMS Only)","-1",,,"Transfer From Facility City"
"2279","transfer_from_hospital_county","The county associated with the address of the facility where a discharge case was transferred from (CMS Only)","-1",,,"Transfer From Facility County"
"2282","transfer_from_hospital_name","The name of the facility where a discharge case was transferred from (CMS Only)","-1",,,"Transfer From Facility"
"2285","transfer_from_hospital_state","The state associated with the address of the facility where a discharge case was transferred from (CMS Only)","-1",,,"Transfer From Facility State"
"2288","transfer_from_hospital_system","The name of the facility system where a discharge case was transferred from (CMS Only)","-1",,,"Transfer From Facility System"
"2291","transfer_from_hospital_type","The type of facility where a discharge case was transferred from (CMS Only)","-1",,,"Transfer From Facility Type"
"2294","transfer_from_hospital_zip","The zip code associated with the address of the facility where a discharge case was transferred from (CMS Only)","-1",,,"Transfer From Facility ZIP Code"
"2297","transfer_to_hospital_address","The address of the facility where a discharge case was transferred to (CMS Only)","-1",,,"Transfer To Facility Address"
"2300","transfer_to_hospital_cbsa","The CBSA associated with the address of the facility where a discharge case was transferred to (CMS Only)","-1",,,"Transfer To Facility CBSA"
"2303","transfer_to_hospital_city","The city associated with the address of the facility where a discharge case was transferred to (CMS Only)","-1",,,"Transfer To Facility City"
"2306","transfer_to_hospital_county","The county associated with the address of the facility where a discharge case was transferred to (CMS Only)","-1",,,"Transfer To Facility County"
"2309","transfer_to_hospital_name","The name of the facility where a discharge case was transferred to (CMS Only)","-1",,,"Transfer To Facility"
"2312","transfer_to_hospital_state","The state associated with the address of the facility where a discharge case was transferred to (CMS Only)","-1",,,"Transfer To Facility State"
"2315","transfer_to_hospital_system","The name of the facility system where a discharge case was transferred to (CMS Only)","-1",,,"Transfer To Facility System"
"2318","transfer_to_hospital_type","The type of facility where a discharge case was transferred to (CMS Only)","-1",,,"Transfer To Facility Type"
"2321","transfer_to_hospital_zip","The zip code associated with the address of the facility where a discharge case was transferred to (CMS Only)","-1",,,"Transfer To Facility ZIP Code"
"2324","twelve_period_case_eight","Eighth period on case trended report","-1",,,"(Period 8) Cases"
"2327","twelve_period_case_eleven","Eleventh period on case trended report","-1",,,"(Period 11) Cases"
"2330","twelve_period_case_five","Fifth period on case trended report","-1",,,"(Period 5) Cases"
"2333","twelve_period_case_four","Fourth period on case trended report","-1",,,"(Period 4) Cases"
"2336","twelve_period_case_nine","Nineth period on case trended report","-1",,,"(Period 9) Cases"
"2339","twelve_period_case_one","First period on case trended report","-1",,,"(Period 1) Cases"
"2342","twelve_period_case_seven","Seventh period on case trended report","-1",,,"(Period 7) Cases"
"2345","twelve_period_case_six","Sixth period on case trended report","-1",,,"(Period 6) Cases"
"2348","twelve_period_case_ten","Tenth period on case trended report","-1",,,"(Period 10) Cases"
"2351","twelve_period_case_three","Second period on case trended report","-1",,,"(Period 3) Cases"
"2354","twelve_period_case_twelve","Twelveth period on case trended report","-1",,,"(Period 12) Cases"
"2357","twelve_period_case_two","Third period on case trended report","-1",,,"(Period 2) Cases"
"2360","twelve_period_charge_eight","Eighth period on charge trended report","-1",,,"(Period 8) Charges"
"2363","twelve_period_charge_eleven","Eleventh period on charge trended report","-1",,,"(Period 11) Charges"
"2366","twelve_period_charge_five","Fifth period on charge trended report","-1",,,"(Period 5) Charges"
"2369","twelve_period_charge_four","Fourth period on charge trended report","-1",,,"(Period 4) Charges"
"2372","twelve_period_charge_nine","Nineth period on charge trended report","-1",,,"(Period 9) Charges"
"2375","twelve_period_charge_one","First period on charge trended report","-1",,,"(Period 1) Charges"
"2378","twelve_period_charge_seven","Seventh period on charge trended report","-1",,,"(Period 7) Charges"
"2381","twelve_period_charge_six","Sixth two period on charge trended report","-1",,,"(Period 6) Charges"
"2384","twelve_period_charge_ten","Tenth period on charge trended report","-1",,,"(Period 10) Charges"
"2387","twelve_period_charge_three","Third period on charge trended report","-1",,,"(Period 3) Charges"
"2390","twelve_period_charge_twelve","Twelveth two period on charge trended report","-1",,,"(Period 12) Charges"
"2393","twelve_period_charge_two","Second period on charge trended report","-1",,,"(Period 2) Charges"
"2396","twelve_period_days_eight","Eighth period on days trended report","-1",,,"(Period 8) Days"
"2399","twelve_period_days_eleven","Eleventh period on days trended report","-1",,,"(Period 11) Days"
"2402","twelve_period_days_five","Fifth period on days trended report","-1",,,"(Period 5) Days"
"2405","twelve_period_days_four","Fourth period on days trended report","-1",,,"(Period 4) Days"
"2408","twelve_period_days_nine","Nineth period on days trended report","-1",,,"(Period 9) Days"
"2411","twelve_period_days_one","First period on days trended report","-1",,,"(Period 1) Days"
"2414","twelve_period_days_seven","Seventh period on days trended report","-1",,,"(Period 7) Days"
"2417","twelve_period_days_six","Sixth period on days trended report","-1",,,"(Period 6) Days"
"2420","twelve_period_days_ten","Tenth period on days trended report","-1",,,"(Period 10) Days"
"2423","twelve_period_days_three","Second period on days trended report","-1",,,"(Period 3) Days"
"2426","twelve_period_days_twelve","Twelveth period on days trended report","-1",,,"(Period 12) Days"
"2429","twelve_period_days_two","Third period on days trended report","-1",,,"(Period 2) Days"
"2432","twelve_period_procd_eight","Eighth period on procedures trended report","-1",,,"(Period 8) Procedures"
"2435","twelve_period_procd_eleven","Eleventh period on procedures trended report","-1",,,"(Period 11) Procedures"
"2438","twelve_period_procd_five","Fifth period on procedures trended report","-1",,,"(Period 5) Procedures"
"2441","twelve_period_procd_four","Fourth period on procedures trended report","-1",,,"(Period 4) Procedures"
"2444","twelve_period_procd_nine","Nineth period on procedures trended report","-1",,,"(Period 9) Procedures"
"2447","twelve_period_procd_one","First period on procedures trended report","-1",,,"(Period 1) Procedures"
"2450","twelve_period_procd_seven","Seventh period on procedures trended report","-1",,,"(Period 7) Procedures"
"2453","twelve_period_procd_six","Sixth period on procedures trended report","-1",,,"(Period 6) Procedures"
"2456","twelve_period_procd_ten","Tenth period on procedures trended report","-1",,,"(Period 10) Procedures"
"2459","twelve_period_procd_three","Second period on procedures trended report","-1",,,"(Period 3) Procedures"
"2462","twelve_period_procd_twelve","Twelveth period on procedures trended report","-1",,,"(Period 12) Procedures"
"2465","twelve_period_procd_two","Third period on procedures trended report","-1",,,"(Period 2) Procedures"
"2468","vaginal_birth_csection_count","Vaginal Birth After Cesarean Sction","-1",,,"Vaginal Birth After Cesarean Section"
"2471","vaginal_birth_primary","First Birth As Vaginal Birth","-1",,,"Primary Vaginal Birth"
"2474","vaginal_birth_total","Vaginal Birth Total","-1",,,"Vaginal Birth Total"
"2477","vbac_pct","Vaginal Birth After C Section Percent ","-1",,,"Vaginal Birth After Cesarean Section Percent "
"2480","visits_cases_pct_total","Visits added to cases.","-1",,,"Cases Plus Cases Percent Total"
"2483","vol_case_three_minus_two","Annual Period third period minus second period","-1",,,"Change Period 3-2"
"2486","vol_case_three_percent_two","The percent change in volume to Two","-1",,,"Percent Change Period 3-2"
"2489","vol_case_two_minus_one","Annual Period second period minus first period","-1",,,"Change Period 2-1"
"2492","vol_case_two_percent_one","The percent change in volume to One","-1",,,"Percent Change Period 2-1"
"2495","vol_charge_three_minus_two","Annual Period three minus period two","-1",,,"Change Period 3-2"
"2498","vol_charge_three_percent_two","The percent change in charges to Two","-1",,,"Percent Change Period 3-2"
"2501","vol_charge_two_minus_one","Annual Period two minus period one","-1",,,"Change Period 2-1"
"2504","vol_charge_two_percent_one","The percent change in charges to One","-1",,,"Percent Change Period 2-1"
"2507","vol_days_three_minus_two","Annual Period third period minus second period","-1",,,"Change Period 3-2"
"2510","vol_days_three_percent_two","The percent change in days to Two","-1",,,"Percent Change Period 3-2"
"2513","vol_days_two_minus_one","Annual Period second period minus first period","-1",,,"Change Period 2-1"
"2516","vol_days_two_percent_one","The percent change in days to One","-1",,,"Percent Change Period 2-1"
"2519","vol_procd_three_minus_two","Annual Period third period minus second period","-1",,,"Change Period 3-2"
"2522","vol_procd_three_percent_two","The percent change in volume to Two","-1",,,"Percent Change Period 3-2"
"2525","vol_procd_two_minus_one","Annual Period second period minus first period","-1",,,"Change Period 2-1"
"2528","vol_procd_two_percent_one","The percent change in volume to One","-1",,,"Percent Change Period 2-1"
"2531","vol_qrter_case_three_minus_two","Quarter Period third period minus second period","-1",,,"Change Period 3-2"
"2534","vol_qrter_case_three_percent_two","The percent change in qrter case to Two","-1",,,"Percent Change Period 3-2"
"2537","vol_qrter_case_two_minus_one","Quarter Period second minus first period","-1",,,"Change Period 2-1"
"2540","vol_qrter_case_two_percent_one","The percent change in qrter case to One","-1",,,"Percent Change Period 2-1"
"2543","vol_qrter_charge_three_minus_two","Quarter Period three minus period two","-1",,,"Change Period 3-2"
"2546","vol_qrter_charge_three_percent_two","The percent change in qrter charge to Two","-1",,,"Percent Change Period 3-2"
"2549","vol_qrter_charge_two_minus_one","Quarter Period two minus period one","-1",,,"Change Period 2-1"
"2552","vol_qrter_charge_two_percent_one","The percent change in qrter charge to One","-1",,,"Percent Change Period 2-1"
"2555","vol_qrter_days_three_minus_two","Quarter Period third period minus first period","-1",,,"Change Period 3-2"
"2558","vol_qrter_days_three_percent_two","The percent change in qrter days to Two","-1",,,"Percent Change Period 3-2"
"2561","vol_qrter_days_two_minus_one","Quarter Period second period minus first period","-1",,,"Change Period 2-1"
"2564","vol_qrter_days_two_percent_one","The percent change in qrter days to One","-1",,,"Percent Change Period 2-1"
"2567","vol_qrter_procd_three_minus_two","Quarter Period third period minus second period","-1",,,"Change Period 3-2"
"2570","vol_qrter_procd_three_percent_two","The percent change in volume to Two","-1",,,"Percent Change Period 3-2"
"2573","vol_qrter_procd_two_minus_one","Quarter Period second minus first period","-1",,,"Change Period 2-1"
"2576","vol_qrter_procd_two_percent_one","The percent change in volume to One","-1",,,"Percent Change Period 2-1"
"2579","vol_qrter_visit_three_minus_two","Quarter Period third period minus second period","-1",,,"Change Period 3-2"
"2582","vol_qrter_visit_three_percent_two","The percent change in volume to Two","-1",,,"Percent Change Period 3-2"
"2585","vol_qrter_visit_two_minus_one","Quarter Period second period minus first period","-1",,,"Change Period 2-1"
"2588","vol_qrter_visit_two_percent_one","The percent change in volume to One","-1",,,"Percent Change Period 2-1"
"2591","vol_semi_case_three_minus_two","Semi Period third period minus first period","-1",,,"Change Period 3-2"
"2594","vol_semi_case_three_percent_two","The percent change in semi case to Two","-1",,,"Percent Change Period 3-2"
"2597","vol_semi_case_two_minus_one","Semi Period second period minus first period","-1",,,"Change Period 2-1"
"2600","vol_semi_case_two_percent_one","The percent change in semi case to One","-1",,,"Percent Change Period 2-1"
"2603","vol_semi_charge_three_minus_two","Semi Period three minus period two","-1",,,"Change Period 3-2"
"2606","vol_semi_charge_three_percent_two","The percent change in semi charge to Two","-1",,,"Percent Change Period 3-2"
"2609","vol_semi_charge_two_minus_one","Semi Period two minus period one","-1",,,"Change Period 2-1"
"2612","vol_semi_charge_two_percent_one","The percent change in semi charge to One","-1",,,"Percent Change Period 2-1"
"2615","vol_semi_days_three_minus_two","Semi Period third period minus second period","-1",,,"Change Period 3-2"
"2618","vol_semi_days_three_percent_two","The percent change in semi days to Two","-1",,,"Percent Change Period 3-2"
"2621","vol_semi_days_two_minus_one","Semi Period second period  minus first period","-1",,,"Change Period 2-1"
"2624","vol_semi_days_two_percent_one","The percent change in semi days to One","-1",,,"Percent Change Period 2-1"
"2627","vol_semi_procd_three_minus_two","Semi Period third period minus second period","-1",,,"Change Period 3-2"
"2630","vol_semi_procd_three_percent_two","The percent change in volume to Two","-1",,,"Percent Change Period 3-2"
"2633","vol_semi_procd_two_minus_one","Semi Period second period minus first period","-1",,,"Change Period 2-1"
"2636","vol_semi_procd_two_percent_one","The percent change in volume to One","-1",,,"Percent Change Period 2-1"
"2639","vol_semi_visit_three_minus_two","Semi Period third period minus second period","-1",,,"Change Period 3-2"
"2642","vol_semi_visit_three_percent_two","The percent change in volume to Two","-1",,,"Percent Change Period 3-2"
"2645","vol_semi_visit_two_minus_one","Semi Period second period minus first period","-1",,,"Change Period 2-1"
"2648","vol_semi_visit_two_percent_one","The percent change in volume to One","-1",,,"Percent Change Period 2-1"
"2651","vol_visit_three_minus_two","Annual Period third period minus second period","-1",,,"Change Period 3-2"
"2654","vol_visit_three_percent_two","The percent change in volume to Two","-1",,,"Percent Change Period 3-2"
"2657","vol_visit_two_minus_one","Annual Period second period minus first period","-1",,,"Change Period 2-1"
"2660","vol_visit_two_percent_one","The percent change in volume to One","-1",,,"Percent Change Period 2-1"
"2663","work_procd_code1","Encounter-level procedure code with the highest Work RVU associated with the encounter.","-1",,,"Primary Work Procedure Code"
"2666","work_procd_name1","Encounter-level procedure code with the highest Work RVU associated with the encounter.","-1",,,"Primary Work Procedure Description"
"2669","work_px_product_line_code1","Claim-level primary procedure product line code as defined by HCUP associated with the procedure on a claim with the highest total RVU.","-1",,,"Primary Procedure Product Line Code"
"2672","work_px_product_line_name1","Encounter-level procedure code with the highest Work RVU associated with the encounter.","-1",,,"Primary Work Procedure Product Line"
"2675","work_px_product_line_sub_name1","Encounter-level procedure code with the highest Work RVU associated with the encounter.","-1",,,"Primary Work Procedure Product Subline"
"2678","year","Groups encounters or claims based on the year associated with the service date provided on the claim form where a unique patient is counted once per year.","-1",,,"Period Year"
"2681","yoy","The volume trend seen year over year for a specific date range","-1",,,"Year over Year Trending"
"2684","zip_code","5-digit zip code of the patient origin on a claim.","-1",,,"Zip Code"
"2687","zip3_code","Claim-level 3-digit zip code of the patient origin on a claim.","-1",,,"Patient Zip 3 Code"
"2690","zip3_name","3-digit zip code of the patient origin on a claim.","-1",,,"Patient Zip 3 Code"
"3071","year","Discharge year  associated with an inpatient case, outpatient or emergency visit (format YYYY)","1",,,
"3074","quarter","Discharge quarter associated with an inpatient case, outpatient or emergency visit (ex 4= 4th Quarter)","1",,,"Period Quarter"
"3077","quarter","Discharge quarter associated with an inpatient case, outpatient or emergency visit (ex 4= 4th Quarter)","2",,,"Period Quarter"
"3080","quarter","Discharge quarter associated with an inpatient case, outpatient or emergency visit (ex 4= 4th Quarter)","4",,,"Period Quarter"
"3083","like_px_product_line_sub_code","Discharge procedure product sublines that match selected product sublines regardless of position on discharge (multiple procedures per discharge). As defined by HCUP.","1",,,"Procedure Product Subline Detail"
"3086","like_px_product_line_code","Discharge procedure product lines that match selected product lines regardless of position on discharge (multiple procedures per discharge). As defined by HCUP.","1",,,"Procedure Product Line Detail"
"3089","procd_name","Discharge procedure names that match selected names regardless of position on discharge (multiple procedures per discharge).","1",,,"Procedure Detail"
"3092","like_dx_product_line_sub_code1","Discharge primary diagnosis product subline as defined by HCUP (defined on discharge form).","1",,,
"3095","like_diagnosis_code","Discharge primary diagnosis code (defined on discharge form).","1",,,"Diagnosis Code Detail"
"3098","like_diagnosis_code1","Discharge primary diagnosis name (defined on discharge form).","1",,,
"3104","like_diagnosis_code","Discharge diagnosis codes that match selected codes regardless of position on discharge (multiple procedures per discharge).","1",,,"Diagnosis Code Detail"
"3107","like_px_product_line_sub_code","Discharge procedure product sublines that match selected product sublines regardless of position on discharge (multiple procedures per discharge). As defined by HCUP.","2",,,"Procedure Product Subline Detail"
"3110","like_px_product_line_code","Discharge procedure product lines that match selected product lines regardless of position on discharge (multiple procedures per discharge). As defined by HCUP.","2",,,"Procedure Product Line Detail"
"3113","procd_name","Discharge procedure names that match selected names regardless of position on discharge (multiple procedures per discharge).","2",,,"Procedure Detail"
"3116","like_dx_product_line_sub_code1","Discharge primary diagnosis product subline as defined by HCUP (defined on discharge form).","2",,,
"3119","like_diagnosis_code","Discharge primary diagnosis code (defined on discharge form).","2",,,"Diagnosis Code Detail"
"3122","like_diagnosis_code1","Discharge primary diagnosis name (defined on discharge form).","2",,,
"3125","like_diagnosis_code","Discharge diagnosis codes that match selected codes regardless of position on discharge (multiple procedures per discharge).","2",,,"Diagnosis Code Detail"
"3128","like_px_product_line_sub_code","Discharge procedure product sublines that match selected product sublines regardless of position on discharge (multiple procedures per discharge). As defined by HCUP.","4",,,"Procedure Product Subline Detail"
"3131","like_px_product_line_code","Discharge procedure product lines that match selected product lines regardless of position on discharge (multiple procedures per discharge). As defined by HCUP.","4",,,"Procedure Product Line Detail"
"3134","procd_name","Discharge procedure names that match selected names regardless of position on discharge (multiple procedures per discharge).","4",,,"Procedure Detail"
"3137","like_dx_product_line_sub_code1","Discharge primary diagnosis product subline as defined by HCUP (defined on discharge form).","4",,,
"3140","like_diagnosis_code","Discharge primary diagnosis code (defined on discharge form).","4",,,"Diagnosis Code Detail"
"3143","like_diagnosis_code1","Discharge primary diagnosis name (defined on discharge form).","4",,,
"3146","like_diagnosis_code","Discharge diagnosis codes that match selected codes regardless of position on discharge (multiple procedures per discharge).","4",,,"Diagnosis Code Detail"
"3149","admission_type_name","The facility admission type for a discharge case","1",,,"Admission Type"
"3152","admission_type_name","The facility admission type for a discharge case","2",,,"Admission Type"
"3155","age_code","Age of patient on a discharge case","1",,,"Age"
"3158","age_code","Age of patient on a discharge case","2",,,"Age"
"3161","age_code","Age of patient on a discharge case","4",,,"Age"
"3164","age_grp_code","Age group of patient in discharge","1",,,"Age Group Code"
"3167","age_grp_code","Age group of patient in discharge","2",,,"Age Group Code"
"3170","age_grp_code","Age group of patient in discharge","4",,,"Age Group Code"
"3173","age_grp_name","Age-group of patient on a discharge case. Age-groups are consistent with ESRI demographic age grouping.","1",,,"Age Group"
"3176","age_grp_name","Age-group of patient on a discharge case. Age-groups are consistent with ESRI demographic age grouping.","2",,,"Age Group"
"3179","age_grp_name","Age-group of patient on a discharge case. Age-groups are consistent with ESRI demographic age grouping.","4",,,"Age Group"
"3182","age_zip_pop","Age group of patient in discharge","1",,,"Age Group Zip Population"
"3185","age_zip_pop","Age group of patient in discharge","2",,,"Age Group Zip Population"
"3188","age_zip_pop","Age group of patient in discharge","4",,,"Age Group Zip Population"
"3191","annual_case_one","First four periods on cases trended report","1",,,"Annual Cases (1st Four Periods)"
"3194","annual_case_one","First four periods on cases trended report","2",,,"Annual Cases (1st Four Periods)"
"3197","annual_case_one","First four periods on cases trended report","4",,,"Annual Cases (1st Four Periods)"
"3200","annual_case_one_pct_grp1","Provides a subtotal Percentage of first column returned.","1",,,"Annual Percent {Group1} (1st Four Periods) Cases"
"3203","annual_case_one_pct_grp1","Provides a subtotal Percentage of first column returned.","2",,,"Annual Percent {Group1} (1st Four Periods) Cases"
"3206","annual_case_one_pct_grp1","Provides a subtotal Percentage of first column returned.","4",,,"Annual Percent {Group1} (1st Four Periods) Cases"
"3209","annual_case_ratio_one","First four periods on cases Percent trended report","1",,,"Annual Cases Percent (1st Four Periods)"
"3212","annual_case_ratio_one","First four periods on cases Percent trended report","2",,,"Annual Cases Percent (1st Four Periods)"
"3215","annual_case_ratio_one","First four periods on cases Percent trended report","4",,,"Annual Cases Percent (1st Four Periods)"
"3218","annual_case_ratio_three","Third four periods on cases percent trended report","1",,,"Annual Cases Percent (3rd Four Periods)"
"3221","annual_case_ratio_three","Third four periods on cases percent trended report","2",,,"Annual Cases Percent (3rd Four Periods)"
"3224","annual_case_ratio_three","Third four periods on cases percent trended report","4",,,"Annual Cases Percent (3rd Four Periods)"
"3227","annual_case_ratio_two","Second four periods on cases percent trended report","1",,,"Annual Cases Percent (2nd Four Periods)"
"3230","annual_case_ratio_two","Second four periods on cases percent trended report","2",,,"Annual Cases Percent (2nd Four Periods)"
"3233","annual_case_ratio_two","Second four periods on cases percent trended report","4",,,"Annual Cases Percent (2nd Four Periods)"
"3236","annual_case_three","Third four periods on cases trended report","1",,,"Annual Cases (3rd Four Periods)"
"3239","annual_case_three","Third four periods on cases trended report","2",,,"Annual Cases (3rd Four Periods)"
"3242","annual_case_three","Third four periods on cases trended report","4",,,"Annual Cases (3rd Four Periods)"
"3245","annual_case_three_pct_grp1","Provides a subtotal Percentage of third column returned.","1",,,"Annual Percent {Group1} |(3rd Four Periods) Cases"
"3248","annual_case_three_pct_grp1","Provides a subtotal Percentage of third column returned.","2",,,"Annual Percent {Group1} |(3rd Four Periods) Cases"
"3251","annual_case_three_pct_grp1","Provides a subtotal Percentage of third column returned.","4",,,"Annual Percent {Group1} |(3rd Four Periods) Cases"
"3254","annual_case_two","Second four periods on cases trended report","1",,,"Annual Cases (2nd Four Periods)"
"3257","annual_case_two","Second four periods on cases trended report","2",,,"Annual Cases (2nd Four Periods)"
"3260","annual_case_two","Second four periods on cases trended report","4",,,"Annual Cases (2nd Four Periods)"
"3263","annual_case_two_pct_grp1","Provides a subtotal Percentage of second column returned.","1",,,"Annual Percent {Group1} (2nd Four Periods) Cases"
"3266","annual_case_two_pct_grp1","Provides a subtotal Percentage of second column returned.","2",,,"Annual Percent {Group1} (2nd Four Periods) Cases"
"3269","annual_case_two_pct_grp1","Provides a subtotal Percentage of second column returned.","4",,,"Annual Percent {Group1} (2nd Four Periods) Cases"
"3272","annual_charge_one","First four periods on charges trended report","1",,,"Annual Charges (1st Four Periods)"
"3275","annual_charge_one","First four periods on charges trended report","2",,,"Annual Charges (1st Four Periods)"
"3278","annual_charge_one","First four periods on charges trended report","4",,,"Annual Charges (1st Four Periods)"
"3281","annual_charge_one_pct_grp1","Provides a subtotal Percentage of first column returned.","1",,,"Annual Percent {Group1} (1st Four Periods) Charges"
"3284","annual_charge_one_pct_grp1","Provides a subtotal Percentage of first column returned.","2",,,"Annual Percent {Group1} (1st Four Periods) Charges"
"3287","annual_charge_one_pct_grp1","Provides a subtotal Percentage of first column returned.","4",,,"Annual Percent {Group1} (1st Four Periods) Charges"
"3290","annual_charge_ratio_one","First four periods on charges percent trended report","1",,,"Annual Charges Percent (1st Four Periods)"
"3293","annual_charge_ratio_one","First four periods on charges percent trended report","2",,,"Annual Charges Percent (1st Four Periods)"
"3296","annual_charge_ratio_one","First four periods on charges percent trended report","4",,,"Annual Charges Percent (1st Four Periods)"
"3299","annual_charge_ratio_three","Third four periods on charges percent trended report","1",,,"Annual Charges Percent |(3rd Four Periods)"
"3302","annual_charge_ratio_three","Third four periods on charges percent trended report","2",,,"Annual Charges Percent |(3rd Four Periods)"
"3305","annual_charge_ratio_three","Third four periods on charges percent trended report","4",,,"Annual Charges Percent |(3rd Four Periods)"
"3308","annual_charge_ratio_two","Second four periods on charges percent trended report","1",,,"Annual Charges Percent (2nd Four Periods)"
"3311","annual_charge_ratio_two","Second four periods on charges percent trended report","2",,,"Annual Charges Percent (2nd Four Periods)"
"3314","annual_charge_ratio_two","Second four periods on charges percent trended report","4",,,"Annual Charges Percent (2nd Four Periods)"
"3317","annual_charge_three","Third four periods on charges trended report","1",,,"Annual Charges |(3rd Four Periods)"
"3320","annual_charge_three","Third four periods on charges trended report","2",,,"Annual Charges |(3rd Four Periods)"
"3323","annual_charge_three","Third four periods on charges trended report","4",,,"Annual Charges |(3rd Four Periods)"
"3326","annual_charge_three_pct_grp1","Provides a subtotal Percentage of third column returned.","1",,,"Annual Percent {Group1} |(3rd Four Periods) Charges"
"3329","annual_charge_three_pct_grp1","Provides a subtotal Percentage of third column returned.","2",,,"Annual Percent {Group1} |(3rd Four Periods) Charges"
"3332","annual_charge_three_pct_grp1","Provides a subtotal Percentage of third column returned.","4",,,"Annual Percent {Group1} |(3rd Four Periods) Charges"
"3335","annual_charge_two","Second four periods on charges trended report","1",,,"Annual Charges (2nd Four Periods)"
"3338","annual_charge_two","Second four periods on charges trended report","2",,,"Annual Charges (2nd Four Periods)"
"3341","annual_charge_two","Second four periods on charges trended report","4",,,"Annual Charges (2nd Four Periods)"
"3344","annual_charge_two_pct_grp1","Provides a subtotal Percentage of second column returned.","1",,,"Annual Percent {Group1} (2nd Four Periods) Charges"
"3347","annual_charge_two_pct_grp1","Provides a subtotal Percentage of second column returned.","2",,,"Annual Percent {Group1} (2nd Four Periods) Charges"
"3350","annual_charge_two_pct_grp1","Provides a subtotal Percentage of second column returned.","4",,,"Annual Percent {Group1} (2nd Four Periods) Charges"
"3353","annual_procd_one","First four periods on cases trended report","2",,,"Annual Procedures (1st Four Periods)"
"3356","annual_procd_one","First four periods on cases trended report","4",,,"Annual Procedures (1st Four Periods)"
"3359","annual_procd_one_pct_grp1","Provides a subtotal Percentage of first column returned.","2",,,"Annual Percent {Group1} (1st Four Periods) Procedures"
"3362","annual_procd_one_pct_grp1","Provides a subtotal Percentage of first column returned.","4",,,"Annual Percent {Group1} (1st Four Periods) Procedures"
"3365","annual_procd_ratio_one","First four periods on cases Percent trended report","2",,,"Annual Procedures Percent (1st Four Periods)"
"3368","annual_procd_ratio_one","First four periods on cases Percent trended report","4",,,"Annual Procedures Percent (1st Four Periods)"
"3371","annual_procd_ratio_three","Third four periods on cases percent trended report","2",,,"Annual Procedures Percent |(3rd Four Periods)"
"3374","annual_procd_ratio_three","Third four periods on cases percent trended report","4",,,"Annual Procedures Percent |(3rd Four Periods)"
"3377","annual_procd_ratio_two","Second four periods on cases percent trended report","2",,,"Annual Procedures Percent (2nd Four Periods)"
"3380","annual_procd_ratio_two","Second four periods on cases percent trended report","4",,,"Annual Procedures Percent (2nd Four Periods)"
"3383","annual_procd_three","Third four periods on cases trended report","2",,,"Annual Procedures |(3rd Four Periods)"
"3386","annual_procd_three","Third four periods on cases trended report","4",,,"Annual Procedures |(3rd Four Periods)"
"3389","annual_procd_three_pct_grp1","Provides a subtotal Percentage of third column returned.","2",,,"Annual Percent {Group1} |(3rd Four Periods) Procedures"
"3392","annual_procd_three_pct_grp1","Provides a subtotal Percentage of third column returned.","4",,,"Annual Percent {Group1} |(3rd Four Periods) Procedures"
"3395","annual_procd_two","Second four periods on cases trended report","2",,,"Annual Procedures (2nd Four Periods)"
"3398","annual_procd_two","Second four periods on cases trended report","4",,,"Annual Procedures (2nd Four Periods)"
"3401","annual_procd_two_pct_grp1","Provides a subtotal Percentage of second column returned.","2",,,"Annual Percent {Group1} (2nd Four Periods) Procedures"
"3404","annual_procd_two_pct_grp1","Provides a subtotal Percentage of second column returned.","4",,,"Annual Percent {Group1} (2nd Four Periods) Procedures"
"3407","annual_visit_one","First four periods on cases trended report","2",,,"Annual Cases (1st Four Periods)"
"3410","annual_visit_one","First four periods on cases trended report","4",,,"Annual Cases (1st Four Periods)"
"3413","annual_visit_one_pct_grp1","Provides a subtotal Percentage of first column returned.","2",,,"Annual Percent {Group1} (1st Four Periods) Cases"
"3416","annual_visit_one_pct_grp1","Provides a subtotal Percentage of first column returned.","4",,,"Annual Percent {Group1} (1st Four Periods) Cases"
"3419","annual_visit_ratio_one","First four periods on cases Percent trended report","2",,,"Annual Cases Percent (1st Four Periods)"
"3422","annual_visit_ratio_one","First four periods on cases Percent trended report","4",,,"Annual Cases Percent (1st Four Periods)"
"3425","annual_visit_ratio_three","Third four periods on cases percent trended report","2",,,"Annual Cases Percent |(3rd Four Periods)"
"3428","annual_visit_ratio_three","Third four periods on cases percent trended report","4",,,"Annual Cases Percent |(3rd Four Periods)"
"3431","annual_visit_ratio_two","Second four periods on cases percent trended report","2",,,"Annual Cases Percent (2nd Four Periods)"
"3434","annual_visit_ratio_two","Second four periods on cases percent trended report","4",,,"Annual Cases Percent (2nd Four Periods)"
"3437","annual_visit_three","Third four periods on cases trended report","2",,,"Annual Cases |(3rd Four Periods)"
"3440","annual_visit_three","Third four periods on cases trended report","4",,,"Annual Cases |(3rd Four Periods)"
"3443","annual_visit_three_pct_grp1","Provides a subtotal Percentage of third column returned.","2",,,"Annual Percent {Group1} |(3rd Four Periods) Cases"
"3446","annual_visit_three_pct_grp1","Provides a subtotal Percentage of third column returned.","4",,,"Annual Percent {Group1} |(3rd Four Periods) Cases"
"3449","annual_visit_two","Second four periods on cases trended report","2",,,"Annual Cases (2nd Four Periods)"
"3452","annual_visit_two","Second four periods on cases trended report","4",,,"Annual Cases (2nd Four Periods)"
"3455","annual_visit_two_pct_grp1","Provides a subtotal Percentage of second column returned.","2",,,"Annual Percent {Group1} (2nd Four Periods) Cases"
"3458","annual_visit_two_pct_grp1","Provides a subtotal Percentage of second column returned.","4",,,"Annual Percent {Group1} (2nd Four Periods) Cases"
"3461","annualized_cases_cy","Projected annual cases for current year population","1",,,"Annualized Cases Current Year"
"3464","annualized_cases_cy","Projected annual cases for current year population","2",,,"Annualized Cases Current Year"
"3467","annualized_cases_cy5","Projected annual cases for 5-year population projection","1",,,"Annualized Cases Year +5"
"3470","annualized_cases_cy5","Projected annual cases for 5-year population projection","2",,,"Annualized Cases Year +5"
"3473","annualized_charges_cy","Projected annual charges for current year population","1",,,"Annualized Charges Current Year"
"3476","annualized_charges_cy","Projected annual charges for current year population","2",,,"Annualized Charges Current Year"
"3479","annualized_charges_cy5","Projected annual charges for 5-year population projection","1",,,"Annualized Charges Year +5"
"3482","annualized_charges_cy5","Projected annual charges for 5-year population projection","2",,,"Annualized Charges Year +5"
"3485","attd_degree_name","The type of degree held by the attending physician from the NPI registry","1",,,"Attending Physician Practioner Type"
"3488","attd_degree_name","The type of degree held by the attending physician from the NPI registry","2",,,"Attending Physician Practioner Type"
"3491","attd_group_prac_name","The CMS group practice associated with the attending physician on the discharge case","1",,,"Attending Physician CMS Group Practice"
"3494","attd_group_prac_name","The CMS group practice associated with the attending physician on the discharge case","2",,,"Attending Physician CMS Group Practice"
"3497","attd_npi_spec_grp_name","The NPI specialty of the attending physician on the discharge case","1",,,"Attending NPI Specialty"
"3500","attd_npi_spec_grp_name","The NPI specialty of the attending physician on the discharge case","2",,,"Attending NPI Specialty"
"3503","attd_physician_name","The name of the attending physician on the discharge case","1",,,"Attending Physician"
"3506","attd_physician_name","The name of the attending physician on the discharge case","2",,,"Attending Physician"
"3509","attd_specialty_grp_name","The Intellimed specialty assigned to the attending physician on the discharge case based on the most performed MS-DRG service line","1",,,"Attending IM Specialty"
"3512","attd_specialty_grp_name","The Intellimed specialty assigned to the attending physician on the discharge case based on the most performed MS-DRG service line","2",,,"Attending IM Specialty"
"3515","attd_zip_code","The zip code of the NPI address of the attending physician on the discharge case","1",,,"Attending Physician Zip Code"
"3518","attd_zip_code","The zip code of the NPI address of the attending physician on the discharge case","2",,,"Attending Physician Zip Code"
"3521","avg_age","Provides an average age per patients returned.","1",,,"Patient Average Age"
"3524","avg_age","Provides an average age per patients returned.","2",,,"Patient Average Age"
"3527","avg_age","Provides an average age per patients returned.","4",,,"Patient Average Age"
"3530","case_count","Number of hospital discharge cases","1",,,"Cases"
"3533","case_count","Number of hospital discharge cases","2",,,"Cases"
"3536","case_count","Number of hospital discharge cases","4",,,"Cases"
"3539","case_id","Group by the Case ID","1",,,"Case ID"
"3542","case_id","Group by the Case ID","2",,,"Case ID"
"3545","case_id","Group by the Case ID","4",,,"Case ID"
"3548","case_pct_grp1","Provides a subtotal Percentage of first grouping returned.","1",,,"Percent {Group1} Cases"
"3551","case_pct_grp1","Provides a subtotal Percentage of first grouping returned.","2",,,"Percent {Group1} Cases"
"3554","case_pct_grp1","Provides a subtotal Percentage of first grouping returned.","4",,,"Percent {Group1} Cases"
"3557","case_pct_procedures1","Provides a subtotal Percentage of first grouping returned on procedures","2",,,"Percent {Group1} Procedures"
"3560","case_pct_procedures1","Provides a subtotal Percentage of first grouping returned on procedures","4",,,"Percent {Group1} Procedures"
"3563","case_pct_total","Provides a percent of total cases returned.","1",,,"Percent Total Cases"
"3566","case_pct_total","Provides a percent of total cases returned.","2",,,"Percent Total Cases"
"3569","case_pct_total","Provides a percent of total cases returned.","4",,,"Percent Total Cases"
"3572","case_rate_per1000","Annual case rate per 1,000 population","1",,,"Annual Rate per 1,000 Cases"
"3575","case_rate_per1000","Annual case rate per 1,000 population","2",,,"Annual Rate per 1,000 Cases"
"3578","case_rate_per1000","Annual case rate per 1,000 population","4",,,"Annual Rate per 1,000 Cases"
"3581","cases_per_pat","Provides an average claim count per patient returned.","1",,,"Average Claims per Patient"
"3584","cases_per_pat","Provides an average claim count per patient returned.","2",,,"Average Claims per Patient"
"3587","cases_per_pat","Provides an average claim count per patient returned.","4",,,"Average Claims per Patient"
"3590","cause_error","Causes a report to throw an error","1",,,"Cause Error"
"3593","cause_error","Causes a report to throw an error","2",,,"Cause Error"
"3596","cause_error","Causes a report to throw an error","4",,,"Cause Error"
"3599","cause_error","Causes a report to throw an error","8",,,"Cause Error"
"3602","charges_index_msdrg","A measure of change in charges where the average index is 1.00 and the weight is based on MS-DRGs in report","1",,,"Charges Index (MS-DRG)"
"3605","charges_index_msdrg","A measure of change in charges where the average index is 1.00 and the weight is based on MS-DRGs in report","2",,,"Charges Index (MS-DRG)"
"3608","charges_index_msdrg","A measure of change in charges where the average index is 1.00 and the weight is based on MS-DRGs in report","4",,,"Charges Index (MS-DRG)"
"3611","charges_pct_grp1","Provides a subtotal Percentage of first grouping returned on charges","1",,,"Percent {Group1} Charges"
"3614","charges_pct_grp1","Provides a subtotal Percentage of first grouping returned on charges","2",,,"Percent {Group1} Charges"
"3617","charges_pct_grp1","Provides a subtotal Percentage of first grouping returned on charges","4",,,"Percent {Group1} Charges"
"3620","charges_pct_total","Provides a percent of total charges returned.","1",,,"Percent Total Charges"
"3623","charges_pct_total","Provides a percent of total charges returned.","2",,,"Percent Total Charges"
"3626","charges_pct_total","Provides a percent of total charges returned.","4",,,"Percent Total Charges"
"3629","charges_per_case","The average charges per discharge case","1",,,"Average Charge Per Case"
"3632","charges_per_case","The average charges per discharge case","2",,,"Average Charge Per Case"
"3635","charges_per_case","The average charges per discharge case","4",,,"Average Charge Per Case"
"3638","charges_per_casex","The average charges per discharge case","1",,,"Average Charge Per Case"
"3641","charges_per_casex","The average charges per discharge case","2",,,"Average Charge Per Case"
"3644","charges_per_casex","The average charges per discharge case","4",,,"Average Charge Per Case"
"3647","charges_per_procd","The average charges per procedure (based on total procedures in a report)","2",,,"Average Charge Per Procedure"
"3650","charges_per_procd","The average charges per procedure (based on total procedures in a report)","4",,,"Average Charge Per Procedure"
"3653","charges_rate_per1000","Annual charges rate per 1,000 population","1",,,"Annual Rate per 1,000 Charges"
"3656","charges_rate_per1000","Annual charges rate per 1,000 population","2",,,"Annual Rate per 1,000 Charges"
"3659","charges_total","Total charges associated with cases on report (charges are reflective of hospital charge masters not reimbursed values)","1",,,"Charges"
"3662","charges_total","Total charges associated with cases on report (charges are reflective of hospital charge masters not reimbursed values)","2",,,"Charges"
"3665","charges_total","Total charges associated with cases on report (charges are reflective of hospital charge masters not reimbursed values)","4",,,"Charges"
"3668","cume_case_pct_total","The cumulative percent of cases for report","1",,,"Cumulative Percent Total Cases"
"3671","cume_case_pct_total","The cumulative percent of cases for report","2",,,"Cumulative Percent Total Cases"
"3674","cume_case_pct_total","The cumulative percent of cases for report","4",,,"Cumulative Percent Total Cases"
"3677","cume_charges_pct_total","The cumulative percent of charges for report","1",,,"Cumulative Percent Total Charges"
"3680","cume_charges_pct_total","The cumulative percent of charges for report","2",,,"Cumulative Percent Total Charges"
"3683","cume_charges_pct_total","The cumulative percent of charges for report","4",,,"Cumulative Percent Total Charges"
"3686","diagnosis_code","Discharge diagnosis codes that match selected codes regardless of position on discharge (multiple procedures per discharge).","1",,,"Diagnosis Code Detail"
"3689","diagnosis_code","Discharge diagnosis codes that match selected codes regardless of position on discharge (multiple procedures per discharge).","2",,,"Diagnosis Code Detail"
"3692","diagnosis_code","Discharge diagnosis codes that match selected codes regardless of position on discharge (multiple procedures per discharge).","4",,,"Diagnosis Code Detail"
"3695","diagnosis_code","Discharge diagnosis codes that match selected codes regardless of position on discharge (multiple procedures per discharge).","8",,,"Diagnosis Code Detail"
"3698","diagnosis_code1","Discharge primary diagnosis code (defined on discharge form).","1",,,"Primary Diagnosis Code"
"3701","diagnosis_code1","Discharge primary diagnosis code (defined on discharge form).","2",,,"Primary Diagnosis Code"
"3704","diagnosis_code1","Discharge primary diagnosis code (defined on discharge form).","4",,,"Primary Diagnosis Code"
"3707","diagnosis_code1","Discharge primary diagnosis code (defined on discharge form).","8",,,"Primary Diagnosis Code"
"3710","diagnosis_long_code1","Claim-level primary diagnosis description (one diagnosis per claim).","1",,,"Primary Diagnosis Description"
"3713","diagnosis_long_code1","Claim-level primary diagnosis description (one diagnosis per claim).","2",,,"Primary Diagnosis Description"
"3716","diagnosis_long_code1","Claim-level primary diagnosis description (one diagnosis per claim).","4",,,"Primary Diagnosis Description"
"3719","diagnosis_long_code1","Claim-level primary diagnosis description (one diagnosis per claim).","8",,,"Primary Diagnosis Description"
"3722","diagnosis_name","Discharge diagnosis names that match selected names regardless of position on discharge (multiple procedures per discharge).","1",,,"Diagnosis Detail"
"3725","diagnosis_name","Discharge diagnosis names that match selected names regardless of position on discharge (multiple procedures per discharge).","2",,,"Diagnosis Detail"
"3728","diagnosis_name","Discharge diagnosis names that match selected names regardless of position on discharge (multiple procedures per discharge).","4",,,"Diagnosis Detail"
"3731","diagnosis_name","Discharge diagnosis names that match selected names regardless of position on discharge (multiple procedures per discharge).","8",,,"Diagnosis Detail"
"3734","diagnosis_name1","Discharge primary diagnosis name (defined on discharge form).","1",,,"Primary Diagnosis"
"3737","diagnosis_name1","Discharge primary diagnosis name (defined on discharge form).","2",,,"Primary Diagnosis"
"3740","diagnosis_name1","Discharge primary diagnosis name (defined on discharge form).","4",,,"Primary Diagnosis"
"3743","diagnosis_name1","Discharge primary diagnosis name (defined on discharge form).","8",,,"Primary Diagnosis"
"3746","discharge_status_name","The status in which a patient has been discharged from a hospital","1",,,"Discharge Status"
"3749","discharge_status_name","The status in which a patient has been discharged from a hospital","2",,,"Discharge Status"
"3752","discharge_status_name","The status in which a patient has been discharged from a hospital","4",,,"Discharge Status"
"3755","discharge_year","The year that an inpatient case was discharged","1",,,"Discharge Year"
"3758","discharge_year","The year that an inpatient case was discharged","2",,,"Discharge Year"
"3761","discharge_year","The year that an inpatient case was discharged","4",,,"Discharge Year"
"3764","discharge_zip","5-digit zip code of the patient origin on a claim.","1",,,"Patient Zip Code"
"3767","discharge_zip","5-digit zip code of the patient origin on a claim.","2",,,"Patient Zip Code"
"3770","discharge_zip","5-digit zip code of the patient origin on a claim.","4",,,"Patient Zip Code"
"3773","dx_long_description","Discharge diagnosis descriptions that match selected codes regardless of position on discharge (multiple procedures per discharge).","1",,,"Diagnosis Description Detail"
"3776","dx_long_description","Discharge diagnosis descriptions that match selected codes regardless of position on discharge (multiple procedures per discharge).","2",,,"Diagnosis Description Detail"
"3779","dx_long_description","Discharge diagnosis descriptions that match selected codes regardless of position on discharge (multiple procedures per discharge).","4",,,"Diagnosis Description Detail"
"3782","dx_long_description","Discharge diagnosis descriptions that match selected codes regardless of position on discharge (multiple procedures per discharge).","8",,,"Diagnosis Description Detail"
"3785","dx_long_description1","Discharge primary diagnosis description (defined on discharge form).","1",,,"Primary Diagnosis Description"
"3788","dx_long_description1","Discharge primary diagnosis description (defined on discharge form).","2",,,"Primary Diagnosis Description"
"3791","dx_long_description1","Discharge primary diagnosis description (defined on discharge form).","4",,,"Primary Diagnosis Description"
"3794","dx_long_description1","Discharge primary diagnosis description (defined on discharge form).","8",,,"Primary Diagnosis Description"
"3797","dx_product_line_name","Discharge diagnosis product lines that match selected product lines regardless of position on discharge (multiple procedures per discharge). As defined by HCUP.","1",,,"Diagnosis Product Line Detail"
"3800","dx_product_line_name","Discharge diagnosis product lines that match selected product lines regardless of position on discharge (multiple procedures per discharge). As defined by HCUP.","2",,,"Diagnosis Product Line Detail"
"3803","dx_product_line_name","Discharge diagnosis product lines that match selected product lines regardless of position on discharge (multiple procedures per discharge). As defined by HCUP.","4",,,"Diagnosis Product Line Detail"
"3806","dx_product_line_name","Discharge diagnosis product lines that match selected product lines regardless of position on discharge (multiple procedures per discharge). As defined by HCUP.","8",,,"Diagnosis Product Line Detail"
"3809","dx_product_line_name1","Discharge primary diagnosis product line as defined by HCUP (defined on discharge form).","1",,,"Primary Diagnosis Product Line"
"3812","dx_product_line_name1","Discharge primary diagnosis product line as defined by HCUP (defined on discharge form).","2",,,"Primary Diagnosis Product Line"
"3815","dx_product_line_name1","Discharge primary diagnosis product line as defined by HCUP (defined on discharge form).","4",,,"Primary Diagnosis Product Line"
"3818","dx_product_line_name1","Discharge primary diagnosis product line as defined by HCUP (defined on discharge form).","8",,,"Primary Diagnosis Product Line"
"3821","dx_product_line_sub_name","Discharge diagnosis product sublines that match selected product sublines regardless of position on discharge (multiple procedures per discharge). As defined by HCUP.","1",,,"Diagnosis Product Subline Detail"
"3824","dx_product_line_sub_name","Discharge diagnosis product sublines that match selected product sublines regardless of position on discharge (multiple procedures per discharge). As defined by HCUP.","2",,,"Diagnosis Product Subline Detail"
"3827","dx_product_line_sub_name","Discharge diagnosis product sublines that match selected product sublines regardless of position on discharge (multiple procedures per discharge). As defined by HCUP.","4",,,"Diagnosis Product Subline Detail"
"3830","dx_product_line_sub_name","Discharge diagnosis product sublines that match selected product sublines regardless of position on discharge (multiple procedures per discharge). As defined by HCUP.","8",,,"Diagnosis Product Subline Detail"
"3833","dx_product_line_sub_name1","Discharge primary diagnosis product subline as defined by HCUP (defined on discharge form).","1",,,"Primary Diagnosis Product Subline"
"3836","dx_product_line_sub_name1","Discharge primary diagnosis product subline as defined by HCUP (defined on discharge form).","2",,,"Primary Diagnosis Product Subline"
"3839","dx_product_line_sub_name1","Discharge primary diagnosis product subline as defined by HCUP (defined on discharge form).","4",,,"Primary Diagnosis Product Subline"
"3842","dx_product_line_sub_name1","Discharge primary diagnosis product subline as defined by HCUP (defined on discharge form).","8",,,"Primary Diagnosis Product Subline"
"3845","dx_subcategory_code"," CCSR","1",,,"All Subcategory Code"
"3848","dx_subcategory_code"," CCSR","2",,,"All Subcategory Code"
"3851","dx_subcategory_code"," CCSR","4",,,"All Subcategory Code"
"3854","dx_subcategory_code"," CCSR","8",,,"All Subcategory Code"
"3857","dx_subcategory_code1"," CCSR","1",,,"Primary DX Subcategory Code"
"3860","dx_subcategory_code1"," CCSR","2",,,"Primary DX Subcategory Code"
"3863","dx_subcategory_code1"," CCSR","4",,,"Primary DX Subcategory Code"
"3866","dx_subcategory_code1"," CCSR","8",,,"Primary DX Subcategory Code"
"3869","dx_subcategory_description"," CCSR","1",,,"All DX Subcategory"
"3872","dx_subcategory_description"," CCSR","2",,,"All DX Subcategory"
"3875","dx_subcategory_description"," CCSR","4",,,"All DX Subcategory"
"3878","dx_subcategory_description"," CCSR","8",,,"All DX Subcategory"
"3881","dx_subcategory_description1"," CCSR","1",,,"Primary DX Subcategory"
"3884","dx_subcategory_description1"," CCSR","2",,,"Primary DX Subcategory"
"3887","dx_subcategory_description1"," CCSR","4",,,"Primary DX Subcategory"
"3890","dx_subcategory_description1"," CCSR","8",,,"Primary DX Subcategory"
"3893","ethnicity_name","The ethnicity listed on an inpatient discharge case (not provided for all datasets)","1",,,"Ethnicity"
"3896","ethnicity_name","The ethnicity listed on an inpatient discharge case (not provided for all datasets)","2",,,"Ethnicity"
"3899","female_total","Percentage of female discharges","1",,,"Female Total"
"3902","female_total","Percentage of female discharges","2",,,"Female Total"
"3905","female_total","Percentage of female discharges","4",,,"Female Total"
"3908","gender","Claim-level gender of a patient on a claim","1",,,"Gender"
"3911","gender","Claim-level gender of a patient on a claim","2",,,"Gender"
"3914","gender","Claim-level gender of a patient on a claim","4",,,"Gender"
"3917","gender_name","Gender of a patient on a discharge case","1",,,"Gender"
"3920","gender_name","Gender of a patient on a discharge case","2",,,"Gender"
"3923","gender_name","Gender of a patient on a discharge case","4",,,"Gender"
"3926","hospital_cbsa_name","The CBSA associated with the facility address on the discharge case","1",,,"Facility CBSA"
"3929","hospital_cbsa_name","The CBSA associated with the facility address on the discharge case","2",,,"Facility CBSA"
"3932","hospital_cbsa_name","The CBSA associated with the facility address on the discharge case","4",,,"Facility CBSA"
"3935","hospital_city","The city of the facility address on the discharge case","1",,,"Facility City"
"3938","hospital_city","The city of the facility address on the discharge case","2",,,"Facility City"
"3941","hospital_city","The city of the facility address on the discharge case","4",,,"Facility City"
"3944","hospital_county","The county of the facility address on the discharge case","1",,,"Facility County"
"3947","hospital_county","The county of the facility address on the discharge case","2",,,"Facility County"
"3950","hospital_county","The county of the facility address on the discharge case","4",,,"Facility County"
"3953","hospital_name","The facility on the discharge case","1",,,"Facility"
"3956","hospital_name","The facility on the discharge case","2",,,"Facility"
"3959","hospital_name","The facility on the discharge case","4",,,"Facility"
"3962","hospital_state","The state of the facility address on the discharge case","1",,,"Facility State"
"3965","hospital_state","The state of the facility address on the discharge case","2",,,"Facility State"
"3968","hospital_state","The state of the facility address on the discharge case","4",,,"Facility State"
"3971","hospital_street","The address of the facility on the discharge case","1",,,"Facility Address"
"3974","hospital_street","The address of the facility on the discharge case","2",,,"Facility Address"
"3977","hospital_street","The address of the facility on the discharge case","4",,,"Facility Address"
"3980","hospital_system_name","The system rollup associated with the facilty on the discharge case","1",,,"Facility System"
"3983","hospital_system_name","The system rollup associated with the facilty on the discharge case","2",,,"Facility System"
"3986","hospital_system_name","The system rollup associated with the facilty on the discharge case","4",,,"Facility System"
"3989","hospital_type_name","The type of the facility associated on the discharge case","1",,,"Facility Type"
"3992","hospital_type_name","The type of the facility associated on the discharge case","2",,,"Facility Type"
"3995","hospital_type_name","The type of the facility associated on the discharge case","4",,,"Facility Type"
"3998","hospital_zip_code","The zip code of the facility address on the discharge case","1",,,"Facility Zip Code"
"4001","hospital_zip_code","The zip code of the facility address on the discharge case","2",,,"Facility Zip Code"
"4004","hospital_zip_code","The zip code of the facility address on the discharge case","4",,,"Facility Zip Code"
"4007","ip_op_flag_code","Discharge-case flag delineating inpatient encounters versus outpatient encounters","1",,,"Implied Service Inpatient Outpatient Flag"
"4010","ip_op_flag_code","Discharge-case flag delineating inpatient encounters versus outpatient encounters","2",,,"Implied Service Inpatient Outpatient Flag"
"4013","ip_op_flag_code","Discharge-case flag delineating inpatient encounters versus outpatient encounters","4",,,"Implied Service Inpatient Outpatient Flag"
"4016","ip_op_flag_code","Discharge-case flag delineating inpatient encounters versus outpatient encounters","8",,,"Implied Service Inpatient Outpatient Flag"
"4019","like_diagnosis_code","Claim-level primary diagnosis code (one diagnosis per claim).","8",,,"Primary Diagnosis Code"
"4022","like_diagnosis_code","Claim-level primary diagnosis code (one diagnosis per claim).","8",,,"Diagnosis Code Detail"
"4025","like_diagnosis_code","Claim-level diagnosis code detail","8",,,"Primary Diagnosis Code"
"4028","like_diagnosis_code","Claim-level diagnosis code detail","8",,,"Diagnosis Code Detail"
"4031","like_diagnosis_long_code","Claim-level diagnosis description detail","1",,,"Diagnosis Description Detail"
"4034","like_diagnosis_long_code","Claim-level diagnosis description detail","2",,,"Diagnosis Description Detail"
"4037","like_diagnosis_long_code","Claim-level diagnosis description detail","4",,,"Diagnosis Description Detail"
"4040","like_diagnosis_long_code","Claim-level diagnosis description detail","8",,,"Diagnosis Description Detail"
"4043","like_dx_product_line_code","Claim-level diagnosis product line detail as defined by HCUP","1",,,"Diagnosis Product Line Detail"
"4046","like_dx_product_line_code","Claim-level diagnosis product line detail as defined by HCUP","2",,,"Diagnosis Product Line Detail"
"4049","like_dx_product_line_code","Claim-level diagnosis product line detail as defined by HCUP","4",,,"Diagnosis Product Line Detail"
"4052","like_dx_product_line_code","Claim-level diagnosis product line detail as defined by HCUP","8",,,"Diagnosis Product Line Detail"
"4055","like_dx_product_line_sub_code","Claim-level diagnosis product subline detail as defined by HCUP","1",,,"Diagnosis Product Subline Detail"
"4058","like_dx_product_line_sub_code","Claim-level diagnosis product subline detail as defined by HCUP","2",,,"Diagnosis Product Subline Detail"
"4061","like_dx_product_line_sub_code","Claim-level diagnosis product subline detail as defined by HCUP","4",,,"Diagnosis Product Subline Detail"
"4064","like_dx_product_line_sub_code","Claim-level diagnosis product subline detail as defined by HCUP","8",,,"Diagnosis Product Subline Detail"
"4067","like_is_payor_code","Payor plan type provided on the claimr form (health plan type - Tricare Humana Military East, Carefirst BCBS, etc.)","1",,,"Payor Plan"
"4070","like_is_payor_code","Payor plan type provided on the claimr form (health plan type - Tricare Humana Military East, Carefirst BCBS, etc.)","2",,,"Payor Plan"
"4073","like_is_payor_code","Payor plan type provided on the claimr form (health plan type - Tricare Humana Military East, Carefirst BCBS, etc.)","4",,,"Payor Plan"
"4076","like_pat_cbsa_code","Claim-level CBSA associated with the patient origin on a claim.","1",,,"Patient CBSA"
"4079","like_pat_cbsa_code","Claim-level CBSA associated with the patient origin on a claim.","2",,,"Patient CBSA"
"4082","like_pat_cbsa_code","Claim-level CBSA associated with the patient origin on a claim.","4",,,"Patient CBSA"
"4085","like_pat_county_code","Claim-level county associated with the patient origin on a claim.","1",,,"Patient County"
"4088","like_pat_county_code","Claim-level county associated with the patient origin on a claim.","2",,,"Patient County"
"4091","like_pat_county_code","Claim-level county associated with the patient origin on a claim.","4",,,"Patient County"
"4094","like_procd_code","	
Claim-level procedure code detail, regardless of position on a claim (multiple procedures per claim).","1",,,"Procedure Code Detail"
"4097","like_procd_code","	
Claim-level procedure code detail, regardless of position on a claim (multiple procedures per claim).","2",,,"Procedure Code Detail"
"4100","like_procd_code","	
Claim-level procedure code detail, regardless of position on a claim (multiple procedures per claim).","4",,,"Procedure Code Detail"
"4103","like_procd_code","	
Claim-level procedure code detail, regardless of position on a claim (multiple procedures per claim).","8",,,"Procedure Code Detail"
"4106","like_procd_code1","Claim-level procedure name on a claim with the highest total RVU.","1",,,"Primary Procedure"
"4109","like_procd_code1","Claim-level procedure name on a claim with the highest total RVU.","2",,,"Primary Procedure"
"4112","like_procd_code1","Claim-level procedure name on a claim with the highest total RVU.","4",,,"Primary Procedure"
"4115","like_procd_code1","Claim-level procedure name on a claim with the highest total RVU.","8",,,"Primary Procedure"
"4118","like_procd_codex","Claim-level procedure code on a claim with the highest total RVU.","1",,,"Primary Procedure Code"
"4121","like_procd_codex","Claim-level procedure code on a claim with the highest total RVU.","2",,,"Primary Procedure Code"
"4124","like_procd_codex","Claim-level procedure code on a claim with the highest total RVU.","4",,,"Primary Procedure Code"
"4127","like_procd_codex","Claim-level procedure code on a claim with the highest total RVU.","8",,,"Primary Procedure Code"
"4130","like_procd_long_code","Claim-level procedure description on a claim with the highest total RVU.","1",,,"Primary Procedure Description"
"4133","like_procd_long_code","Claim-level procedure description on a claim with the highest total RVU.","2",,,"Primary Procedure Description"
"4136","like_procd_long_code","Claim-level procedure description on a claim with the highest total RVU.","4",,,"Primary Procedure Description"
"4139","like_procd_long_code","Claim-level procedure description on a claim with the highest total RVU.","8",,,"Primary Procedure Description"
"4142","like_procd_long_code1","Claim-level procedure description on a claim with the highest total RVU.","1",,,"Primary Procedure Description"
"4145","like_procd_long_code1","Claim-level procedure description on a claim with the highest total RVU.","2",,,"Primary Procedure Description"
"4148","like_procd_long_code1","Claim-level procedure description on a claim with the highest total RVU.","4",,,"Primary Procedure Description"
"4151","like_procd_long_code1","Claim-level procedure description on a claim with the highest total RVU.","8",,,"Primary Procedure Description"
"4154","like_px_product_line_code","Claim-level procedure product line detail as defined by HCUP, regardless of position on a claim (multiple procedures per claim).","8",,,"Procedure Product Line Detail"
"4157","like_px_product_line_code1","Claim-level procedure product line as defined by HCUP","1",,,"Primary Procedure Product Line"
"4160","like_px_product_line_code1","Claim-level procedure product line as defined by HCUP","2",,,"Primary Procedure Product Line"
"4163","like_px_product_line_code1","Claim-level procedure product line as defined by HCUP","4",,,"Primary Procedure Product Line"
"4166","like_px_product_line_code1","Claim-level procedure product line as defined by HCUP","8",,,"Primary Procedure Product Line"
"4169","like_px_product_line_sub_code","Claim-level procedure product subline detail as defined by HCUP","8",,,"Procedure Product Subline Detail"
"4172","like_px_product_line_sub_code1","Claim-level procedure product subline as defined by HCUP","1",,,"Primary Procedure Product Subline"
"4175","like_px_product_line_sub_code1","Claim-level procedure product subline as defined by HCUP","2",,,"Primary Procedure Product Subline"
"4178","like_px_product_line_sub_code1","Claim-level procedure product subline as defined by HCUP","4",,,"Primary Procedure Product Subline"
"4181","like_px_product_line_sub_code1","Claim-level procedure product subline as defined by HCUP","8",,,"Primary Procedure Product Subline"
"4184","male_total","Percentage of male discharges","1",,,"Male Total"
"4187","male_total","Percentage of male discharges","2",,,"Male Total"
"4190","male_total","Percentage of male discharges","4",,,"Male Total"
"4193","market_case_count","Total visits","2",,,"Market Level Case Totals"
"4196","market_case_count","Total visits","4",,,"Market Level Case Totals"
"4199","market_case_pct","Percentage market share of visits","2",,,"Market Share Percent Cases"
"4202","market_case_pct","Percentage market share of visits","4",,,"Market Share Percent Cases"
"4205","market_charges_pct","Percentage market share of charges","2",,,"Market Share Percent Charges"
"4208","market_charges_pct","Percentage market share of charges","4",,,"Market Share Percent Charges"
"4211","market_charges_total","Total charges","2",,,"Market Level Charge Totals"
"4214","market_charges_total","Total charges","4",,,"Market Level Charge Totals"
"4217","market_procd_count","Total procedure count","2",,,"Market Level Procedure Totals"
"4220","market_procd_count","Total procedure count","4",,,"Market Level Procedure Totals"
"4223","market_procd_pct","Percentage market share of procedures","2",,,"Market Share Percent Procedures"
"4226","market_procd_pct","Percentage market share of procedures","4",,,"Market Share Percent Procedures"
"4229","msdrg_code","Medicare Severity Diagnosis Related Groups (MSDRG) a classification system used to group inpatient hospital cases into categories based on principal diagnosis, secondary diagnoses, procedures, gender and discharge status.","1",,,"MS-DRG Code"
"4232","msdrg_code","Medicare Severity Diagnosis Related Groups (MSDRG) a classification system used to group inpatient hospital cases into categories based on principal diagnosis, secondary diagnoses, procedures, gender and discharge status.","2",,,"MS-DRG Code"
"4235","msdrg_mdc_name","Major Diagnostic Category (MDC) groups MS-DRGs into broad categories based on condition type and body region ","1",,,"MS-DRG MDC"
"4238","msdrg_mdc_name","Major Diagnostic Category (MDC) groups MS-DRGs into broad categories based on condition type and body region ","2",,,"MS-DRG MDC"
"4241","msdrg_med_surg","Medical Surgical Type","1",,,"MS-DRG Med/Surg Type"
"4244","msdrg_med_surg","Medical Surgical Type","2",,,"MS-DRG Med/Surg Type"
"4247","msdrg_name","Medicare Severity Diagnosis Related Groups (MSDRG) a classification system used to group inpatient hospital cases into categories based on principal diagnosis, secondary diagnoses, procedures, gender and discharge status","1",,,"MS-DRG Name"
"4250","msdrg_name","Medicare Severity Diagnosis Related Groups (MSDRG) a classification system used to group inpatient hospital cases into categories based on principal diagnosis, secondary diagnoses, procedures, gender and discharge status","2",,,"MS-DRG Name"
"4253","msdrg_specialty_name","High level proprietary grouping of MS-DRGs defined by Intellimed","1",,,"MS-DRG Service Line"
"4256","msdrg_specialty_name","High level proprietary grouping of MS-DRGs defined by Intellimed","2",,,"MS-DRG Service Line"
"4259","oper_degree_name","The type of degree held by the operating physician from the NPI registry","1",,,"Operating Physician Practioner Type"
"4262","oper_degree_name","The type of degree held by the operating physician from the NPI registry","2",,,"Operating Physician Practioner Type"
"4265","oper_group_prac_name","The CMS group practice associated with the operating physician on the discharge case","1",,,"Operating Physician CMS Group Practice"
"4268","oper_group_prac_name","The CMS group practice associated with the operating physician on the discharge case","2",,,"Operating Physician CMS Group Practice"
"4271","oper_npi_spec_grp_name","The NPI specialty of the operating physician on the discharge case","1",,,"Operating NPI Specialty"
"4274","oper_npi_spec_grp_name","The NPI specialty of the operating physician on the discharge case","2",,,"Operating NPI Specialty"
"4277","oper_physician_name","The name of the operating physician on the discharge case","1",,,"Operating Physician"
"4280","oper_physician_name","The name of the operating physician on the discharge case","2",,,"Operating Physician"
"4283","oper_specialty_grp_code","The Intellimed specialty assigned to the operating physician on the discharge case based on the most performed MS-DRG service line","1",,,"Operating IM Specialty"
"4286","oper_specialty_grp_code","The Intellimed specialty assigned to the operating physician on the discharge case based on the most performed MS-DRG service line","2",,,"Operating IM Specialty"
"4289","oper_specialty_grp_name","The Intellimed specialty assigned to the operating physician on the discharge case based on the most performed MS-DRG service line","1",,,"Operating IM Specialty"
"4292","oper_specialty_grp_name","The Intellimed specialty assigned to the operating physician on the discharge case based on the most performed MS-DRG service line","2",,,"Operating IM Specialty"
"4295","oper_zip_code","The zip code of the NPI address of the operating physician on the discharge case","1",,,"Operating Physician Zip Code"
"4298","oper_zip_code","The zip code of the NPI address of the operating physician on the discharge case","2",,,"Operating Physician Zip Code"
"4301","pat_cbsa_name","CBSA associated with the patient origin on a discharge case","1",,,"Patient CBSA"
"4304","pat_cbsa_name","CBSA associated with the patient origin on a discharge case","2",,,"Patient CBSA"
"4307","pat_cbsa_name","CBSA associated with the patient origin on a discharge case","4",,,"Patient CBSA"
"4310","pat_city","City associated with the patient origin on a discharge case","1",,,"Patient City"
"4313","pat_city","City associated with the patient origin on a discharge case","2",,,"Patient City"
"4316","pat_city","City associated with the patient origin on a discharge case","4",,,"Patient City"
"4319","pat_county","County associated with the patient origin on a discharge case","1",,,"Patient County"
"4322","pat_county","County associated with the patient origin on a discharge case","2",,,"Patient County"
"4325","pat_county","County associated with the patient origin on a discharge case","4",,,"Patient County"
"4328","pat_state","State associated with the patient origin on a discharge case","1",,,"Patient State"
"4331","pat_state","State associated with the patient origin on a discharge case","2",,,"Patient State"
"4334","pat_state","State associated with the patient origin on a discharge case","4",,,"Patient State"
"4337","pat_zip_demo_base_name","5-digit zip code and city of the patient origin on a discharge case","1",,,"Patient Zip Base"
"4340","pat_zip_demo_base_name","5-digit zip code and city of the patient origin on a discharge case","2",,,"Patient Zip Base"
"4343","pat_zip_demo_base_name","5-digit zip code and city of the patient origin on a discharge case","4",,,"Patient Zip Base"
"4346","pct_female","Percentage of female discharges","1",,,"Percent Female"
"4349","pct_female","Percentage of female discharges","2",,,"Percent Female"
"4352","pct_female","Percentage of female discharges","4",,,"Percent Female"
"4355","pct_male","Percentage of male discharges","1",,,"Percent Male"
"4358","pct_male","Percentage of male discharges","2",,,"Percent Male"
"4361","pct_male","Percentage of male discharges","4",,,"Percent Male"
"4364","period_abbr","Groups encounters or claims based on the service date year and month provided on the claim form (format YYYYMM) where a unique patient is counted once per month.","1",,,"Period Abbr"
"4367","period_abbr","Groups encounters or claims based on the service date year and month provided on the claim form (format YYYYMM) where a unique patient is counted once per month.","2",,,"Period Abbr"
"4370","period_abbr","Groups encounters or claims based on the service date year and month provided on the claim form (format YYYYMM) where a unique patient is counted once per month.","4",,,"Period Abbr"
"4373","period_code","Discharge year and quarter associated with an inpatient case, outpatient visit, or emergency room visit (format YYYYQ).","1",,,"Period Code"
"4376","period_code","Discharge year and quarter associated with an inpatient case, outpatient visit, or emergency room visit (format YYYYQ).","2",,,"Period Code"
"4379","period_code","Discharge year and quarter associated with an inpatient case, outpatient visit, or emergency room visit (format YYYYQ).","4",,,"Period Code"
"4382","period_name","Long description of the discharge year and quarter associated with an inpatient case, outpatient visit, or emergency room visit (e.g., 2025 1st Quarter).","1",,,"Period"
"4385","period_name","Long description of the discharge year and quarter associated with an inpatient case, outpatient visit, or emergency room visit (e.g., 2025 1st Quarter).","2",,,"Period"
"4388","period_name","Long description of the discharge year and quarter associated with an inpatient case, outpatient visit, or emergency room visit (e.g., 2025 1st Quarter).","4",,,"Period"
"4391","pop_cy","Current year ESRI population","1",,,"Current Year Population"
"4394","pop_cy","Current year ESRI population","2",,,"Current Year Population"
"4397","pop_cy","Current year ESRI population","1",,,"Current Year Population"
"4400","pop_cy","Current year ESRI population","2",,,"Current Year Population"
"4403","pop_cy5","Projected 5-Year ESRI population","1",,,"Projected 5-Year Population"
"4406","pop_cy5","Projected 5-Year ESRI population","2",,,"Projected 5-Year Population"
"4409","pop_cy5","Projected 5-Year ESRI population","1",,,"Projected 5-Year Population"
"4412","pop_cy5","Projected 5-Year ESRI population","2",,,"Projected 5-Year Population"
"4415","procd_code","Discharge procedure codes that match selected codes regardless of position on discharge (multiple procedures per discharge).","1",,,"Procedure Code Detail"
"4418","procd_code","Discharge procedure codes that match selected codes regardless of position on discharge (multiple procedures per discharge).","2",,,"Procedure Code Detail"
"4421","procd_code","Discharge procedure codes that match selected codes regardless of position on discharge (multiple procedures per discharge).","4",,,"Procedure Code Detail"
"4424","procd_code","Discharge procedure codes that match selected codes regardless of position on discharge (multiple procedures per discharge).","8",,,"Procedure Code Detail"
"4427","procd_code1","The code of the first procedure on a discharge-case","1",,,"Primary Procedure Code"
"4430","procd_code1","The code of the first procedure on a discharge-case","2",,,"Primary Procedure Code"
"4433","procd_code1","The code of the first procedure on a discharge-case","4",,,"Primary Procedure Code"
"4436","procd_code1","The code of the first procedure on a discharge-case","8",,,"Primary Procedure Code"
"4439","procd_count","Total procedure count","2",,,"Procedure Count"
"4442","procd_count","Total procedure count","4",,,"Procedure Count"
"4445","procd_count_total","Total Procedures","2",,,"Procedures"
"4448","procd_count_total","Total Procedures","4",,,"Procedures"
"4451","procd_count_total","Total Procedures","2",,,"Procedures"
"4454","procd_count_total","Total Procedures","4",,,"Procedures"
"4457","procd_long_code","Claim-	
Claim-level procedure description detail, regardless of position on a claim (multiple procedures per claim).procedure description detail","1",,,"Procedure Description Detail"
"4460","procd_long_code","Claim-	
Claim-level procedure description detail, regardless of position on a claim (multiple procedures per claim).procedure description detail","2",,,"Procedure Description Detail"
"4463","procd_long_code","Claim-	
Claim-level procedure description detail, regardless of position on a claim (multiple procedures per claim).procedure description detail","4",,,"Procedure Description Detail"
"4466","procd_long_code","Claim-	
Claim-level procedure description detail, regardless of position on a claim (multiple procedures per claim).procedure description detail","8",,,"Procedure Description Detail"
"4469","procd_long_code1","Claim-level procedure code on a claim with the highest total RVU.","1",,,"Primary Procedure Code"
"4472","procd_long_code1","Claim-level procedure code on a claim with the highest total RVU.","1",,,"Primary Procedure Description"
"4475","procd_long_code1","Claim-level procedure code on a claim with the highest total RVU.","2",,,"Primary Procedure Code"
"4478","procd_long_code1","Claim-level procedure code on a claim with the highest total RVU.","2",,,"Primary Procedure Description"
"4481","procd_long_code1","Claim-level procedure code on a claim with the highest total RVU.","4",,,"Primary Procedure Code"
"4484","procd_long_code1","Claim-level procedure code on a claim with the highest total RVU.","4",,,"Primary Procedure Description"
"4487","procd_long_code1","Claim-level procedure code on a claim with the highest total RVU.","8",,,"Primary Procedure Code"
"4490","procd_long_code1","Claim-level procedure code on a claim with the highest total RVU.","8",,,"Primary Procedure Description"
"4493","procd_long_code1","Claim-level procedure description on a claim with the highest total RVU.","1",,,"Primary Procedure Code"
"4496","procd_long_code1","Claim-level procedure description on a claim with the highest total RVU.","1",,,"Primary Procedure Description"
"4499","procd_long_code1","Claim-level procedure description on a claim with the highest total RVU.","2",,,"Primary Procedure Code"
"4502","procd_long_code1","Claim-level procedure description on a claim with the highest total RVU.","2",,,"Primary Procedure Description"
"4505","procd_long_code1","Claim-level procedure description on a claim with the highest total RVU.","4",,,"Primary Procedure Code"
"4508","procd_long_code1","Claim-level procedure description on a claim with the highest total RVU.","4",,,"Primary Procedure Description"
"4511","procd_long_code1","Claim-level procedure description on a claim with the highest total RVU.","8",,,"Primary Procedure Code"
"4514","procd_long_code1","Claim-level procedure description on a claim with the highest total RVU.","8",,,"Primary Procedure Description"
"4517","procd_name","Discharge procedure names that match selected names regardless of position on discharge (multiple procedures per discharge).","8",,,"Procedure Detail"
"4520","procd_name1","The name of the first procedure on a discharge-case","1",,,"Primary Procedure"
"4523","procd_name1","The name of the first procedure on a discharge-case","2",,,"Primary Procedure"
"4526","procd_name1","The name of the first procedure on a discharge-case","4",,,"Primary Procedure"
"4529","procd_name1","The name of the first procedure on a discharge-case","8",,,"Primary Procedure"
"4532","px_long_description","Discharge procedure descriptions that match selected codes regardless of position on discharge (multiple procedures per discharge).","1",,,"Procedure Description Detail"
"4535","px_long_description","Discharge procedure descriptions that match selected codes regardless of position on discharge (multiple procedures per discharge).","2",,,"Procedure Description Detail"
"4538","px_long_description","Discharge procedure descriptions that match selected codes regardless of position on discharge (multiple procedures per discharge).","4",,,"Procedure Description Detail"
"4541","px_long_description","Discharge procedure descriptions that match selected codes regardless of position on discharge (multiple procedures per discharge).","8",,,"Procedure Description Detail"
"4544","px_long_description1","The description of the first procedure on a discharge-case","1",,,"Primary Procedure Description"
"4547","px_long_description1","The description of the first procedure on a discharge-case","2",,,"Primary Procedure Description"
"4550","px_long_description1","The description of the first procedure on a discharge-case","4",,,"Primary Procedure Description"
"4553","px_long_description1","The description of the first procedure on a discharge-case","8",,,"Primary Procedure Description"
"4556","px_product_line_code1","Claim-level primary procedure product line code as defined by HCUP associated with the procedure on a claim with the highest total RVU.","1",,,"Primary Procedure Product Line Code"
"4559","px_product_line_code1","Claim-level primary procedure product line code as defined by HCUP associated with the procedure on a claim with the highest total RVU.","2",,,"Primary Procedure Product Line Code"
"4562","px_product_line_code1","Claim-level primary procedure product line code as defined by HCUP associated with the procedure on a claim with the highest total RVU.","4",,,"Primary Procedure Product Line Code"
"4565","px_product_line_code1","Claim-level primary procedure product line code as defined by HCUP associated with the procedure on a claim with the highest total RVU.","8",,,"Primary Procedure Product Line Code"
"4568","px_product_line_name","Discharge procedure product lines that match selected product lines regardless of position on discharge (multiple procedures per discharge). As defined by HCUP.","1",,,"Procedure Product Line Detail"
"4571","px_product_line_name","Discharge procedure product lines that match selected product lines regardless of position on discharge (multiple procedures per discharge). As defined by HCUP.","2",,,"Procedure Product Line Detail"
"4574","px_product_line_name","Discharge procedure product lines that match selected product lines regardless of position on discharge (multiple procedures per discharge). As defined by HCUP.","4",,,"Procedure Product Line Detail"
"4577","px_product_line_name","Discharge procedure product lines that match selected product lines regardless of position on discharge (multiple procedures per discharge). As defined by HCUP.","8",,,"Procedure Product Line Detail"
"4580","px_product_line_name1","Discharge first procedure product line as defined by HCUP.","1",,,"Primary Procedure Product Line"
"4583","px_product_line_name1","Discharge first procedure product line as defined by HCUP.","2",,,"Primary Procedure Product Line"
"4586","px_product_line_name1","Discharge first procedure product line as defined by HCUP.","4",,,"Primary Procedure Product Line"
"4589","px_product_line_name1","Discharge first procedure product line as defined by HCUP.","8",,,"Primary Procedure Product Line"
"4592","px_product_line_sub_name","Discharge procedure product sublines that match selected product sublines regardless of position on discharge (multiple procedures per discharge). As defined by HCUP.","1",,,"Procedure Product Subline Detail"
"4595","px_product_line_sub_name","Discharge procedure product sublines that match selected product sublines regardless of position on discharge (multiple procedures per discharge). As defined by HCUP.","2",,,"Procedure Product Subline Detail"
"4598","px_product_line_sub_name","Discharge procedure product sublines that match selected product sublines regardless of position on discharge (multiple procedures per discharge). As defined by HCUP.","4",,,"Procedure Product Subline Detail"
"4601","px_product_line_sub_name","Discharge procedure product sublines that match selected product sublines regardless of position on discharge (multiple procedures per discharge). As defined by HCUP.","8",,,"Procedure Product Subline Detail"
"4604","px_product_line_sub_name1","Discharge first procedure product subline as defined by HCUP.","1",,,"Primary Procedure Product Subline"
"4607","px_product_line_sub_name1","Discharge first procedure product subline as defined by HCUP.","2",,,"Primary Procedure Product Subline"
"4610","px_product_line_sub_name1","Discharge first procedure product subline as defined by HCUP.","4",,,"Primary Procedure Product Subline"
"4613","px_product_line_sub_name1","Discharge first procedure product subline as defined by HCUP.","8",,,"Primary Procedure Product Subline"
"4616","px_subcategory_code"," CCS","1",,,"Procedure Subcategory Code"
"4619","px_subcategory_code"," CCS","2",,,"Procedure Subcategory Code"
"4622","px_subcategory_code"," CCS","4",,,"Procedure Subcategory Code"
"4625","px_subcategory_code"," CCS","8",,,"Procedure Subcategory Code"
"4628","px_subcategory_description"," CCS","1",,,"Procedure Subcategory"
"4631","px_subcategory_description"," CCS","2",,,"Procedure Subcategory"
"4634","px_subcategory_description"," CCS","4",,,"Procedure Subcategory"
"4637","px_subcategory_description"," CCS","8",,,"Procedure Subcategory"
"4640","qrter_case_one","First period on case trended report","1",,,"Quarter Cases (1st Period)"
"4643","qrter_case_one","First period on case trended report","2",,,"Quarter Cases (1st Period)"
"4646","qrter_case_one","First period on case trended report","4",,,"Quarter Cases (1st Period)"
"4649","qrter_case_one_pct_grp1","Provides a subtotal Percentage of first column returned.","1",,,"Quarter Percent {Group1} (1st Period) Cases"
"4652","qrter_case_one_pct_grp1","Provides a subtotal Percentage of first column returned.","2",,,"Quarter Percent {Group1} (1st Period) Cases"
"4655","qrter_case_one_pct_grp1","Provides a subtotal Percentage of first column returned.","4",,,"Quarter Percent {Group1} (1st Period) Cases"
"4658","qrter_case_ratio_one","First two periods on case percent trended report","1",,,"Quarter Cases Percent (1st Period)"
"4661","qrter_case_ratio_one","First two periods on case percent trended report","2",,,"Quarter Cases Percent (1st Period)"
"4664","qrter_case_ratio_one","First two periods on case percent trended report","4",,,"Quarter Cases Percent (1st Period)"
"4667","qrter_case_ratio_three","Third two periods on case percent trended report","1",,,"Quarter Cases Percent (3rd Period)"
"4670","qrter_case_ratio_three","Third two periods on case percent trended report","2",,,"Quarter Cases Percent (3rd Period)"
"4673","qrter_case_ratio_three","Third two periods on case percent trended report","4",,,"Quarter Cases Percent (3rd Period)"
"4676","qrter_case_ratio_two","Second two periods on case percent trended report","1",,,"Quarter Cases Percent (2nd Period)"
"4679","qrter_case_ratio_two","Second two periods on case percent trended report","2",,,"Quarter Cases Percent (2nd Period)"
"4682","qrter_case_ratio_two","Second two periods on case percent trended report","4",,,"Quarter Cases Percent (2nd Period)"
"4685","qrter_case_three","Third period on case trended report","1",,,"Quarter Cases (3rd Period)"
"4688","qrter_case_three","Third period on case trended report","2",,,"Quarter Cases (3rd Period)"
"4691","qrter_case_three","Third period on case trended report","4",,,"Quarter Cases (3rd Period)"
"4694","qrter_case_three_pct_grp1","Provides a subtotal Percentage of third column returned.","1",,,"Quarter Percent {Group1} (3rd Period) Cases"
"4697","qrter_case_three_pct_grp1","Provides a subtotal Percentage of third column returned.","2",,,"Quarter Percent {Group1} (3rd Period) Cases"
"4700","qrter_case_three_pct_grp1","Provides a subtotal Percentage of third column returned.","4",,,"Quarter Percent {Group1} (3rd Period) Cases"
"4703","qrter_case_two","Second period on case trended report","1",,,"Quarter Cases (2nd Period)"
"4706","qrter_case_two","Second period on case trended report","2",,,"Quarter Cases (2nd Period)"
"4709","qrter_case_two","Second period on case trended report","4",,,"Quarter Cases (2nd Period)"
"4712","qrter_case_two_pct_grp1","Provides a subtotal Percentage of second column returned.","1",,,"Quarter Percent {Group1} (2nd Period) Cases"
"4715","qrter_case_two_pct_grp1","Provides a subtotal Percentage of second column returned.","2",,,"Quarter Percent {Group1} (2nd Period) Cases"
"4718","qrter_case_two_pct_grp1","Provides a subtotal Percentage of second column returned.","4",,,"Quarter Percent {Group1} (2nd Period) Cases"
"4721","qrter_charge_one","First two periods on charge trended report","1",,,"Quarter Charges (1st Period)"
"4724","qrter_charge_one","First two periods on charge trended report","2",,,"Quarter Charges (1st Period)"
"4727","qrter_charge_one","First two periods on charge trended report","4",,,"Quarter Charges (1st Period)"
"4730","qrter_charge_one_pct_grp1","Provides a subtotal Percentage of first column returned.","1",,,"Quarter Percent {Group1} (1st Period) Charges"
"4733","qrter_charge_one_pct_grp1","Provides a subtotal Percentage of first column returned.","2",,,"Quarter Percent {Group1} (1st Period) Charges"
"4736","qrter_charge_one_pct_grp1","Provides a subtotal Percentage of first column returned.","4",,,"Quarter Percent {Group1} (1st Period) Charges"
"4739","qrter_charge_ratio_one","First two periods on charge percent trended report","1",,,"Quarter Charges Percent (1st Period)"
"4742","qrter_charge_ratio_one","First two periods on charge percent trended report","2",,,"Quarter Charges Percent (1st Period)"
"4745","qrter_charge_ratio_one","First two periods on charge percent trended report","4",,,"Quarter Charges Percent (1st Period)"
"4748","qrter_charge_ratio_three","Third two periods on charge percent trended report","1",,,"Quarter Charges Percent (3rd Period)"
"4751","qrter_charge_ratio_three","Third two periods on charge percent trended report","2",,,"Quarter Charges Percent (3rd Period)"
"4754","qrter_charge_ratio_three","Third two periods on charge percent trended report","4",,,"Quarter Charges Percent (3rd Period)"
"4757","qrter_charge_ratio_two","Second two periods on charge percent trended report","1",,,"Quarter Charges Percent (2nd Period)"
"4760","qrter_charge_ratio_two","Second two periods on charge percent trended report","2",,,"Quarter Charges Percent (2nd Period)"
"4763","qrter_charge_ratio_two","Second two periods on charge percent trended report","4",,,"Quarter Charges Percent (2nd Period)"
"4766","qrter_charge_three","Third two periods on charge trended report","1",,,"Quarter Charges (3rd Period)"
"4769","qrter_charge_three","Third two periods on charge trended report","2",,,"Quarter Charges (3rd Period)"
"4772","qrter_charge_three","Third two periods on charge trended report","4",,,"Quarter Charges (3rd Period)"
"4775","qrter_charge_three_pct_grp1","Provides a subtotal Percentage of third column returned.","1",,,"Quarter Percent {Group1} (3rd Period) Charges"
"4778","qrter_charge_three_pct_grp1","Provides a subtotal Percentage of third column returned.","2",,,"Quarter Percent {Group1} (3rd Period) Charges"
"4781","qrter_charge_three_pct_grp1","Provides a subtotal Percentage of third column returned.","4",,,"Quarter Percent {Group1} (3rd Period) Charges"
"4784","qrter_charge_two","Second two periods on charge trended report","1",,,"Quarter Charges (2nd Period)"
"4787","qrter_charge_two","Second two periods on charge trended report","2",,,"Quarter Charges (2nd Period)"
"4790","qrter_charge_two","Second two periods on charge trended report","4",,,"Quarter Charges (2nd Period)"
"4793","qrter_charge_two_pct_grp1","Provides a subtotal Percentage of second column returned.","1",,,"Quarter Percent {Group1} (2nd Period) Charges"
"4796","qrter_charge_two_pct_grp1","Provides a subtotal Percentage of second column returned.","2",,,"Quarter Percent {Group1} (2nd Period) Charges"
"4799","qrter_charge_two_pct_grp1","Provides a subtotal Percentage of second column returned.","4",,,"Quarter Percent {Group1} (2nd Period) Charges"
"4802","qrter_procd_one","First two periods on cases trended report","2",,,"Quarter Procedures (1st Period)"
"4805","qrter_procd_one","First two periods on cases trended report","4",,,"Quarter Procedures (1st Period)"
"4808","qrter_procd_one_pct_grp1","Provides a subtotal Percentage of first column returned.","2",,,"Quarter Percent {Group1} (1st Period) Procedures"
"4811","qrter_procd_one_pct_grp1","Provides a subtotal Percentage of first column returned.","4",,,"Quarter Percent {Group1} (1st Period) Procedures"
"4814","qrter_procd_ratio_one","First four periods on cases Percent trended report","2",,,"Quarter Procedures Percent (1st Period)"
"4817","qrter_procd_ratio_one","First four periods on cases Percent trended report","4",,,"Quarter Procedures Percent (1st Period)"
"4820","qrter_procd_ratio_three","Third four periods on cases percent trended report","2",,,"Quarter Procedures Percent (3rd Period)"
"4823","qrter_procd_ratio_three","Third four periods on cases percent trended report","4",,,"Quarter Procedures Percent (3rd Period)"
"4826","qrter_procd_ratio_two","Second four periods on cases percent trended report","2",,,"Quarter Procedures Percent (2nd Period)"
"4829","qrter_procd_ratio_two","Second four periods on cases percent trended report","4",,,"Quarter Procedures Percent (2nd Period)"
"4832","qrter_procd_three","Third two periods on cases trended report","2",,,"Quarter Procedures (3rd Period)"
"4835","qrter_procd_three","Third two periods on cases trended report","4",,,"Quarter Procedures (3rd Period)"
"4838","qrter_procd_three_pct_grp1","Provides a subtotal Percentage of third column returned.","2",,,"Quarter Percent {Group1} (3rd Period) Procedures"
"4841","qrter_procd_three_pct_grp1","Provides a subtotal Percentage of third column returned.","4",,,"Quarter Percent {Group1} (3rd Period) Procedures"
"4844","qrter_procd_two","Second two periods on cases trended report","2",,,"Quarter Procedures (2nd Period)"
"4847","qrter_procd_two","Second two periods on cases trended report","4",,,"Quarter Procedures (2nd Period)"
"4850","qrter_procd_two_pct_grp1","Provides a subtotal Percentage of second column returned.","2",,,"Quarter Percent {Group1} (2nd Period) Procedures"
"4853","qrter_procd_two_pct_grp1","Provides a subtotal Percentage of second column returned.","4",,,"Quarter Percent {Group1} (2nd Period) Procedures"
"4856","qrter_visit_one","First two periods on cases trended report","2",,,"Quarter Cases (1st Period)"
"4859","qrter_visit_one","First two periods on cases trended report","4",,,"Quarter Cases (1st Period)"
"4862","qrter_visit_one_pct_grp1","Provides a subtotal Percentage of first column returned.","2",,,"Quarter Percent {Group1} (1st Period) Cases"
"4865","qrter_visit_one_pct_grp1","Provides a subtotal Percentage of first column returned.","4",,,"Quarter Percent {Group1} (1st Period) Cases"
"4868","qrter_visit_ratio_one","First two periods on case percent trended report","2",,,"Quarter Cases Percent (1st Period)"
"4871","qrter_visit_ratio_one","First two periods on case percent trended report","4",,,"Quarter Cases Percent (1st Period)"
"4874","qrter_visit_ratio_three","Third two periods on case percent trended report","2",,,"Quarter Cases Percent (3rd Period)"
"4877","qrter_visit_ratio_three","Third two periods on case percent trended report","4",,,"Quarter Cases Percent (3rd Period)"
"4880","qrter_visit_ratio_two","Second two periods on case percent trended report","2",,,"Quarter Cases Percent (2nd Period)"
"4883","qrter_visit_ratio_two","Second two periods on case percent trended report","4",,,"Quarter Cases Percent (2nd Period)"
"4886","qrter_visit_three","Third two periods on cases trended report","2",,,"Quarter Cases (3rd Period)"
"4889","qrter_visit_three","Third two periods on cases trended report","4",,,"Quarter Cases (3rd Period)"
"4892","qrter_visit_three_pct_grp1","Provides a subtotal Percentage of third column returned.","2",,,"Quarter Percent {Group1} (3rd Period) Cases"
"4895","qrter_visit_three_pct_grp1","Provides a subtotal Percentage of third column returned.","4",,,"Quarter Percent {Group1} (3rd Period) Cases"
"4898","qrter_visit_two","Second two periods on cases trended report","2",,,"Quarter Cases (2nd Period)"
"4901","qrter_visit_two","Second two periods on cases trended report","4",,,"Quarter Cases (2nd Period)"
"4904","qrter_visit_two_pct_grp1","Provides a subtotal Percentage of second column returned.","2",,,"Quarter Percent {Group1} (2nd Period) Cases"
"4907","qrter_visit_two_pct_grp1","Provides a subtotal Percentage of second column returned.","4",,,"Quarter Percent {Group1} (2nd Period) Cases"
"4910","rev_codes_name","The category of revenue detail on a discharge case","1",,,"Revenue Detail"
"4913","rev_codes_name","The category of revenue detail on a discharge case","2",,,"Revenue Detail"
"4916","revenue_pct_grp1","Provides a subtotal Percentage of first grouping returned on detail charges","1",,,"Percent {Group1} Detail Charges"
"4919","revenue_pct_grp1","Provides a subtotal Percentage of first grouping returned on detail charges","2",,,"Percent {Group1} Detail Charges"
"4922","revenue_pct_total","Provides a percent of total detail charges returned.","1",,,"Percent Total Detail Charges"
"4925","revenue_pct_total","Provides a percent of total detail charges returned.","2",,,"Percent Total Detail Charges"
"4928","revenue_total","The total detail charges assocaited with cases on report","1",,,"Total Detail Charges"
"4931","revenue_total","The total detail charges assocaited with cases on report","2",,,"Total Detail Charges"
"4934","semi_case_one_pct_grp1","Provides a subtotal Percentage of first column returned.","1",,,"Semi Percent {Group1} (1st Two Periods) Cases"
"4937","semi_case_one_pct_grp1","Provides a subtotal Percentage of first column returned.","2",,,"Semi Percent {Group1} (1st Two Periods) Cases"
"4940","semi_case_one_pct_grp1","Provides a subtotal Percentage of first column returned.","4",,,"Semi Percent {Group1} (1st Two Periods) Cases"
"4943","semi_case_ratio_one","First two periods on case percent trended report","1",,,"Semi Cases Percent (1st Two Periods)"
"4946","semi_case_ratio_one","First two periods on case percent trended report","2",,,"Semi Cases Percent (1st Two Periods)"
"4949","semi_case_ratio_one","First two periods on case percent trended report","4",,,"Semi Cases Percent (1st Two Periods)"
"4952","semi_case_ratio_three","Third two periods on case percent trended report","1",,,"Semi Cases Percent (3rd Two Periods)"
"4955","semi_case_ratio_three","Third two periods on case percent trended report","2",,,"Semi Cases Percent (3rd Two Periods)"
"4958","semi_case_ratio_three","Third two periods on case percent trended report","4",,,"Semi Cases Percent (3rd Two Periods)"
"4961","semi_case_ratio_two","Second two periods on case percent trended report","1",,,"Semi Cases Percent (2nd Two Periods)"
"4964","semi_case_ratio_two","Second two periods on case percent trended report","2",,,"Semi Cases Percent (2nd Two Periods)"
"4967","semi_case_ratio_two","Second two periods on case percent trended report","4",,,"Semi Cases Percent (2nd Two Periods)"
"4970","semi_case_three_pct_grp1","Provides a subtotal Percentage of third column returned.","1",,,"Semi Percent {Group1} (3rd Two Periods) Cases"
"4973","semi_case_three_pct_grp1","Provides a subtotal Percentage of third column returned.","2",,,"Semi Percent {Group1} (3rd Two Periods) Cases"
"4976","semi_case_three_pct_grp1","Provides a subtotal Percentage of third column returned.","4",,,"Semi Percent {Group1} (3rd Two Periods) Cases"
"4979","semi_case_two_pct_grp1","Provides a subtotal Percentage of second column returned.","1",,,"Semi Percent {Group1} (2nd Two Periods) Cases"
"4982","semi_case_two_pct_grp1","Provides a subtotal Percentage of second column returned.","2",,,"Semi Percent {Group1} (2nd Two Periods) Cases"
"4985","semi_case_two_pct_grp1","Provides a subtotal Percentage of second column returned.","4",,,"Semi Percent {Group1} (2nd Two Periods) Cases"
"4988","semi_charge_one","First two periods on charge trended report","1",,,"Semi Charges (1st Two Periods)"
"4991","semi_charge_one","First two periods on charge trended report","2",,,"Semi Charges (1st Two Periods)"
"4994","semi_charge_one","First two periods on charge trended report","4",,,"Semi Charges (1st Two Periods)"
"4997","semi_charge_one_pct_grp1","Provides a subtotal Percentage of first column returned.","1",,,"Semi Percent {Group1} (1st Two Periods) Charges"
"5000","semi_charge_one_pct_grp1","Provides a subtotal Percentage of first column returned.","2",,,"Semi Percent {Group1} (1st Two Periods) Charges"
"5003","semi_charge_one_pct_grp1","Provides a subtotal Percentage of first column returned.","4",,,"Semi Percent {Group1} (1st Two Periods) Charges"
"5006","semi_charge_ratio_one","First two periods on charge percent trended report","1",,,"Semi Charges Percent (1st Two Periods)"
"5009","semi_charge_ratio_one","First two periods on charge percent trended report","2",,,"Semi Charges Percent (1st Two Periods)"
"5012","semi_charge_ratio_one","First two periods on charge percent trended report","4",,,"Semi Charges Percent (1st Two Periods)"
"5015","semi_charge_ratio_three","Third two periods on charge percent trended report","1",,,"Semi Charges Percent (3rd Two Periods)"
"5018","semi_charge_ratio_three","Third two periods on charge percent trended report","2",,,"Semi Charges Percent (3rd Two Periods)"
"5021","semi_charge_ratio_three","Third two periods on charge percent trended report","4",,,"Semi Charges Percent (3rd Two Periods)"
"5024","semi_charge_ratio_two","Second two periods on charge percent trended report","1",,,"Semi Charges Percent (2nd Two Periods)"
"5027","semi_charge_ratio_two","Second two periods on charge percent trended report","2",,,"Semi Charges Percent (2nd Two Periods)"
"5030","semi_charge_ratio_two","Second two periods on charge percent trended report","4",,,"Semi Charges Percent (2nd Two Periods)"
"5033","semi_charge_three","Third two periods on charge trended report","1",,,"Semi Charges (3rd Two Periods)"
"5036","semi_charge_three","Third two periods on charge trended report","2",,,"Semi Charges (3rd Two Periods)"
"5039","semi_charge_three","Third two periods on charge trended report","4",,,"Semi Charges (3rd Two Periods)"
"5042","semi_charge_three_pct_grp1","Provides a subtotal Percentage of third column returned.","1",,,"Semi Percent {Group1} (3rd Two Periods) Charges"
"5045","semi_charge_three_pct_grp1","Provides a subtotal Percentage of third column returned.","2",,,"Semi Percent {Group1} (3rd Two Periods) Charges"
"5048","semi_charge_three_pct_grp1","Provides a subtotal Percentage of third column returned.","4",,,"Semi Percent {Group1} (3rd Two Periods) Charges"
"5051","semi_charge_two","Second two periods on charge trended report","1",,,"Semi Charges (2nd Two Periods)"
"5054","semi_charge_two","Second two periods on charge trended report","2",,,"Semi Charges (2nd Two Periods)"
"5057","semi_charge_two","Second two periods on charge trended report","4",,,"Semi Charges (2nd Two Periods)"
"5060","semi_charge_two_pct_grp1","Provides a subtotal Percentage of second column returned.","1",,,"Semi Percent {Group1} (2nd Two Periods) Charges"
"5063","semi_charge_two_pct_grp1","Provides a subtotal Percentage of second column returned.","2",,,"Semi Percent {Group1} (2nd Two Periods) Charges"
"5066","semi_charge_two_pct_grp1","Provides a subtotal Percentage of second column returned.","4",,,"Semi Percent {Group1} (2nd Two Periods) Charges"
"5069","semi_procd_one","First two periods on cases trended report","2",,,"Semi Procedures (1st Two Periods)"
"5072","semi_procd_one","First two periods on cases trended report","4",,,"Semi Procedures (1st Two Periods)"
"5075","semi_procd_one_pct_grp1","Provides a subtotal Percentage of first column returned.","2",,,"Semi Percent {Group1} (1st Two Periods) Procedures"
"5078","semi_procd_one_pct_grp1","Provides a subtotal Percentage of first column returned.","4",,,"Semi Percent {Group1} (1st Two Periods) Procedures"
"5081","semi_procd_ratio_one","First four periods on cases Percent trended report","2",,,"Semi Procedures Percent (1st Two Periods)"
"5084","semi_procd_ratio_one","First four periods on cases Percent trended report","4",,,"Semi Procedures Percent (1st Two Periods)"
"5087","semi_procd_ratio_three","Third four periods on cases percent trended report","2",,,"Semi Procedures Percent (3rd Two Periods)"
"5090","semi_procd_ratio_three","Third four periods on cases percent trended report","4",,,"Semi Procedures Percent (3rd Two Periods)"
"5093","semi_procd_ratio_two","Second four periods on cases percent trended report","2",,,"Semi Procedures Percent (2nd Two Periods)"
"5096","semi_procd_ratio_two","Second four periods on cases percent trended report","4",,,"Semi Procedures Percent (2nd Two Periods)"
"5099","semi_procd_three","Third two periods on cases trended report","2",,,"Semi Procedures  (3rd Two Periods)"
"5102","semi_procd_three","Third two periods on cases trended report","4",,,"Semi Procedures  (3rd Two Periods)"
"5105","semi_procd_three_pct_grp1","Provides a subtotal Percentage of third column returned.","2",,,"Semi Percent {Group1} (3rd Two Periods) Procedures"
"5108","semi_procd_three_pct_grp1","Provides a subtotal Percentage of third column returned.","4",,,"Semi Percent {Group1} (3rd Two Periods) Procedures"
"5111","semi_procd_two","Second two periods on cases trended report","2",,,"Semi Procedures (2nd Two Periods)"
"5114","semi_procd_two","Second two periods on cases trended report","4",,,"Semi Procedures (2nd Two Periods)"
"5117","semi_procd_two_pct_grp1","Provides a subtotal Percentage of second column returned.","2",,,"Semi Percent {Group1} (2nd Two Periods) Procedures"
"5120","semi_procd_two_pct_grp1","Provides a subtotal Percentage of second column returned.","4",,,"Semi Percent {Group1} (2nd Two Periods) Procedures"
"5123","semi_visit_one","First two periods on cases trended report","2",,,"Semi Cases (1st Two Periods)"
"5126","semi_visit_one","First two periods on cases trended report","4",,,"Semi Cases (1st Two Periods)"
"5129","semi_visit_one_pct_grp1","Provides a subtotal Percentage of first column returned.","2",,,"Semi Percent {Group1} (1st Two Periods) Cases"
"5132","semi_visit_one_pct_grp1","Provides a subtotal Percentage of first column returned.","4",,,"Semi Percent {Group1} (1st Two Periods) Cases"
"5135","semi_visit_ratio_one","First two periods on case percent trended report","2",,,"Semi Cases Percent (1st Two Periods)"
"5138","semi_visit_ratio_one","First two periods on case percent trended report","4",,,"Semi Cases Percent (1st Two Periods)"
"5141","semi_visit_ratio_three","Third two periods on case percent trended report","2",,,"Semi Cases Percent (3rd Two Periods)"
"5144","semi_visit_ratio_three","Third two periods on case percent trended report","4",,,"Semi Cases Percent (3rd Two Periods)"
"5147","semi_visit_ratio_two","Second two periods on case percent trended report","2",,,"Semi Cases Percent (2nd Two Periods)"
"5150","semi_visit_ratio_two","Second two periods on case percent trended report","4",,,"Semi Cases Percent (2nd Two Periods)"
"5153","semi_visit_three","Third two periods on cases trended report","2",,,"Semi Cases  (3rd Two Periods)"
"5156","semi_visit_three","Third two periods on cases trended report","4",,,"Semi Cases  (3rd Two Periods)"
"5159","semi_visit_three_pct_grp1","Provides a subtotal Percentage of third column returned.","2",,,"Semi Percent {Group1} (3rd Two Periods) Cases"
"5162","semi_visit_three_pct_grp1","Provides a subtotal Percentage of third column returned.","4",,,"Semi Percent {Group1} (3rd Two Periods) Cases"
"5165","semi_visit_two","Second two periods on cases trended report","2",,,"Semi Cases (2nd Two Periods)"
"5168","semi_visit_two","Second two periods on cases trended report","4",,,"Semi Cases (2nd Two Periods)"
"5171","semi_visit_two_pct_grp1","Provides a subtotal Percentage of second column returned.","2",,,"Semi Percent {Group1} (2nd Two Periods) Cases"
"5174","semi_visit_two_pct_grp1","Provides a subtotal Percentage of second column returned.","4",,,"Semi Percent {Group1} (2nd Two Periods) Cases"
"5177","st_payor_name","The payor group associated with a discharge case.","1",,,"Payor"
"5180","st_payor_name","The payor group associated with a discharge case.","2",,,"Payor"
"5183","st_payor_name","The payor group associated with a discharge case.","4",,,"Payor"
"5186","state_code","Claim-level state associated with the patient origin on a claim.","1",,,"Patient State"
"5189","state_code","Claim-level state associated with the patient origin on a claim.","2",,,"Patient State"
"5192","state_code","Claim-level state associated with the patient origin on a claim.","4",,,"Patient State"
"5195","sum_period_case_one_twelve","Sum cases for twelve periods","1",,,"Total Cases"
"5198","sum_period_case_one_twelve","Sum cases for twelve periods","2",,,"Total Cases"
"5201","sum_period_case_one_twelve","Sum cases for twelve periods","4",,,"Total Cases"
"5204","sum_period_charge_one_twelve","Sum charges for twelve periods","1",,,"Total Charges"
"5207","sum_period_charge_one_twelve","Sum charges for twelve periods","2",,,"Total Charges"
"5210","sum_period_charge_one_twelve","Sum charges for twelve periods","4",,,"Total Charges"
"5213","sum_period_procd_one_twelve","Sum procedures for twelve periods","1",,,"Total Procedures"
"5216","sum_period_procd_one_twelve","Sum procedures for twelve periods","2",,,"Total Procedures"
"5219","sum_period_procd_one_twelve","Sum procedures for twelve periods","4",,,"Total Procedures"
"5222","twelve_period_case_eight","Eighth period on case trended report","1",,,"(Period 8) Cases"
"5225","twelve_period_case_eight","Eighth period on case trended report","2",,,"(Period 8) Cases"
"5228","twelve_period_case_eight","Eighth period on case trended report","4",,,"(Period 8) Cases"
"5231","twelve_period_case_eleven","Eleventh period on case trended report","1",,,"(Period 11) Cases"
"5234","twelve_period_case_eleven","Eleventh period on case trended report","2",,,"(Period 11) Cases"
"5237","twelve_period_case_eleven","Eleventh period on case trended report","4",,,"(Period 11) Cases"
"5240","twelve_period_case_five","Fifth period on case trended report","1",,,"(Period 5) Cases"
"5243","twelve_period_case_five","Fifth period on case trended report","2",,,"(Period 5) Cases"
"5246","twelve_period_case_five","Fifth period on case trended report","4",,,"(Period 5) Cases"
"5249","twelve_period_case_four","Fourth period on case trended report","1",,,"(Period 4) Cases"
"5252","twelve_period_case_four","Fourth period on case trended report","2",,,"(Period 4) Cases"
"5255","twelve_period_case_four","Fourth period on case trended report","4",,,"(Period 4) Cases"
"5258","twelve_period_case_nine","Nineth period on case trended report","1",,,"(Period 9) Cases"
"5261","twelve_period_case_nine","Nineth period on case trended report","2",,,"(Period 9) Cases"
"5264","twelve_period_case_nine","Nineth period on case trended report","4",,,"(Period 9) Cases"
"5267","twelve_period_case_one","First period on case trended report","1",,,"(Period 1) Cases"
"5270","twelve_period_case_one","First period on case trended report","2",,,"(Period 1) Cases"
"5273","twelve_period_case_one","First period on case trended report","4",,,"(Period 1) Cases"
"5276","twelve_period_case_seven","Seventh period on case trended report","1",,,"(Period 7) Cases"
"5279","twelve_period_case_seven","Seventh period on case trended report","2",,,"(Period 7) Cases"
"5282","twelve_period_case_seven","Seventh period on case trended report","4",,,"(Period 7) Cases"
"5285","twelve_period_case_six","Sixth period on case trended report","1",,,"(Period 6) Cases"
"5288","twelve_period_case_six","Sixth period on case trended report","2",,,"(Period 6) Cases"
"5291","twelve_period_case_six","Sixth period on case trended report","4",,,"(Period 6) Cases"
"5294","twelve_period_case_ten","Tenth period on case trended report","1",,,"(Period 10) Cases"
"5297","twelve_period_case_ten","Tenth period on case trended report","2",,,"(Period 10) Cases"
"5300","twelve_period_case_ten","Tenth period on case trended report","4",,,"(Period 10) Cases"
"5303","twelve_period_case_three","Second period on case trended report","1",,,"(Period 3) Cases"
"5306","twelve_period_case_three","Second period on case trended report","2",,,"(Period 3) Cases"
"5309","twelve_period_case_three","Second period on case trended report","4",,,"(Period 3) Cases"
"5312","twelve_period_case_twelve","Twelveth period on case trended report","1",,,"(Period 12) Cases"
"5315","twelve_period_case_twelve","Twelveth period on case trended report","2",,,"(Period 12) Cases"
"5318","twelve_period_case_twelve","Twelveth period on case trended report","4",,,"(Period 12) Cases"
"5321","twelve_period_case_two","Third period on case trended report","1",,,"(Period 2) Cases"
"5324","twelve_period_case_two","Third period on case trended report","2",,,"(Period 2) Cases"
"5327","twelve_period_case_two","Third period on case trended report","4",,,"(Period 2) Cases"
"5330","twelve_period_charge_eight","Eighth period on charge trended report","1",,,"(Period 8) Charges"
"5333","twelve_period_charge_eight","Eighth period on charge trended report","2",,,"(Period 8) Charges"
"5336","twelve_period_charge_eight","Eighth period on charge trended report","4",,,"(Period 8) Charges"
"5339","twelve_period_charge_eleven","Eleventh period on charge trended report","1",,,"(Period 11) Charges"
"5342","twelve_period_charge_eleven","Eleventh period on charge trended report","2",,,"(Period 11) Charges"
"5345","twelve_period_charge_eleven","Eleventh period on charge trended report","4",,,"(Period 11) Charges"
"5348","twelve_period_charge_five","Fifth period on charge trended report","1",,,"(Period 5) Charges"
"5351","twelve_period_charge_five","Fifth period on charge trended report","2",,,"(Period 5) Charges"
"5354","twelve_period_charge_five","Fifth period on charge trended report","4",,,"(Period 5) Charges"
"5357","twelve_period_charge_four","Fourth period on charge trended report","1",,,"(Period 4) Charges"
"5360","twelve_period_charge_four","Fourth period on charge trended report","2",,,"(Period 4) Charges"
"5363","twelve_period_charge_four","Fourth period on charge trended report","4",,,"(Period 4) Charges"
"5366","twelve_period_charge_nine","Nineth period on charge trended report","1",,,"(Period 9) Charges"
"5369","twelve_period_charge_nine","Nineth period on charge trended report","2",,,"(Period 9) Charges"
"5372","twelve_period_charge_nine","Nineth period on charge trended report","4",,,"(Period 9) Charges"
"5375","twelve_period_charge_one","First period on charge trended report","1",,,"(Period 1) Charges"
"5378","twelve_period_charge_one","First period on charge trended report","2",,,"(Period 1) Charges"
"5381","twelve_period_charge_one","First period on charge trended report","4",,,"(Period 1) Charges"
"5384","twelve_period_charge_seven","Seventh period on charge trended report","1",,,"(Period 7) Charges"
"5387","twelve_period_charge_seven","Seventh period on charge trended report","2",,,"(Period 7) Charges"
"5390","twelve_period_charge_seven","Seventh period on charge trended report","4",,,"(Period 7) Charges"
"5393","twelve_period_charge_six","Sixth two period on charge trended report","1",,,"(Period 6) Charges"
"5396","twelve_period_charge_six","Sixth two period on charge trended report","2",,,"(Period 6) Charges"
"5399","twelve_period_charge_six","Sixth two period on charge trended report","4",,,"(Period 6) Charges"
"5402","twelve_period_charge_ten","Tenth period on charge trended report","1",,,"(Period 10) Charges"
"5405","twelve_period_charge_ten","Tenth period on charge trended report","2",,,"(Period 10) Charges"
"5408","twelve_period_charge_ten","Tenth period on charge trended report","4",,,"(Period 10) Charges"
"5411","twelve_period_charge_three","Third period on charge trended report","1",,,"(Period 3) Charges"
"5414","twelve_period_charge_three","Third period on charge trended report","2",,,"(Period 3) Charges"
"5417","twelve_period_charge_three","Third period on charge trended report","4",,,"(Period 3) Charges"
"5420","twelve_period_charge_twelve","Twelveth two period on charge trended report","1",,,"(Period 12) Charges"
"5423","twelve_period_charge_twelve","Twelveth two period on charge trended report","2",,,"(Period 12) Charges"
"5426","twelve_period_charge_twelve","Twelveth two period on charge trended report","4",,,"(Period 12) Charges"
"5429","twelve_period_charge_two","Second period on charge trended report","1",,,"(Period 2) Charges"
"5432","twelve_period_charge_two","Second period on charge trended report","2",,,"(Period 2) Charges"
"5435","twelve_period_charge_two","Second period on charge trended report","4",,,"(Period 2) Charges"
"5438","twelve_period_procd_eight","Eighth period on procedures trended report","2",,,"(Period 8) Procedures"
"5441","twelve_period_procd_eight","Eighth period on procedures trended report","4",,,"(Period 8) Procedures"
"5444","twelve_period_procd_eleven","Eleventh period on procedures trended report","2",,,"(Period 11) Procedures"
"5447","twelve_period_procd_eleven","Eleventh period on procedures trended report","4",,,"(Period 11) Procedures"
"5450","twelve_period_procd_five","Fifth period on procedures trended report","2",,,"(Period 5) Procedures"
"5453","twelve_period_procd_five","Fifth period on procedures trended report","4",,,"(Period 5) Procedures"
"5456","twelve_period_procd_four","Fourth period on procedures trended report","2",,,"(Period 4) Procedures"
"5459","twelve_period_procd_four","Fourth period on procedures trended report","4",,,"(Period 4) Procedures"
"5462","twelve_period_procd_nine","Nineth period on procedures trended report","2",,,"(Period 9) Procedures"
"5465","twelve_period_procd_nine","Nineth period on procedures trended report","4",,,"(Period 9) Procedures"
"5468","twelve_period_procd_one","First period on procedures trended report","2",,,"(Period 1) Procedures"
"5471","twelve_period_procd_one","First period on procedures trended report","4",,,"(Period 1) Procedures"
"5474","twelve_period_procd_seven","Seventh period on procedures trended report","2",,,"(Period 7) Procedures"
"5477","twelve_period_procd_seven","Seventh period on procedures trended report","4",,,"(Period 7) Procedures"
"5480","twelve_period_procd_six","Sixth period on procedures trended report","2",,,"(Period 6) Procedures"
"5483","twelve_period_procd_six","Sixth period on procedures trended report","4",,,"(Period 6) Procedures"
"5486","twelve_period_procd_ten","Tenth period on procedures trended report","2",,,"(Period 10) Procedures"
"5489","twelve_period_procd_ten","Tenth period on procedures trended report","4",,,"(Period 10) Procedures"
"5492","twelve_period_procd_three","Second period on procedures trended report","2",,,"(Period 3) Procedures"
"5495","twelve_period_procd_three","Second period on procedures trended report","4",,,"(Period 3) Procedures"
"5498","twelve_period_procd_twelve","Twelveth period on procedures trended report","2",,,"(Period 12) Procedures"
"5501","twelve_period_procd_twelve","Twelveth period on procedures trended report","4",,,"(Period 12) Procedures"
"5504","twelve_period_procd_two","Third period on procedures trended report","2",,,"(Period 2) Procedures"
"5507","twelve_period_procd_two","Third period on procedures trended report","4",,,"(Period 2) Procedures"
"5510","vol_case_three_minus_two","Annual Period third period minus second period","1",,,"Change Period 3-2"
"5513","vol_case_three_minus_two","Annual Period third period minus second period","2",,,"Change Period 3-2"
"5516","vol_case_three_minus_two","Annual Period third period minus second period","4",,,"Change Period 3-2"
"5519","vol_case_three_percent_two","The percent change in volume to Two","1",,,"Percent Change Period 3-2"
"5522","vol_case_three_percent_two","The percent change in volume to Two","2",,,"Percent Change Period 3-2"
"5525","vol_case_three_percent_two","The percent change in volume to Two","4",,,"Percent Change Period 3-2"
"5528","vol_case_two_minus_one","Annual Period second period minus first period","1",,,"Change Period 2-1"
"5531","vol_case_two_minus_one","Annual Period second period minus first period","2",,,"Change Period 2-1"
"5534","vol_case_two_minus_one","Annual Period second period minus first period","4",,,"Change Period 2-1"
"5537","vol_case_two_percent_one","The percent change in volume to One","1",,,"Percent Change Period 2-1"
"5540","vol_case_two_percent_one","The percent change in volume to One","2",,,"Percent Change Period 2-1"
"5543","vol_case_two_percent_one","The percent change in volume to One","4",,,"Percent Change Period 2-1"
"5546","vol_charge_three_minus_two","Annual Period three minus period two","1",,,"Change Period 3-2"
"5549","vol_charge_three_minus_two","Annual Period three minus period two","2",,,"Change Period 3-2"
"5552","vol_charge_three_minus_two","Annual Period three minus period two","4",,,"Change Period 3-2"
"5555","vol_charge_three_percent_two","The percent change in charges to Two","1",,,"Percent Change Period 3-2"
"5558","vol_charge_three_percent_two","The percent change in charges to Two","2",,,"Percent Change Period 3-2"
"5561","vol_charge_three_percent_two","The percent change in charges to Two","4",,,"Percent Change Period 3-2"
"5564","vol_charge_two_minus_one","Annual Period two minus period one","1",,,"Change Period 2-1"
"5567","vol_charge_two_minus_one","Annual Period two minus period one","2",,,"Change Period 2-1"
"5570","vol_charge_two_minus_one","Annual Period two minus period one","4",,,"Change Period 2-1"
"5573","vol_charge_two_percent_one","The percent change in charges to One","1",,,"Percent Change Period 2-1"
"5576","vol_charge_two_percent_one","The percent change in charges to One","2",,,"Percent Change Period 2-1"
"5579","vol_charge_two_percent_one","The percent change in charges to One","4",,,"Percent Change Period 2-1"
"5582","vol_procd_three_minus_two","Annual Period third period minus second period","2",,,"Change Period 3-2"
"5585","vol_procd_three_minus_two","Annual Period third period minus second period","4",,,"Change Period 3-2"
"5588","vol_procd_three_percent_two","The percent change in volume to Two","2",,,"Percent Change Period 3-2"
"5591","vol_procd_three_percent_two","The percent change in volume to Two","4",,,"Percent Change Period 3-2"
"5594","vol_procd_two_minus_one","Annual Period second period minus first period","2",,,"Change Period 2-1"
"5597","vol_procd_two_minus_one","Annual Period second period minus first period","4",,,"Change Period 2-1"
"5600","vol_procd_two_percent_one","The percent change in volume to One","2",,,"Percent Change Period 2-1"
"5603","vol_procd_two_percent_one","The percent change in volume to One","4",,,"Percent Change Period 2-1"
"5606","vol_qrter_case_three_minus_two","Quarter Period third period minus second period","1",,,"Change Period 3-2"
"5609","vol_qrter_case_three_minus_two","Quarter Period third period minus second period","2",,,"Change Period 3-2"
"5612","vol_qrter_case_three_minus_two","Quarter Period third period minus second period","4",,,"Change Period 3-2"
"5615","vol_qrter_case_three_percent_two","The percent change in qrter case to Two","1",,,"Percent Change Period 3-2"
"5618","vol_qrter_case_three_percent_two","The percent change in qrter case to Two","2",,,"Percent Change Period 3-2"
"5621","vol_qrter_case_three_percent_two","The percent change in qrter case to Two","4",,,"Percent Change Period 3-2"
"5624","vol_qrter_case_two_minus_one","Quarter Period second minus first period","1",,,"Change Period 2-1"
"5627","vol_qrter_case_two_minus_one","Quarter Period second minus first period","2",,,"Change Period 2-1"
"5630","vol_qrter_case_two_minus_one","Quarter Period second minus first period","4",,,"Change Period 2-1"
"5633","vol_qrter_case_two_percent_one","The percent change in qrter case to One","1",,,"Percent Change Period 2-1"
"5636","vol_qrter_case_two_percent_one","The percent change in qrter case to One","2",,,"Percent Change Period 2-1"
"5639","vol_qrter_case_two_percent_one","The percent change in qrter case to One","4",,,"Percent Change Period 2-1"
"5642","vol_qrter_charge_three_minus_two","Quarter Period three minus period two","1",,,"Change Period 3-2"
"5645","vol_qrter_charge_three_minus_two","Quarter Period three minus period two","2",,,"Change Period 3-2"
"5648","vol_qrter_charge_three_minus_two","Quarter Period three minus period two","4",,,"Change Period 3-2"
"5651","vol_qrter_charge_three_percent_two","The percent change in qrter charge to Two","1",,,"Percent Change Period 3-2"
"5654","vol_qrter_charge_three_percent_two","The percent change in qrter charge to Two","2",,,"Percent Change Period 3-2"
"5657","vol_qrter_charge_three_percent_two","The percent change in qrter charge to Two","4",,,"Percent Change Period 3-2"
"5660","vol_qrter_charge_two_minus_one","Quarter Period two minus period one","1",,,"Change Period 2-1"
"5663","vol_qrter_charge_two_minus_one","Quarter Period two minus period one","2",,,"Change Period 2-1"
"5666","vol_qrter_charge_two_minus_one","Quarter Period two minus period one","4",,,"Change Period 2-1"
"5669","vol_qrter_charge_two_percent_one","The percent change in qrter charge to One","1",,,"Percent Change Period 2-1"
"5672","vol_qrter_charge_two_percent_one","The percent change in qrter charge to One","2",,,"Percent Change Period 2-1"
"5675","vol_qrter_charge_two_percent_one","The percent change in qrter charge to One","4",,,"Percent Change Period 2-1"
"5678","vol_qrter_procd_three_minus_two","Quarter Period third period minus second period","2",,,"Change Period 3-2"
"5681","vol_qrter_procd_three_minus_two","Quarter Period third period minus second period","4",,,"Change Period 3-2"
"5684","vol_qrter_procd_three_percent_two","The percent change in volume to Two","2",,,"Percent Change Period 3-2"
"5687","vol_qrter_procd_three_percent_two","The percent change in volume to Two","4",,,"Percent Change Period 3-2"
"5690","vol_qrter_procd_two_minus_one","Quarter Period second minus first period","2",,,"Change Period 2-1"
"5693","vol_qrter_procd_two_minus_one","Quarter Period second minus first period","4",,,"Change Period 2-1"
"5696","vol_qrter_procd_two_percent_one","The percent change in volume to One","2",,,"Percent Change Period 2-1"
"5699","vol_qrter_procd_two_percent_one","The percent change in volume to One","4",,,"Percent Change Period 2-1"
"5702","vol_qrter_visit_three_minus_two","Quarter Period third period minus second period","2",,,"Change Period 3-2"
"5705","vol_qrter_visit_three_minus_two","Quarter Period third period minus second period","4",,,"Change Period 3-2"
"5708","vol_qrter_visit_three_percent_two","The percent change in volume to Two","2",,,"Percent Change Period 3-2"
"5711","vol_qrter_visit_three_percent_two","The percent change in volume to Two","4",,,"Percent Change Period 3-2"
"5714","vol_qrter_visit_two_minus_one","Quarter Period second period minus first period","2",,,"Change Period 2-1"
"5717","vol_qrter_visit_two_minus_one","Quarter Period second period minus first period","4",,,"Change Period 2-1"
"5720","vol_qrter_visit_two_percent_one","The percent change in volume to One","2",,,"Percent Change Period 2-1"
"5723","vol_qrter_visit_two_percent_one","The percent change in volume to One","4",,,"Percent Change Period 2-1"
"5726","vol_semi_case_three_minus_two","Semi Period third period minus first period","1",,,"Change Period 3-2"
"5729","vol_semi_case_three_minus_two","Semi Period third period minus first period","2",,,"Change Period 3-2"
"5732","vol_semi_case_three_minus_two","Semi Period third period minus first period","4",,,"Change Period 3-2"
"5735","vol_semi_case_three_percent_two","The percent change in semi case to Two","1",,,"Percent Change Period 3-2"
"5738","vol_semi_case_three_percent_two","The percent change in semi case to Two","2",,,"Percent Change Period 3-2"
"5741","vol_semi_case_three_percent_two","The percent change in semi case to Two","4",,,"Percent Change Period 3-2"
"5744","vol_semi_case_two_minus_one","Semi Period second period minus first period","1",,,"Change Period 2-1"
"5747","vol_semi_case_two_minus_one","Semi Period second period minus first period","2",,,"Change Period 2-1"
"5750","vol_semi_case_two_minus_one","Semi Period second period minus first period","4",,,"Change Period 2-1"
"5753","vol_semi_case_two_percent_one","The percent change in semi case to One","1",,,"Percent Change Period 2-1"
"5756","vol_semi_case_two_percent_one","The percent change in semi case to One","2",,,"Percent Change Period 2-1"
"5759","vol_semi_case_two_percent_one","The percent change in semi case to One","4",,,"Percent Change Period 2-1"
"5762","vol_semi_charge_three_minus_two","Semi Period three minus period two","1",,,"Change Period 3-2"
"5765","vol_semi_charge_three_minus_two","Semi Period three minus period two","2",,,"Change Period 3-2"
"5768","vol_semi_charge_three_minus_two","Semi Period three minus period two","4",,,"Change Period 3-2"
"5771","vol_semi_charge_three_percent_two","The percent change in semi charge to Two","1",,,"Percent Change Period 3-2"
"5774","vol_semi_charge_three_percent_two","The percent change in semi charge to Two","2",,,"Percent Change Period 3-2"
"5777","vol_semi_charge_three_percent_two","The percent change in semi charge to Two","4",,,"Percent Change Period 3-2"
"5780","vol_semi_charge_two_minus_one","Semi Period two minus period one","1",,,"Change Period 2-1"
"5783","vol_semi_charge_two_minus_one","Semi Period two minus period one","2",,,"Change Period 2-1"
"5786","vol_semi_charge_two_minus_one","Semi Period two minus period one","4",,,"Change Period 2-1"
"5789","vol_semi_charge_two_percent_one","The percent change in semi charge to One","1",,,"Percent Change Period 2-1"
"5792","vol_semi_charge_two_percent_one","The percent change in semi charge to One","2",,,"Percent Change Period 2-1"
"5795","vol_semi_charge_two_percent_one","The percent change in semi charge to One","4",,,"Percent Change Period 2-1"
"5798","vol_semi_procd_three_minus_two","Semi Period third period minus second period","2",,,"Change Period 3-2"
"5801","vol_semi_procd_three_minus_two","Semi Period third period minus second period","4",,,"Change Period 3-2"
"5804","vol_semi_procd_three_percent_two","The percent change in volume to Two","2",,,"Percent Change Period 3-2"
"5807","vol_semi_procd_three_percent_two","The percent change in volume to Two","4",,,"Percent Change Period 3-2"
"5810","vol_semi_procd_two_minus_one","Semi Period second period minus first period","2",,,"Change Period 2-1"
"5813","vol_semi_procd_two_minus_one","Semi Period second period minus first period","4",,,"Change Period 2-1"
"5816","vol_semi_procd_two_percent_one","The percent change in volume to One","2",,,"Percent Change Period 2-1"
"5819","vol_semi_procd_two_percent_one","The percent change in volume to One","4",,,"Percent Change Period 2-1"
"5822","vol_semi_visit_three_minus_two","Semi Period third period minus second period","2",,,"Change Period 3-2"
"5825","vol_semi_visit_three_minus_two","Semi Period third period minus second period","4",,,"Change Period 3-2"
"5828","vol_semi_visit_three_percent_two","The percent change in volume to Two","2",,,"Percent Change Period 3-2"
"5831","vol_semi_visit_three_percent_two","The percent change in volume to Two","4",,,"Percent Change Period 3-2"
"5834","vol_semi_visit_two_minus_one","Semi Period second period minus first period","2",,,"Change Period 2-1"
"5837","vol_semi_visit_two_minus_one","Semi Period second period minus first period","4",,,"Change Period 2-1"
"5840","vol_semi_visit_two_percent_one","The percent change in volume to One","2",,,"Percent Change Period 2-1"
"5843","vol_semi_visit_two_percent_one","The percent change in volume to One","4",,,"Percent Change Period 2-1"
"5846","vol_visit_three_minus_two","Annual Period third period minus second period","2",,,"Change Period 3-2"
"5849","vol_visit_three_minus_two","Annual Period third period minus second period","4",,,"Change Period 3-2"
"5852","vol_visit_three_percent_two","The percent change in volume to Two","2",,,"Percent Change Period 3-2"
"5855","vol_visit_three_percent_two","The percent change in volume to Two","4",,,"Percent Change Period 3-2"
"5858","vol_visit_two_minus_one","Annual Period second period minus first period","2",,,"Change Period 2-1"
"5861","vol_visit_two_minus_one","Annual Period second period minus first period","4",,,"Change Period 2-1"
"5864","vol_visit_two_percent_one","The percent change in volume to One","2",,,"Percent Change Period 2-1"
"5867","vol_visit_two_percent_one","The percent change in volume to One","4",,,"Percent Change Period 2-1"
"5870","yoy","The volume trend seen year over year for a specific date range","1",,,"Year over Year Trending"
"5873","yoy","The volume trend seen year over year for a specific date range","2",,,"Year over Year Trending"
"5876","yoy","The volume trend seen year over year for a specific date range","4",,,"Year over Year Trending"
"5879","zip_code","5-digit zip code of the patient origin on a claim.","1",,,"Zip Code"
"5882","zip_code","5-digit zip code of the patient origin on a claim.","2",,,"Zip Code"
"5885","zip_code","5-digit zip code of the patient origin on a claim.","4",,,"Zip Code"
