"columnalias","sequence","aliasname","checkcolumn","expression","label","helptext","format_string","category","groupable","aggregate","detail","whereclause","hidden","query_stage","forcsv","groupwithcolumn","groupcolumn","grid_tables","grid_columns","grid_columnaliases","grid_whereclause","grid_key","grid_wherecol","grid_display","grid_hidden","update_time","category_sequence","like_flag","schemacolumn","category_filter","distinctcolumn","template_flag","template_id"
"admission_day_of_month","6","{table}","admission_date","dayofmonth(admission_date)","Admission Day of Month","The day of the month (number) that an inpatient case was admitted",,"Time","1","0",,"1","0","0","0",,,"seq_1_to_31","seq Day_of_Month","admission_day_of_month",,"Day_of_Month",,,,"8/12/2025 08:33:26","25","0","admission_date","I",,"0",
"admission_day_of_week","7","{table}","admission_date","concat(dayofweek(admission_date),' - ',dayname(admission_date))","Admission Day of Week","The day of the week (name) that an inpatient case was admitted",,"Time","1","0",,"1","0","0","0",,"dayname(admission_date)","{statedb}.dayofweek","dayofweek_name Day_of_Week, dayofweek_code","admission_day_of_week",,"dayofweek_code","dayofweek(admission_date)","Day_of_Week","dayofweek_code","8/12/2025 08:33:26","25","0","admission_date","I",,"0",
"admission_month_name","8","{table}","admission_date","concat(month(admission_date),' - ',monthname(admission_date))","Admission Month","The month that an inpatient case was admitted",,"Time","1","0",,"1","0","0","0",,"month(admission_date)","{statedb}.monthofyear","monthofyear_name Month, monthofyear_code","monthofyear_name",,"monthofyear_code","month(admission_date)","Month","monthofyear_code","8/12/2025 08:33:26","25","0","admission_date","I",,"0",
"admission_src",,"admission_src","admission_src_code","admission_src_code ","Admission Source Code",,,"Patient","0","0",,"0","1","0","0",,,,,,,,,,,"21/7/2026 12:03:22","17","0","admission_src_code ","IOD",,"0",
"admission_src_name","1","admission_src","admission_src_name","admission_src_name","Admission Source","The hospital admissions source for a discharge case",,"Patient","1","0",,"1","0","0","1",,"{table}.admission_src_code","{statedb}.admission_src","admission_src_code Admission_Source_Code,admission_src_name Admission_Source","admission_src_name",,"Admission_Source_Code","`admission_src`","Admission_Source","Admission_Source_Code","21/7/2026 12:03:25","17","0","admission_src_name","IOD",,"0",
"admission_type",,"admission_type","admission_type_code","admission_type_code","Admission Type Code",,,"Patient","0","0",,"0","1","0","0",,,,,,,,"`admission_type`",,,"21/7/2026 12:03:28","17","0","admission_type_code ","IOD",,"0",
"admission_type_name","2","admission_type","admission_type_name","admission_type_name","Admission Type","The facility admission type for a discharge case",,"Patient","1","0",,"1","0","0","1",,"{table}.admission_type_code","{statedb}.admission_type","admission_type_code Admission_Type_Code,admission_type_name Admission_Type","admission_type_name",,"Admission_Type_Code","`admission_type`","Admission_Type","Admission_Type_Code","21/7/2026 12:03:29","17","0","admission_type_name","IOD",,"0",
"admission_year","9","{table}","admission_date","year(admission_date)","Admission Year","The year that an inpatient case was admitted",,"Time","1","0",,"1","0","0","0",,,"{statedb}.period","distinct year Admission_Year","admission_year","{flag1}","Admission_Year","year(admission_date)","Admission_Year",,"8/12/2025 08:33:26","25","0","year_name","I",,"0",
"age_code","3","age","age_code","age_code","Age","Age of patient on a discharge case","*","Patient","1","0",,"1","0","0","0",,,"000_common.age","DISTINCT age_code Age, age_name Age_Name, age_grp_name Age_Group","age_code,,age_grp_name",,"Age","`age_code`","Age",,"8/12/2025 08:33:25","17","0","age_code","IODB",,"0",
"age_grp_code",,"is_age_grp","age_grp_code","age_grp_code","Age Group Code","Age group of patient in discharge",,"Patient","0","0",,"0","0","0","0",,"`is_age_grp`.`age_grp_code`","000_common.is_age_grp","DISTINCT age_grp_code, age_grp_name Age_Group",",age_grp_name",,"age_grp_code","`age_grp_code`","Age_Group","age_grp_code","22/1/2026 11:27:23","17","0","age_grp_code","IODB",,"0",
"age_grp_name","4","is_age_grp","age_grp_code","age_grp_name","Age Group","Age-group of patient on a discharge case. Age-groups are consistent with ESRI demographic age grouping.",,"Patient","1","0",,"1","0","0","1",,"`is_age_grp`.`age_grp_name`","000_common.is_age_grp","DISTINCT age_grp_code, age_grp_name Age_Group",",age_grp_name",,"age_grp_code","`age_grp_code`","Age_Group","age_grp_code","22/1/2026 11:27:26","17","1","age_grp_code","IODB",,"0",
"age_zip_pop","3","age_zip_pop","age_grp_code","age_grp_code","Age Group Zip Population","Age group of patient in discharge","*","Patient","1","0",,"1","1","0","0",,,"000_common.age","DISTINCT age_code Age, age_name Age_Name, age_grp_name Age_Group","age_code,,age_grp_code",,"Age","`age_zip_pop`","Age Group",,"31/10/2025 12:07:33","17","0","age_code","IODB",,"0",
"annual_case_one",,"{table}","case_id","sum({table}.period_code in ( {period1},{period2},{period3},{period4} )) * (sum(({table}.period_code in ( {period1},{period2},{period3},{period4} ))) > {cell_size})","Annual Cases (1st Four Periods)","First four periods on cases trended report","n0","Trended","0","1",,"0","0","0","0",,,,,,,,,,,"12/2/2026 11:15:15","8","0","case_id","IOD",,"1","{table}-trended-market-share-annual-case"
"annual_case_one_pct_grp1",,"group1table","annual_case_one","concat(round(COALESCE(cachetable.annual_case_one/group1table.annual_case_one,0)*100,2),'%')","Annual Percent {Group1} (1st Four Periods) Cases","Provides a subtotal Percentage of first column returned.","p2","Trended","0","1",,"0","0","1","0","","","","","","","","","","","12/2/2026 11:31:46","1","0","case_id","IOD",,"1","{table}-trended-market-share-annual-case"
"annual_case_ratio_one",,"cachetable0","annual_case_one","concat(round(coalesce(cachetable.annual_case_one/cachetable0.annual_case_one,0)*100,2), '%')","Annual Cases Percent (1st Four Periods)","First four periods on cases Percent trended report","p2","Trended","0","1",,"0","0","1","0",,,,,,,,,,,"11/2/2026 15:37:42","11","0","case_id","IOD",,"1","{table}-trended-market-share-annual-case"
"annual_case_ratio_three",,"cachetable0","annual_case_three","concat(round(coalesce(cachetable.annual_case_three/cachetable0.annual_case_three,0)*100,2),'%')","Annual Cases Percent (3rd Four Periods)","Third four periods on cases percent trended report","p2","Trended","0","1",,"0","0","1","0",,,,,,,,,,,"11/2/2026 15:37:56","10","0","case_id","IOD",,"1","{table}-trended-market-share-annual-case"
"annual_case_ratio_two",,"cachetable0","annual_case_two","concat(round(coalesce(cachetable.annual_case_two/cachetable0.annual_case_two,0)*100,2),'%')","Annual Cases Percent (2nd Four Periods)","Second four periods on cases percent trended report","p2","Trended","0","1",,"0","0","1","0",,,,,,,,,,,"12/2/2026 11:56:45","9","0","case_id","IOD",,"1","{table}-trended-market-share-annual-case"
"annual_case_three",,"{table}","case_id","sum({table}.period_code in ( {period9},{period10},{period11},{period12} )) * (sum(({table}.period_code in ( {period9},{period10},{period11},{period12} ))) > {cell_size})","Annual Cases (3rd Four Periods)","Third four periods on cases trended report","n0","Trended","0","1",,"0","0","0","0",,,,,,,,,,,"11/2/2026 15:35:04","10","0","case_id","IOD",,"1","{table}-trended-market-share-annual-case"
"annual_case_three_pct_grp1",,"group1table","annual_case_three","concat(round(COALESCE(cachetable.annual_case_three/group1table.annual_case_three,0)*100,2),'%')","Annual Percent {Group1} |(3rd Four Periods) Cases","Provides a subtotal Percentage of third column returned.","p2","Trended","0","1",,"0","0","1","0","","","","","","","","","","","12/2/2026 11:27:39","1","0","case_id","IOD",,"1","{table}-trended-market-share-annual-case"
"annual_case_two",,"{table}","case_id","sum({table}.period_code in ( {period5},{period6},{period7},{period8} )) * (sum(({table}.period_code in ( {period5},{period6},{period7},{period8} ))) > {cell_size})","Annual Cases (2nd Four Periods)","Second four periods on cases trended report","n0","Trended","0","1",,"0","0","0","0",,,,,,,,,,,"12/2/2026 11:56:38","9","0","case_id","IOD",,"1","{table}-trended-market-share-annual-case"
"annual_case_two_pct_grp1",,"group1table","annual_case_two","concat(round(COALESCE(cachetable.annual_case_two/group1table.annual_case_two,0)*100,2),'%')","Annual Percent {Group1} (2nd Four Periods) Cases","Provides a subtotal Percentage of second column returned.","p2","Trended","0","1",,"0","0","1","0","","","","","","","","","","","12/2/2026 11:29:59","1","0","case_id","IOD",,"1","{table}-trended-market-share-annual-case"
"annual_charge_one",,"{table}","charge","round(sum(({table}.period_code in ( {period1},{period2},{period3},{period4} )) * ({table}.charge) ),2) * (sum(({table}.period_code in ( {period1},{period2},{period3},{period4} ))) > {cell_size})","Annual Charges (1st Four Periods)","First four periods on charges trended report","n","Trended","0","1",,"0","0","0","0",,,,,,,,,,,"12/2/2026 11:31:46","11","0","charge ","IOD",,"1","{table}-trended-market-share-annual-charge"
"annual_charge_one_pct_grp1",,"group1table","annual_charge_one","concat(round(COALESCE(cachetable.annual_charge_one/group1table.annual_charge_one,0)*100,2),'%')","Annual Percent {Group1} (1st Four Periods) Charges","Provides a subtotal Percentage of first column returned.","p2","Trended","0","1",,"0","0","1","0","","","","","","","","","","","12/2/2026 11:31:46","1","0","charge","IOD",,"1","{table}-trended-market-share-annual-charge"
"annual_charge_ratio_one",,"cachetable0","annual_charge_one","concat(round(coalesce(cachetable.annual_charge_one/cachetable0.annual_charge_one,0)*100,2),'%')","Annual Charges Percent (1st Four Periods)","First four periods on charges percent trended report","p2","Trended","0","1",,"0","0","1","0",,,,,,,,,,,"12/2/2026 11:31:46","11","0","charge","IOD",,"1","{table}-trended-market-share-annual-charge"
"annual_charge_ratio_three",,"cachetable0","annual_charge_three","concat(round(coalesce(cachetable.annual_charge_three/cachetable0.annual_charge_three,0)*100,2),'%')","Annual Charges Percent |(3rd Four Periods)","Third four periods on charges percent trended report","p2","Trended","0","1",,"0","0","1","0",,,,,,,,,,,"12/2/2026 11:27:39","10","0","charge","IOD",,"1","{table}-trended-market-share-annual-charge"
"annual_charge_ratio_two",,"cachetable0","annual_charge_two","concat(round(coalesce(cachetable.annual_charge_two/cachetable0.annual_charge_two,0)*100,2),'%')","Annual Charges Percent (2nd Four Periods)","Second four periods on charges percent trended report","p2","Trended","0","1",,"0","0","1","0",,,,,,,,,,,"12/2/2026 11:29:59","9","0","charge","IOD",,"1","{table}-trended-market-share-annual-charge"
"annual_charge_three",,"{table}","charge","round(sum(({table}.period_code in ( {period9},{period10},{period11},{period12} )) * ({table}.charge) ),2) * (sum(({table}.period_code in ( {period9},{period10},{period11},{period12} ))) > {cell_size})","Annual Charges |(3rd Four Periods)","Third four periods on charges trended report","n","Trended","0","1",,"0","0","0","0",,,,,,,,,,,"12/2/2026 11:27:39","13","0","charge","IOD",,"1","{table}-trended-market-share-annual-charge"
"annual_charge_three_pct_grp1",,"group1table","annual_charge_three","concat(round(COALESCE(cachetable.annual_charge_three/group1table.annual_charge_three,0)*100,2),'%')","Annual Percent {Group1} |(3rd Four Periods) Charges","Provides a subtotal Percentage of third column returned.","p2","Trended","0","1",,"0","0","1","0","","","","","","","","","","","12/2/2026 11:27:39","1","0","charge","IOD",,"1","{table}-trended-market-share-annual-charge"
"annual_charge_two",,"{table}","charge","round(sum(({table}.period_code in ( {period5},{period6},{period7},{period8} )) * ({table}.charge) ),2) * (sum(({table}.period_code in ( {period5},{period6},{period7},{period8} ))) > {cell_size})","Annual Charges (2nd Four Periods)","Second four periods on charges trended report","n","Trended","0","1",,"0","0","0","0",,,,,,,,,,,"12/2/2026 11:29:59","12","0","charge","IOD",,"1","{table}-trended-market-share-annual-charge"
"annual_charge_two_pct_grp1",,"group1table","annual_charge_two","concat(round(COALESCE(cachetable.annual_charge_two/group1table.annual_charge_two,0)*100,2),'%')","Annual Percent {Group1} (2nd Four Periods) Charges","Provides a subtotal Percentage of second column returned.","p2","Trended","0","1",,"0","0","1","0","","","","","","","","","","","12/2/2026 11:29:59","1","0","charge","IOD",,"1","{table}-trended-market-share-annual-charge"
"annual_days_one",,"{table}","los","sum(({table}.period_code in ( {period1},{period2},{period3},{period4} )) * ({table}.los) ) * (sum(({table}.period_code in ( {period1},{period2},{period3},{period4} ))) > {cell_size})","Annual Days (1st Four Periods)","First four periods on days trended report","n0","Trended","0","1",,"0","0","0","0",,,,,,,,,,,"12/2/2026 11:31:46","14","0","los","I",,"1","{table}-trended-market-share-annual-days"
"annual_days_one_pct_grp1",,"group1table","annual_days_one","concat(round(COALESCE(cachetable.annual_days_one/group1table.annual_days_one,0)*100,2),'%')","Annual Percent {Group1} (1st Four Periods) Days","Provides a subtotal Percentage of first column returned.","p2","Trended","0","1",,"0","0","1","0","","","","","","","","","","","12/2/2026 11:31:46","1","0","los","I",,"1","{table}-trended-market-share-annual-days"
"annual_days_ratio_one",,"cachetable0","annual_days_one","concat(round(coalesce(cachetable.annual_days_one/cachetable0.annual_days_one,0)*100,2),'%')","Annual Days Percent (1st Four Periods)","First four periods on days percent trended report","p2","Trended","0","1",,"0","0","1","0","","","","","","","","","","","12/2/2026 11:31:46","11","0","los","I",,"1","{table}-trended-market-share-annual-days"
"annual_days_ratio_three",,"cachetable0","annual_days_three","concat(round(coalesce(cachetable.annual_days_three/cachetable0.annual_days_three,0)*100,2),'%')","Annual Days Percent |(3rd Four Periods)","Third four periods on days percent trended report","p2","Trended","0","1",,"0","0","1","0","","","","","","","","","","","12/2/2026 11:27:39","10","0","los","I",,"1","{table}-trended-market-share-annual-days"
"annual_days_ratio_two",,"cachetable0","annual_days_two","concat(round(coalesce(cachetable.annual_days_two/cachetable0.annual_days_two,0)*100,2),'%')","Annual Days Percent (2nd Four Periods)","Second four periods on days percent trended report","p2","Trended","0","1",,"0","0","1","0","","","","","","","","","","","12/2/2026 11:29:59","9","0","los","I",,"1","{table}-trended-market-share-annual-days"
"annual_days_three",,"{table}","los","sum(({table}.period_code in ( {period9},{period10},{period11},{period12} )) * ({table}.los) ) * (sum(({table}.period_code in ( {period9},{period10},{period11},{period12} ))) > {cell_size})","Annual Days |(3rd Four Periods)","Third four periods on days trended report","n0","Trended","0","1",,"0","0","0","0",,,,,,,,,,,"12/2/2026 11:27:39","16","0","los","I",,"1","{table}-trended-market-share-annual-days"
"annual_days_three_pct_grp1",,"group1table","annual_days_three","concat(round(COALESCE(cachetable.annual_days_three/group1table.annual_days_three,0)*100,2),'%')","Annual Percent {Group1} |(3rd Four Periods) Days","Provides a subtotal Percentage of third column returned.","p2","Trended","0","1",,"0","0","1","0","","","","","","","","","","","12/2/2026 11:27:39","1","0","los","I",,"1","{table}-trended-market-share-annual-days"
"annual_days_two",,"{table}","los","sum(({table}.period_code in ( {period5},{period6},{period7},{period8} )) * ({table}.los) ) * (sum(({table}.period_code in ( {period5},{period6},{period7},{period8} ))) > {cell_size})","Annual Days (2nd Four Periods)","Second four periods on days trended report","n0","Trended","0","1",,"0","0","0","0",,,,,,,,,,,"12/2/2026 11:29:59","15","0","los","I",,"1","{table}-trended-market-share-annual-days"
"annual_days_two_pct_grp1",,"group1table","annual_days_two","concat(round(COALESCE(cachetable.annual_days_two/group1table.annual_days_two,0)*100,2),'%')","Annual Percent {Group1} (2nd Four Periods) Days","Provides a subtotal Percentage of second column returned.","p2","Trended","0","1",,"0","0","1","0","","","","","","","","","","","12/2/2026 11:29:59","1","0","los","I",,"1","{table}-trended-market-share-annual-days"
"annual_procd_one",,"{table}","procd_count","sum(({table}.period_code in ( {period1},{period2},{period3},{period4} )) * {table}.procd_count) * (sum(({table}.period_code in ( {period1},{period2},{period3},{period4} ))) > {cell_size})","Annual Procedures (1st Four Periods)","First four periods on cases trended report","n0","Trended","0","1",,"0","0","0","0","","","","","","","","","","","12/2/2026 11:31:46","8","0","procd_count","OD",,"1","{table}-trended-market-share-annual-procd"
"annual_procd_one_pct_grp1",,"group1table","annual_procd_one","concat(round(COALESCE(cachetable.annual_procd_one/group1table.annual_procd_one,0)*100,2),'%')","Annual Percent {Group1} (1st Four Periods) Procedures","Provides a subtotal Percentage of first column returned.","p2","Trended","0","1",,"0","0","1","0","","","","","","","","","","","12/2/2026 11:31:46","1","0","procd_count","OD",,"1","{table}-trended-market-share-annual-procd"
"annual_procd_ratio_one",,"cachetable0","annual_procd_one","concat(round(coalesce(cachetable.annual_procd_one/cachetable0.annual_procd_one,0)*100,2),'%')","Annual Procedures Percent (1st Four Periods)","First four periods on cases Percent trended report","p2","Trended","0","1",,"0","0","1","0","","","","","","","","","","","12/2/2026 11:31:46","11","0","procd_count","OD",,"1","{table}-trended-market-share-annual-procd"
"annual_procd_ratio_three",,"cachetable0","annual_procd_three","concat(round(coalesce(cachetable.annual_procd_three/cachetable0.annual_procd_three,0)*100,2),'%')","Annual Procedures Percent |(3rd Four Periods)","Third four periods on cases percent trended report","p2","Trended","0","1",,"0","0","1","0","","","","","","","","","","","12/2/2026 11:27:39","10","0","procd_count","OD",,"1","{table}-trended-market-share-annual-procd"
"annual_procd_ratio_two",,"cachetable0","annual_procd_two","concat(round(coalesce(cachetable.annual_procd_two/cachetable0.annual_procd_two,0)*100,2),'%')","Annual Procedures Percent (2nd Four Periods)","Second four periods on cases percent trended report","p2","Trended","0","1",,"0","0","1","0","","","","","","","","","","","12/2/2026 11:29:59","9","0","procd_count","OD",,"1","{table}-trended-market-share-annual-procd"
"annual_procd_three",,"{table}","procd_count","sum(({table}.period_code in ( {period9},{period10},{period11},{period12} )) * {table}.procd_count) * (sum(({table}.period_code in ( {period9},{period10},{period11},{period12} ))) > {cell_size})","Annual Procedures |(3rd Four Periods)","Third four periods on cases trended report","n0","Trended","0","1",,"0","0","0","0","","","","","","","","","","","12/2/2026 11:27:39","10","0","procd_count","OD",,"1","{table}-trended-market-share-annual-procd"
"annual_procd_three_pct_grp1",,"group1table","annual_procd_three","concat(round(COALESCE(cachetable.annual_procd_three/group1table.annual_procd_three,0)*100,2),'%')","Annual Percent {Group1} |(3rd Four Periods) Procedures","Provides a subtotal Percentage of third column returned.","p2","Trended","0","1",,"0","0","1","0","","","","","","","","","","","12/2/2026 11:27:39","1","0","procd_count","OD",,"1","{table}-trended-market-share-annual-procd"
"annual_procd_two",,"{table}","procd_count","sum(({table}.period_code in ( {period5},{period6},{period7},{period8} )) * {table}.procd_count) * (sum(({table}.period_code in ( {period5},{period6},{period7},{period8} ))) > {cell_size})","Annual Procedures (2nd Four Periods)","Second four periods on cases trended report","n0","Trended","0","1",,"0","0","0","0","","","","","","","","","","","12/2/2026 11:29:59","9","0","procd_count","OD",,"1","{table}-trended-market-share-annual-procd"
"annual_procd_two_pct_grp1",,"group1table","annual_procd_two","concat(round(COALESCE(cachetable.annual_procd_two/group1table.annual_procd_two,0)*100,2),'%')","Annual Percent {Group1} (2nd Four Periods) Procedures","Provides a subtotal Percentage of second column returned.","p2","Trended","0","1",,"0","0","1","0","","","","","","","","","","","12/2/2026 11:29:59","1","0","procd_count","OD",,"1","{table}-trended-market-share-annual-procd"
"annual_visit_one",,"{table}","case_id","sum(({table}.period_code in ( {period1},{period2},{period3},{period4} ))) * (sum(({table}.period_code in ( {period1},{period2},{period3},{period4} ))) > {cell_size})","Annual Cases (1st Four Periods)","First four periods on cases trended report","n0","Trended","0","1",,"0","0","0","0","","","","","","","","","","","5/8/2026 16:49:43","8","0","case_id","OD",,"1","{table}-trended-market-share-annual-visit"
"annual_visit_one_pct_grp1",,"group1table","annual_visit_one","concat(round(COALESCE(cachetable.annual_visit_one/group1table.annual_visit_one,0)*100,2),'%')","Annual Percent {Group1} (1st Four Periods) Cases","Provides a subtotal Percentage of first column returned.","p2","Trended","0","1",,"0","0","1","0","","","","","","","","","","","5/8/2026 16:49:43","1","0","case_id","OD",,"1","{table}-trended-market-share-annual-visit"
"annual_visit_ratio_one",,"cachetable0","annual_visit_one","concat(round(coalesce(cachetable.annual_visit_one/cachetable0.annual_visit_one,0)*100,2),'%')","Annual Cases Percent (1st Four Periods)","First four periods on cases Percent trended report","p2","Trended","0","1",,"0","0","1","0","","","","","","","","","","","5/8/2026 16:49:43","11","0","case_id","OD",,"1","{table}-trended-market-share-annual-visit"
"annual_visit_ratio_three",,"cachetable0","annual_visit_three","concat(round(coalesce(cachetable.annual_visit_three/cachetable0.annual_visit_three,0)*100,2),'%')","Annual Cases Percent |(3rd Four Periods)","Third four periods on cases percent trended report","p2","Trended","0","1",,"0","0","1","0","","","","","","","","","","","5/8/2026 16:49:43","10","0","case_id","OD",,"1","{table}-trended-market-share-annual-visit"
"annual_visit_ratio_two",,"cachetable0","annual_visit_two","concat(round(coalesce(cachetable.annual_visit_two/cachetable0.annual_visit_two,0)*100,2),'%')","Annual Cases Percent (2nd Four Periods)","Second four periods on cases percent trended report","p2","Trended","0","1",,"0","0","1","0","","","","","","","","","","","5/8/2026 16:49:43","9","0","case_id","OD",,"1","{table}-trended-market-share-annual-visit"
"annual_visit_three",,"{table}","case_id","sum(({table}.period_code in ( {period9},{period10},{period11},{period12} ))) * (sum(({table}.period_code in ( {period9},{period10},{period11},{period12} ))) > {cell_size})","Annual Cases |(3rd Four Periods)","Third four periods on cases trended report","n0","Trended","0","1",,"0","0","0","0","","","","","","","","","","","5/8/2026 16:49:43","10","0","case_id","OD",,"1","{table}-trended-market-share-annual-visit"
"annual_visit_three_pct_grp1",,"group1table","annual_visit_three","concat(round(COALESCE(cachetable.annual_visit_three/group1table.annual_visit_three,0)*100,2),'%')","Annual Percent {Group1} |(3rd Four Periods) Cases","Provides a subtotal Percentage of third column returned.","p2","Trended","0","1",,"0","0","1","0","","","","","","","","","","","5/8/2026 16:49:43","1","0","case_id","OD",,"1","{table}-trended-market-share-annual-visit"
"annual_visit_two",,"{table}","case_id","sum(({table}.period_code in ( {period5},{period6},{period7},{period8} ))) * (sum(({table}.period_code in ( {period5},{period6},{period7},{period8} ))) > {cell_size})","Annual Cases (2nd Four Periods)","Second four periods on cases trended report","n0","Trended","0","1",,"0","0","0","0","","","","","","","","","","","5/8/2026 16:49:43","9","0","case_id","OD",,"1","{table}-trended-market-share-annual-visit"
"annual_visit_two_pct_grp1",,"group1table","annual_visit_two","concat(round(COALESCE(cachetable.annual_visit_two/group1table.annual_visit_two,0)*100,2),'%')","Annual Percent {Group1} (2nd Four Periods) Cases","Provides a subtotal Percentage of second column returned.","p2","Trended","0","1",,"0","0","1","0","","","","","","","","","","","5/8/2026 16:49:43","1","0","case_id","OD",,"1","{table}-trended-market-share-annual-visit"
"annualized_cases_cy",,"cachetable","case_count","COALESCE((cachetable.case_count), 0)","Annualized Cases Current Year","Projected annual cases for current year population","n0","Use Rate","0","1",,"0","0","1","0",,,,,,,,,,,"8/12/2025 13:44:33","1","0","case_id","IO",,"1","{table}-use-rate-and-projection"
"annualized_cases_cy5",,"cachetable","case_count","round(COALESCE((cachetable.case_count * cachetable.pop_cy5) / cachetable.pop_cy, 0),2)","Annualized Cases Year +5","Projected annual cases for 5-year population projection","n0","Use Rate","0","1",,"0","0","1","0",,,,,,,,,,,"8/12/2025 13:44:34","1","0","case_id","IO",,"1","{table}-use-rate-and-projection"
"annualized_charges_cy",,"cachetable","charges_total","COALESCE((cachetable.charges_total), 0)","Annualized Charges Current Year","Projected annual charges for current year population","c0","Use Rate","0","1",,"0","0","1","0",,,,,,,,,,,"8/12/2025 13:44:34","1","0","charge","IO",,"1","{table}-use-rate-and-projection"
"annualized_charges_cy5",,"cachetable","charges_total","round(COALESCE((cachetable.charges_total * cachetable.pop_cy5) / cachetable.pop_cy, 0),2)","Annualized Charges Year +5","Projected annual charges for 5-year population projection","c0","Use Rate","0","1",,"0","0","1","0",,,,,,,,,,,"8/12/2025 13:44:35","1","0","charge","IO",,"1","{table}-use-rate-and-projection"
"annualized_days_cy",,"cachetable","los_total","COALESCE((cachetable.los_total), 0)","Annualized Days Current Year","Projected annual days for current year population","n0","Use Rate","0","1",,"0","0","1","0",,,,,,,,,,,"8/12/2025 13:44:33","1","0","los","I",,"1","{table}-use-rate-and-projection"
"annualized_days_cy5",,"cachetable","los_total","round(COALESCE((cachetable.los_total * cachetable.pop_cy5) / cachetable.pop_cy, 0),2)","Annualized Days Year +5","Projected annual days for 5-year population projection","n0","Use Rate","0","1",,"0","0","1","0",,,,,,,,,,,"8/12/2025 13:44:33","1","0","los","I",,"1","{table}-use-rate-and-projection"
"annualized_procd_cy",,"cachetable","procd_count_total","COALESCE((cachetable.procd_count_total), 0)","Annualized Procedures Current Year","Projected annual procedures for current year population","n0","Use Rate","0","1",,"0","0","1","0",,,,,,,,,,,"8/12/2025 13:44:33","1","0","procd_count_total","O",,"1","{table}-use-rate-and-projection"
"annualized_procd_cy5",,"cachetable","procd_count_total","round(COALESCE((cachetable.procd_count_total * cachetable.pop_cy5) / cachetable.pop_cy, 0),2)","Annualized Procedures Year +5","Projected annual procedures for 5-year population projection","n0","Use Rate","0","1",,"0","0","1","0",,,,,,,,,,,"8/12/2025 13:44:34","1","0","procd_count_total","O",,"1","{table}-use-rate-and-projection"
"aprdrg_code",,"aprdrg","aprdrg_code","aprdrg_code","Solventum™ APR-DRG Code","All-Patient Refined Diagnosis Related Groups (APR-DRG) a classification system used to group hospitals stays based on complexity, resource usage, and severity. Expanding MS-DRGs by assigning 4 subclasses for severity and risk of mortality = Minor (1), Moderate (2), Major (3) and Extreme (4)",,"Clinical","1","0",,"1","0","0","0",,"aprdrg_code","000_common.aprdrg","aprdrg_code Aprdrg_Code, aprdrg_name Aprdrg_Name, aprdrg_specialty_name Aprdrg_Specialty_Name, apdrg_code  Apdrg_Code, apdrg_severity Apdrg_Severity, mdc_name MDC_Name","aprdrg_code, aprdrg_name, aprdrg_specialty_name, apdrg_code, apdrg_severity, mdc_name",,"Aprdrg_Code","`aprdrg_code`","Aprdrg_Name",,"17/2/2026 16:30:41","12","0","aprdrg_code","A",,"0",
"aprdrg_mdc_code",,"aprdrg","mdc_code","mdc_code","Solventum™ APR-DRG MDC Code","",,"Clinical","0","0",,"0","0","0","0",,,,,,,,,,,"17/2/2026 16:31:51","12","0","mdc_code","A",,"0",
"aprdrg_mdc_name","3","aprdrg_mdc","mdc_name","mdc_name","Solventum™ APR-DRG MDC","Major Diagnostic Cateorgy (MDC) groups APR-DRGs into broad categories based on condition type and body region.",,"Clinical","1","0",,"1","0","0","1",,"aprdrg_mdc_code","000_common.mdc","MDC_Name,mdc_code","aprdrg_mdc_name",,"mdc_code","`aprdrg_mdc_code`","MDC_Name","mdc_code","18/2/2026 09:13:25","12","0","mdc_name","A",,"0",
"aprdrg_name","1","aprdrg","aprdrg_name","concat(aprdrg.aprdrg_code,' - ',aprdrg.aprdrg_name)","Solventum™ APR-DRG Name","All-Patient Refined Diagnosis Related Groups (APR-DRG) a classification system used to group hospitals stays based on complexity, resource usage, and severity. Expanding MS-DRGs by assigning 4 subclasses for severity and risk of mortality = Minor (1), Moderate (2), Major (3) and Extreme (4)",,"Clinical","1","0",,"1","0","0","1",,"aprdrg_code","000_common.aprdrg","aprdrg_code Aprdrg_Code, aprdrg_name Aprdrg_Name, aprdrg_specialty_name Aprdrg_Specialty_Name, apdrg_code  Apdrg_Code, apdrg_severity Apdrg_Severity, mdc_name MDC_Name","aprdrg_code, aprdrg_name, aprdrg_specialty_name, apdrg_code, apdrg_severity, mdc_name","aprdrg_code","Aprdrg_Code","`aprdrg_code`","Aprdrg_Name","aprdrg_code","17/2/2026 16:31:48","12","0","aprdrg_name","A",,"0",
"aprdrg_outlier_name","5","aprdrg_outlier","outlier_name","outlier_name","Outlier (APR-DRG)",,,"Payor/Revenue","0","0",,"0","0","0","0",,"{table}.aprdrg_outlier_code","{statedb}.outlier","outlier_code Outlier_Code, outlier_name Outlier_Name",",outlier_name",,"Outlier_Code","{table}.aprdrg_outlier_code","Outlier_Name",,"28/10/2025 11:05:37","21","0","outlier_name","A",,"0",
"aprdrg_specialty_code",,"aprdrg_specialty","aprdrg_specialty_code","aprdrg_specialty_code","Solventum™ APR-DRG Service Line Code",,,"Clinical","0","0",,"0","0","0","0",,,,,,,,,,,"3/11/2025 14:32:16","12","0","aprdrg_specialty_code","A",,"0",
"aprdrg_specialty_name","2","aprdrg_specialty","aprdrg_specialty_name","aprdrg_specialty_name","Solventum™ APR-DRG Service Line","High level proprietary grouping ofAPR-DRGs defined by Intellimed",,"Clinical","1","0",,"1","0","0","1",,"aprdrg_specialty_code","{statedb}.aprdrg_specialty","aprdrg_specialty_name Aprdrg_Specialty_Name, aprdrg_specialty_abbr Aprdrg_Specialty_Abbr, aprdrg_specialty_code","aprdrg_specialty_name,aprdrg_specialty_abbr,",,"aprdrg_specialty_code","`aprdrg_specialty_code`","Aprdrg_Specialty_Name","aprdrg_specialty_code","17/2/2026 16:32:32","12","0","aprdrg_specialty_name","A",,"0",
"attd_degree",,"attd_physician","degree_abbr","degree_abbr","Attending Physician Practioner Type Abbr",,,"Provider","0","0",,"1","0","0","0",,,"000_common.physician_degree","degree_abbr Physician_Practioner_Type, Degree_Name","attd_degree","","Physician_Practioner_Type","`attd_degree`","Degree_Name",,"12/6/2025 14:09:04","150","0","attd_physician_code","IO",,"0",
"attd_degree_name",,"attd_physician","degree_abbr","degree_name","Attending Physician Practioner Type","The type of degree held by the attending physician from the NPI registry",,"Provider","1","0",,"0","0","0","0",,"attd_degree",,,,,,,,,"8/12/2025 08:33:26","150","0","attd_physician_code","IO",,"0",
"attd_group_prac_code",,"attd_physician","group_prac_code","group_prac_code","Attending Physician Group Practice Code",,,"Provider","0","0",,"0","0","0","0",,,,,,,,,,,"12/6/2025 14:09:04","150","0","attd_physician_code","IO",,"0",
"attd_group_prac_name",,"attd_physician","group_prac_name","group_prac_name","Attending Physician CMS Group Practice","The CMS group practice associated with the attending physician on the discharge case",,"Provider","1","0",,"1","0","0","1",,"attd_group_prac_code","{statedb}.group_prac","group_prac_code CMS_Group_Practice_Code,group_prac_name CMS_Group_Practice, State",",attd_grp_prac_name,",,"CMS_Group_Practice_Code","`attd_group_prac_code`","CMS_Group_Practice","group_prac_code","11/2/2026 10:53:52","150","0","attd_physician_code","IO",,"0",
"attd_npi_spec_grp_code",,"attd_physician","npi_spec_grp_code","npi_spec_grp_code","Attending NPI Specialty Code",,,"Provider","0","0",,"0","0","0","0",,,,,,,,,,,"16/6/2025 16:16:26","150","0","attd_physician_code","IO",,"0",
"attd_npi_spec_grp_name",,"attd_physician","npi_spec_grp_name","npi_spec_grp_name","Attending NPI Specialty","The NPI specialty of the attending physician on the discharge case",,"Provider","1","0",,"1","0","0","1","attd_physician_code","attd_npi_spec_grp_code","`000_common`.npi_spec_grp","npi_spec_grp_code NPI_Specialty_Grp_Code,npi_spec_grp_name NPI_Specialty",",attd_npi_spec_grp_name",,"NPI_Specialty_Grp_Code","`attd_npi_spec_grp_code`","NPI_Specialty","npi_spec_grp_code","11/2/2026 10:56:28","150","0","attd_physician_code","IO",,"0",
"attd_or_oper_physician_code",,"attd_or_oper_physician","physician_code","physician_code","Physician ID",,,"Provider","0","0",,"0","1","0","0",,,"{statedb}.physician join 000_common.physician_degree using (degree_code) join {statedb}.group_prac using (group_prac_code) join 000_common.npi_spec_grp using (npi_spec_grp_code) join 000_common.physician_spec_group using (specialty_grp_code)","physician_name Physician_Name, Last_Name, First_Name, specialty_grp_name Intellimed_Specialty, npi_spec_grp_name NPI_Specialty, degree_abbr Degree, group_prac_name Group_Practice, physician.zip_code Zip, physician.city City, physician.county_name County, physician.state_abbr State, Physician_Code","physician_name,,,specialty_grp_name,npi_spec_grp_name,degree_name,group_prac_name,zip_code,,,,attd_or_oper_physician_code",,"Physician_Code","`physician_code`","Physician_Code",,"12/6/2025 14:09:04","150","0","attd_physician_code","IO",,"0",
"attd_physician",,"attd_physician","physician_code","physician_code","Attending Physician ID","The NPI number of the attending physician on the discharge case",,"Provider","1","0",,"1","0","0","0",,,"{statedb}.physician p INNER JOIN {statedb}.physician_flag ON ({statedb}.physician_flag.physician_code = p.physician_code and ( ({statedb}.physician_flag.ip = {Papptype}) + ({statedb}.physician_flag.op*2  = {Papptype}) ) )","p.physician_code Physician_Code, physician_name Physician_Name, Last_Name, First_Name, specialty_grp_name Intellimed_Specialty, npi_spec_grp_name NPI_Specialty, degree_abbr Degree, group_prac_name Group_Practice, street Address, zip_code Zip, city City, county_name County, state_abbr State","attd_physician_code,attd_physician_name,last_name,first_name,specialty_grp_name,npi_spec_grp_name,degree_name,group_prac_name,street,zip_code,city,county_name,state_abbr",,"Physician_Code","`attd_physician`","Physician_Code",,"16/2/2026 14:27:07","150","0","attd_physician_code","IO",,"0",
"attd_physician_name",,"attd_physician","physician_name","physician_name","Attending Physician","The name of the attending physician on the discharge case",,"Provider","1","0",,"1","0","0","1",,"attd_physician_code","{statedb}.physician p INNER JOIN {statedb}.physician_flag ON ({statedb}.physician_flag.physician_code = p.physician_code and ( ({statedb}.physician_flag.ip = {Papptype}) + ({statedb}.physician_flag.op*2  = {Papptype}) ) )","p.physician_code Physician_Code, physician_name Physician_Name, Last_Name, First_Name, specialty_grp_name Intellimed_Specialty, npi_spec_grp_name NPI_Specialty, degree_abbr Degree, group_prac_name Group_Practice, street Address, zip_code Zip, city City, county_name County, state_abbr State","attd_physician_code,attd_physician_name,last_name,first_name,specialty_grp_name,npi_spec_grp_name,degree_name,group_prac_name,street,zip_code,city,county,state",,"Physician_Code","`attd_physician`","Physician_Name","physician_code","8/12/2025 08:33:25","150","0","attd_physician_code","IO","physician_code","0",
"attd_specialty_grp_code",,"attd_physician","specialty_grp_code","specialty_grp_code","Attending IM Specialty",,,"Provider","0","0",,"1","1","0","0",,,,,,,,,,,"2/2/2026 15:24:37","150","0","attd_physician_code","IO",,"0",
"attd_specialty_grp_name",,"attd_physician","specialty_grp_name","specialty_grp_name","Attending IM Specialty","The Intellimed specialty assigned to the attending physician on the discharge case based on the most performed MS-DRG service line",,"Provider","1","0",,"1","0","0","1",,"attd_specialty_grp_code","000_common.physician_spec_group","specialty_grp_code Specialty_Grp_Code,specialty_grp_name IM_Specialty",",attd_specialty_grp_name",,"Specialty_Grp_Code","`attd_specialty_grp_code`","IM_Specialty","Specialty_Grp_Code","6/1/2026 13:20:13","150","0","attd_physician_code","IO",,"0",
"attd_zip_code",,"attd_physician","zip_code","zip_code","Attending Physician Zip Code","The zip code of the NPI address of the attending physician on the discharge case",,"Provider","1","0",,"1","0","0","1",,,"{statedb}.zip","zip_code Zip_Code, zip_name Zip_Name, City, county_name County_Name, State, cbsa_name CBSA, zip_class Zip_Class, zip_demo_base_name Zip_Demo_Base_Name","attd_zip_code",,"Zip_Code","`attd_zip_code`","Zip_Code",,"8/12/2025 08:33:25","150","0","attd_physician_code","IO",,"0",
"avg_age",,"{table}","age_code","cast(avg(cast({table}.age_code as decimal(15,1))) as decimal(5,1))","Patient Average Age","Provides an average age per patients returned.","n2","Patient","0","1",,"0","0","0","0",,,,,,,,,,,"9/12/2025 11:24:10","3","0","age_code","BIOD",,"0",
"avg_anc_charge","14","{table}_anc","total_charge","round(avg({table}_anc.total_charge),2)","Total Ancillary Charges Per Case","Charges per visit for total ancillary unit","n0","Ancillary","0","1",,"0","0","0","0",,,,,,,,,,,"5/8/2026 16:49:43",,"0","anc_charge","I",,"1","{table}-ancillary"
"avg_crd_charge","12","{table}_anc","crd_charge","round(avg({table}_anc.crd_charge),2)","Cardiology Charges Per Case","Charges per visit for cardiology unit","n0","Ancillary","0","1",,"0","0","0","0",,,,,,,,,,,"5/8/2026 16:49:43",,"0","crd_charge","I",,"1","{table}-ancillary"
"avg_cs_charge","4","{table}_anc","cs_charge","round(avg({table}_anc.cs_charge),2)","Consumable Supplies Charges Per Case","Charges per visit for consumable supplies","n0","Ancillary","0","1",,"0","0","0","0",,,,,,,,,,,"5/8/2026 16:49:43",,"0","cs_charge","I",,"1","{table}-ancillary"
"avg_er_charge","11","{table}_anc","er_charge","round(avg({table}_anc.er_charge),2)","Emergency Room Charges Per Case","Charges per visit for the emergency room","n0","Ancillary","0","1",,"0","0","0","0",,,,,,,,,,,"5/8/2026 16:49:43",,"0","er_charge","I",,"1","{table}-ancillary"
"avg_icu_charge","2","{table}_anc","icu_charge","round(avg({table}_anc.icu_charge),2)","Intensive Care Unit Charges Per Case","Charges per visit for intensive care unit","n0","Ancillary","0","1",,"0","0","0","0",,,,,,,,,,,"5/8/2026 16:49:43",,"0","icu_charge","I",,"1","{table}-ancillary"
"avg_lab_charge","6","{table}_anc","lab_charge","round(avg({table}_anc.lab_charge),2)","Lab Charges Per Case","Charges per visit for labs","n0","Ancillary","0","1",,"0","0","0","0",,,,,,,,,,,"5/8/2026 16:49:43",,"0","lab_charge","I",,"1","{table}-ancillary"
"avg_or_charge","8","{table}_anc","or_charge","round(avg({table}_anc.or_charge),2)","Operating Room Charges Per Case","Charges per visit for the operating room","n0","Ancillary","0","1",,"0","0","0","0",,,,,,,,,,,"5/8/2026 16:49:43",,"0","or_charge","I",,"1","{table}-ancillary"
"avg_oth_charge","13","{table}_anc","oth_charge","round(avg({table}_anc.oth_charge),2)","Other Charges Per Case","Charges per visit for Other charges","n0","Ancillary","0","1",,"0","0","0","0",,,,,,,,,,,"5/8/2026 16:49:43",,"0","oth_charge","I",,"1","{table}-ancillary"
"avg_phm_charge","3","{table}_anc","phm_charge","round(avg({table}_anc.phm_charge),2)","Pharmacy Charges Per Case","Charges per visit for pharmacy","n0","Ancillary","0","1",,"0","0","0","0",,,,,,,,,,,"5/8/2026 16:49:43",,"0","phm_charge","I",,"1","{table}-ancillary"
"avg_pt_charge","10","{table}_anc","pt_charge","round(avg({table}_anc.pt_charge),2)","Physical Therapy Charges Per Case","Charges per visit for physical therapy","n0","Ancillary","0","1",,"0","0","0","0",,,,,,,,,,,"5/8/2026 16:49:43",,"0","pt_charge","I",,"1","{table}-ancillary"
"avg_rad_charge","7","{table}_anc","rad_charge","round(avg({table}_anc.rad_charge),2)","Radiology Charges Per Case","Charges per visit for radiology","n0","Ancillary","0","1",,"0","0","0","0",,,,,,,,,,,"5/8/2026 16:49:43",,"0","rad_charge","I",,"1","{table}-ancillary"
"avg_rsp_charge","9","{table}_anc","rsp_charge","round(avg({table}_anc.rsp_charge),2)","Respiratory Charges Per Case","Charges per visit for respiratory unit","n0","Ancillary","0","1",,"0","0","0","0",,,,,,,,,,,"5/8/2026 16:49:43",,"0","rsp_charge","I",,"1","{table}-ancillary"
"avg_rtn_charge","1","{table}_anc","rtn_charge","round(avg({table}_anc.rtn_charge),2)","Routine Charges Per Case","Charges per visit for routine care","n0","Ancillary","0","1",,"0","0","0","0",,,,,,,,,,,"5/8/2026 16:49:43",,"0","rtn_charge","I",,"1","{table}-ancillary"
"bed_type_code",,"bed_type","bed_type_code","bed_type_code","Bed Type Code",,,"Clinical","0","0",,"0","1","0","0",,,,,,,,,,,"1/12/2025 09:06:34","12","0","bed_type_code","I",,"0",
"bed_type_name","4","bed_type","bed_type_name","bed_type_name","Bed Type","Hospital bed type on discharge-case",,"Clinical","1","0",,"1","0","0","0",,"{table}.bed_type_code","{statedb}.bed_type","bed_type_name Bed_Type, bed_type_code","bed_type_name",,"bed_type_code","`bed_type_code`","Bed_Type","bed_type_code","8/12/2025 08:33:25","12","0","bed_type_name","I",,"0",
"bench_charges_aprdrg",,"hospital_aprdrg_all","st_total_charges","round(sum(hospital_aprdrg_all.st_total_charges/hospital_aprdrg_all.st_total_cases)/count(inpatient.case_id),2)","Comp Bench Charges (APR-DRG)",,"c0","APR-DRG","0","1",,"0","0","0","0",,,,,,,,,,,"8/12/2025 13:59:37",,"0","st_total_charges","A",,"1","{table}-utilization-cmi-aprdrg"
"bench_charges_aprdrg_inl",,"hospital_aprdrg_inl","st_total_charges","round(sum(hospital_aprdrg_inl.st_total_charges/hospital_aprdrg_inl.st_total_cases)/count(inpatient.case_id),2)","Comp Bench Charges (APR-DRG, Inliers)",,"c0","APR-DRG","0","1",,"0","1","0","0",,,,,,,,,,,"18/11/2025 09:05:14",,"0","st_total_charges","X",,"0",
"bench_charges_msdrg",,"hospital_msdrg_all","st_total_charges","round(sum(hospital_msdrg_all.st_total_charges/hospital_msdrg_all.st_total_cases)/count(inpatient.case_id),2)","Comp Bench Charges (MS-DRG)","The competitive benchmark for charges comparing against the full dataset based on MS-DRG severity","c0","MS-DRG","0","1",,"0","0","0","0",,,,,,,,,,,"8/12/2025 13:59:37",,"0","st_total_charges","I",,"1","{table}-utilization-cmi-msdrg"
"bench_charges_msdrg_inl",,"hospital_msdrg_inl","st_total_charges","round(sum(hospital_msdrg_inl.st_total_charges/hospital_msdrg_inl.st_total_cases)/count(inpatient.case_id),2)","Comp Bench Charges (MS-DRG, Inliers)",,"c0","MS-DRG","0","1",,"0","1","0","0",,,,,,,,,,,"18/11/2025 09:05:14",,"0","st_total_charges","X",,"0",
"bench_charges_procd_all",,"hospital_procd_all","st_total_charges","round(sum(hospital_procd_all.st_total_charges/hospital_procd_all.st_total_procd_count)/sum(outpatient.procd_count),2)","Comp Bench Charge/Procedure","The competitive benchmark for charges comparing against the full dataset per procedure","c0","Procedure","0","1",,"0","0","0","0",,,,,,,,,,,"9/2/2026 15:52:36",,"0","procd_count","O",,"1","{table}-utilization-cmi-msdrg"
"bench_charges_visit_all",,"hospital_procd_all","st_total_charges","round(sum(hospital_procd_all.st_total_charges/hospital_procd_all.st_total_cases)/count(outpatient.case_id),2)","Comp Bench Charge/Case","The competitive benchmark for charges comparing against the full dataset per visit","c0","Procedure","0","1",,"0","0","0","0",,,,,,,,,,,"5/8/2026 16:49:43",,"0","st_total_charges","O",,"1","{table}-utilization-cmi-msdrg"
"bench_days_aprdrg",,"hospital_aprdrg_all","st_total_days","round(sum(hospital_aprdrg_all.st_total_days/hospital_aprdrg_all.st_total_cases)/count(inpatient.case_id),2)","Comp Bench Days (APR-DRG)",,"n2","APR-DRG","0","1",,"0","0","0","0",,,,,,,,,,,"8/12/2025 13:59:37",,"0","st_total_days","A",,"1","{table}-utilization-cmi-aprdrg"
"bench_days_aprdrg_inl",,"hospital_aprdrg_inl","st_total_days","round(sum(hospital_aprdrg_inl.st_total_days/hospital_aprdrg_inl.st_total_cases)/count(inpatient.case_id),2)","Comp Bench Days (APR-DRG, Inliers)",,"n2","APR-DRG","0","1",,"0","1","0","0",,,,,,,,,,,"18/11/2025 09:10:23",,"0","st_total_days","X",,"0",
"bench_days_msdrg",,"hospital_msdrg_all","st_total_days","round(sum(hospital_msdrg_all.st_total_days/hospital_msdrg_all.st_total_cases)/count(inpatient.case_id),2)","Comp Bench Days (MS-DRG)","The competitive benchmark in days comparing against the full dataset based on MS-DRG severity","n2","MS-DRG","0","1",,"0","0","0","0",,,,,,,,,,,"8/12/2025 13:59:37",,"0","st_total_days","I",,"1","{table}-utilization-cmi-msdrg"
"bench_days_msdrg_inl",,"hospital_msdrg_inl","st_total_days","round(sum(hospital_msdrg_inl.st_total_days/hospital_msdrg_inl.st_total_cases)/count(inpatient.case_id),2)","Comp Bench Days (MS-DRG, Inliers)",,"n2","MS-DRG","0","1",,"0","1","0","0",,,,,,,,,,,"18/11/2025 09:10:23",,"0","st_total_days","X",,"0",
"bench_outlier_aprdrg",,"hospital_aprdrg_all","st_outliers","round(sum(hospital_aprdrg_all.st_outliers * 1.0/ hospital_aprdrg_all.st_total_cases),2)","Comp Bench Outliers (APR-DRG)","Competitive Bench APR-DRG Outliers","n2","APR-DRG","0","1",,"0","0","0","0",,,"","","","","","","","","8/12/2025 13:59:37",,"0","st_outliers","X",,"1","{table}-utilization-cmi-aprdrg"
"bench_outlier_msdrg",,"hospital_msdrg_all","st_outliers","round(sum(hospital_msdrg_all.st_outliers * 1.0/ hospital_msdrg_all.st_total_cases),2)","Comp Bench Outliers (MS-DRG)",,"n2","MS-DRG","0","1",,"0","0","0","0",,,,,,,,,,,"8/12/2025 13:59:37",,"0","st_outliers","X",,"1","{table}-utilization-cmi-msdrg"
"billing_address","4","billing_physician","street","street","Billing Organization Address","Claim-level NPI address associated with the billing organization on a claim. This is typically a centralized billing location for multiple entities.",,"Billing Organization","1","0",,"0","0","0","1",,,,,,,,,,,"20/3/2025 10:23:09","29","0","physician_code","C",,"0",
"billing_affiliation_dba_code",,"billing_physician","affiliation_dba_name","affiliation_dba_name","Billing Organization DBA",,,"Billing Organization","0","0",,"0","0","0","0",,,,,,,,"`billing_affiliation_dba_code`",,,"19/3/2025 10:25:07","29","0","provider_billing_code","C",,"0",
"billing_affiliation_dba_name","3","billing_physician","affiliation_dba_name","affiliation_dba_name","Billing Organization DBA Name","Claim-level doing business as name associated with the billing organization on a claim. This is typically a centralized billing location for multiple entities.",,"Billing Organization","1","0",,"1","0","0","1","billing_physician_code","`billing_physician`.`affiliation_dba_name`","{statedb}.physician","physician_code NPI, affiliation_dba_name Billing_Organization_DBA_Name, physician_name Physician_Name, Last_Name, First_Name, specialty_grp_name Intellimed_Specialty, npi_spec_grp_name NPI_Specialty, degree_abbr Degree, group_prac_name CMS_Group_Practice, street Address, zip_code Zip, city City, county_name County, state_abbr State, affiliation_code","billing_organization_dba_name, ",,"affiliation_code","`billing_affiliation_dba_code`","Billing_Organization_DBA_Name","affiliation_code","20/3/2025 10:23:09","29","1","provider_billing_code","C",,"0",
"billing_city","5","billing_physician","city","city","Billing Organization City State","Claim-level city and state of the NPI address associated with the billing organization on a claim. This is typically a centralized billing location for multiple entities.",,"Billing Organization","1","0",,"1","0","0","1","billing_physician_code",,"{statedb}.zip","distinct City, State","billing_city",,"City",,,,"20/3/2025 10:23:09","29","0","physician_code","C",,"0",
"billing_county","8","billing_physician","county_name","county_name","Billing Organization County","Claim-level county of the NPI address associated with the billing organization on a claim. This is typically a centralized billing location for multiple entities.",,"Billing Organization","1","0",,"1","0","0","1","billing_physician_code","`billing_physician`.`county_name`","000_common.county","DISTINCT County_Name, state_code State, county_code County_Code","county_name,state,county_code",,"County_Code","`billing_county_code`","County_Name","County_Code","26/11/2025 14:35:15","29","1","physician_code","C",,"0",
"billing_county_code","8","billing_physician","county_code","county_code","Billing Organization County","Claim-level county of the NPI address associated with the billing organization on a claim. This is typically a centralized billing location for multiple entities.",,"Billing Organization","0","0",,"0","0","0","0","billing_physician_code","`billing_physician`.`county_name`","000_common.county","DISTINCT County_Name, state_code State, county_code County_Code","county_name,state,county_code",,"County_Code","`billing_county_code`","County_Name","County_Code","26/11/2025 14:38:44","29","1","physician_code","C",,"0",
"billing_lat","10","billing_physician","latitude","latitude","Billing Organization Latitude","Claim-level latitude of the NPI address associated with the billing organization on a claim. This is typically a centralized billing location for multiple entities.",,"Billing Organization","1","0",,"0","0","0","0",,,,,,,,,,,"20/3/2025 10:23:09","29","0","physician_code","C",,"0",
"billing_long","11","billing_physician","longitude","longitude","Billing Organization Longitude","Claim-level longitude of the NPI address associated with the billing organization on a claim. This is typically a centralized billing location for multiple entities.",,"Billing Organization","1","0",,"0","0","0","0",,,,,,,,,,,"20/3/2025 10:23:09","29","0","physician_code","C",,"0",
"billing_name","2","billing_physician","physician_name","physician_name","Billing Organization","Claim-level name from the NPI registry associated with the billing organization on a claim. This is typically a centralized billing location for multiple entities.",,"Billing Organization","1","0",,"1","0","0","1",,"billing_physician_code","{statedb}.physician","physician_code NPI, physician_name Physician_Name, Last_Name, First_Name, specialty_grp_name Intellimed_Specialty, npi_spec_grp_name NPI_Specialty, degree_abbr Degree, group_prac_name CMS_Group_Practice, affiliation_dba_name Billing_Organization_DBA_Name, street Address, zip_code Zip, city City, county_name County, state_abbr State","billing_physician_code,billing_name,,,,billing_npi_spec_grp_name,,,billing_zip_code,billing_city,billing_county,","claim=1","NPI","`billing_physician_code`","Physician_Name","physician_code","18/2/2026 08:30:54","29","1","physician_code","C","physician_code","0",
"billing_npi_spec_grp_code",,"billing_physician","npi_spec_grp_code","npi_spec_grp_code","Billing Organization NPI Specialty Code",,,"Billing Organization","0","0",,"0","0","0","0",,,,,,,,,,,"19/3/2025 10:25:07","29","0","provider_billing_code","C",,"0",
"billing_npi_spec_grp_name","3","billing_physician","npi_spec_grp_name","npi_spec_grp_name","Billing Organization NPI Specialty","Claim-level NPI specialty associated with the billing organization on a claim. This is typically a centralized billing location for multiple entities.",,"Billing Organization","1","0",,"1","0","0","1","billing_physician_code","billing_npi_spec_grp_code","`000_common`.npi_spec_grp","taxonomy_cat_name Taxonomy_Cat_Name, npi_spec_grp_name NPI_Specialty_Group_Name, npi_spec_grp_code"," ,billing_npi_spec_grp_name, ",,"npi_spec_grp_code","`billing_npi_spec_grp_code`","NPI_Specialty_Group_Name","npi_spec_grp_code","20/3/2025 10:23:09","29","1","provider_billing_code","C",,"0",
"billing_npi_type","9","billing_physician","npi_type_name","npi_type_name","Billing Organization Entity Type","Claim-level entity type associated with the billing organization on a claim. This is typically a centralized billing location for multiple entities. Entity Type (Type 1= Individual; Type 2= Organization).",,"Billing Organization","1","0",,"1","0","0","1",,,"`000_common`.npi_type","npi_type NPI_Type, npi_type_name NPI_Type_Name","billing_npi_type",,"NPI_Type","`billing_npi_type_code`","NPI_Type_Name","NPI_Type","14/4/2025 08:28:54","29","1","physician_code","C",,"0",
"billing_npi_type_code","9","billing_physician","npi_type","npi_type","Billing Organization Entity Type","Claim-level entity type associated with the billing organization on a claim. This is typically a centralized billing location for multiple entities. Entity Type (Type 1= Individual; Type 2= Organization).",,"Billing Organization","0","0",,"0","0","0","0",,,"`000_common`.npi_type","npi_type NPI_Type, npi_type_name NPI_Type_Name","billing_npi_type",,"NPI_Type","`billing_npi_type`",,,"20/3/2025 10:23:09","29","0","physician_code","C",,"0",
"billing_phone","7","billing_physician","phone_number","phone_number","Billing Organization Phone","Claim-level phone number from the NPI registry associated with the billing organization on a claim. This is typically a centralized billing location for multiple entities.",,"Billing Organization","1","0",,"0","0","0","1",,,,,,,,,,,"20/3/2025 10:23:09","29","0","physician_code","C",,"0",
"billing_physician_code","1","{table}","provider_billing_code","provider_billing_code","Billing Organization NPI","Claim-level NPI number associated with the billing organization on a claim. This is typically a centralized billing location for multiple entities.",,"Billing Organization","1","0",,"1","0","0","1",,,"{statedb}.physician","physician_code NPI, physician_name Physician_Name, Last_Name, First_Name, specialty_grp_name Intellimed_Specialty, npi_spec_grp_name NPI_Specialty, degree_abbr Degree, group_prac_name CMS_Group_Practice, affiliation_dba_name Billing_Organization_DBA_Name, street Address, zip_code Zip, city City, county_name County, state_abbr State","billing_physician_code,billing_name,,,,billing_npi_spec_grp_name,,,billing_zip_code,billing_city,billing_county,","claim=1","NPI","`billing_physician_code`","NPI","physician_code","11/2/2026 16:43:53","29","1","physician_code","C",,"0",
"billing_spec_grp_code","12","billing_physician","specialty_grp_code","specialty_grp_code","Billing Organization Specialty Code","Claim-level code associated specialty of the billing organization on a claim. This is typically a centralized billing location for multiple entities.",,"Billing Organization","1","0",,"0","0","0","0",,,,,,,,,,,"20/3/2025 10:23:09","29","0","physician_code","C",,"0",
"billing_taxonomy_cat","3","billing_physician","taxonomy_cat","taxonomy_cat_name","Billing Organization Taxonomy","Claim-level NPI taxonomy associated with the billing organization on a claim. This is typically a centralized billing location for multiple entities.",,"Billing Organization","1","0",,"1","0","0","1",,"`billing_physician`.`taxonomy_cat_name`","`000_common`.npi_spec_grp","distinct taxonomy_cat_name Taxonomy_Cat_Name, taxonomy_cat Taxonomy_Cat","taxonomy_cat_name",,"Taxonomy_Cat","`billing_taxonomy_cat_code`","Taxonomy_Cat_Name","Taxonomy_Cat","1/12/2025 10:58:32","29","1","physician_code","C",,"0",
"billing_taxonomy_cat_code","3","billing_physician","taxonomy_cat","taxonomy_cat","Billing Organization Taxonomy","Claim-level NPI taxonomy associated with the billing organization on a claim. This is typically a centralized billing location for multiple entities.",,"Billing Organization","0","0",,"0","0","0","0",,,,,,,,,,,"20/3/2025 10:23:09","29","0","physician_code","C",,"0",
"billing_zip_code","6","billing_physician","zip_code","zip_code","Billing Organization Zip","Claim-level zip code of the NPI address associated with the billing organization on a claim. This is typically a centralized billing location for multiple entities.",,"Billing Organization","1","0",,"1","0","0","1",,,"(SELECT zip_code , zip_name , City , county_name , State, cbsa_name , zip_class , zip_demo_base_name  FROM {statedb}.zip WHERE zip_code_flag = 'Y' )z","zip_code Zip_Code, zip_name Zip_Name, City, county_name County_Name, State, cbsa_name CBSA, zip_class Zip_Class, zip_demo_base_name Zip_Demo_Base_Name","billing_zip_code,,billing_city,billing_county,,,",,"Zip_Code","`billing_zip_code`","Zip_Code",,"22/1/2026 11:52:09","29","0","physician_code","C",,"0",
"ca_elapsed_days_to_othr_procd","14","{table}","ca_elapsed_days_to_othr_procd","ca_elapsed_days_to_othr_procd","Days Since Other Procedure","The number of days that have elapsed since any procedure listed on discharge case","n0","Time","1","0",,"1","0","0","0",,,,,,,,,,,"8/12/2025 08:33:26","25","0","ca_elapsed_days_to_othr_procd","I",,"0",
"ca_elapsed_days_to_prin_procd","15","{table}","ca_elapsed_days_to_prin_procd","ca_elapsed_days_to_prin_procd","Days Since Primary Procedure","The number of days that have elapsed since the primary procedure listed on discharge case","n0","Time","1","0",,"1","0","0","0",,,,,,,,,,,"8/12/2025 08:33:26","25","0","ca_elapsed_days_to_prin_procd","I",,"0",
"ca_ethnicity_name",,"ca_ethnicity","ca_ethnicity_code","ca_ethnicity_name","CA Ethnicity","The ethnicity listed on an inpatient discharge case in CA dataset",,"Patient","1","0",,"1","0","0","0",,"ca_ethnicity_code","{statedb}.ca_ethnicity","ca_ethnicity_name CA_Ethnicity, ca_ethnicity_code","ca_ethnicity_name",,"ca_ethnicity_code","ca_ethnicity_code","CA_Ethnicity","ca_ethnicity_code","8/12/2025 08:33:25","17","0","ca_ethnicity_name","I",,"0",
"ca_payer_type_of_coverage_name",,"ca_payer_type_of_coverage","ca_payer_type_of_coverage_code","ca_payer_type_of_coverage_name","CA Payor Type of Coverage","The payor type of coverage associated with a discharge case in CA dataset",,"Payor/Revenue","1","0",,"1","0","0","0",,"{table}.ca_payer_type_of_coverage_name","{statedb}.ca_payer_type_of_coverage","ca_payer_type_of_coverage_name CA_Payor_Type_of_Coverage, ca_payer_type_of_coverage_code","ca_payer_type_of_coverage_name",,"ca_payer_type_of_coverage_code","{table}.ca_payer_type_of_coverage_code","CA_Payor_Type_of_Coverage","ca_payer_type_of_coverage_code","8/12/2025 08:33:25","21","0","ca_payer_type_of_coverage_name","I",,"0",
"ca_plan_payer_name",,"ca_plan_payer","ca_plan_payer_code","ca_plan_payer_name","CA Plan Payor","The payor plan associated with a discharge case in CA dataset",,"Payor/Revenue","1","0",,"1","0","0","0",,"{table}.ca_plan_payer_name","{statedb}.ca_plan_payer","ca_plan_payer_name CA_Plan_Payor, ca_plan_payer_code","ca_plan_payer_name",,"ca_plan_payer_code","{table}.ca_plan_payer_code","CA_Plan_Payor","ca_plan_payer_code","8/12/2025 08:33:25","21","0","ca_plan_payer_name","I",,"0",
"ca_race_name",,"ca_race","ca_race_code","ca_race_name","CA Race","The race listed on an inpatient discharge case in CA dataset",,"Patient","1","0",,"1","0","0","0",,"{table}.ca_race_code","{statedb}.ca_race","ca_race_name CA_Race, ca_race_code","ca_race_name",,"ca_race_code","{table}.ca_race_code","CA_Race","ca_race_code","8/12/2025 08:33:25","17","0","ca_race_name","I",,"0",
"case_count",,"{table}","case_id","count(distinct {table}.case_id)","Cases","Number of hospital discharge visits","n0","Common","0","1",,"0","0","0","0",,,,,,,,,,,"5/8/2026 16:49:43","1","0","case_id","IOD",,"0",
"case_count_diagnosis",,"diagnosis_{table}","case_id","count(diagnosis_{table}.rank)","All Diagnosis Cases","Number of visits with adjacent tables","n0","Clinical","0","1",,"0","0","0","0",,,,,,,,,,,"5/8/2026 16:49:43","1","0","case_id","D",,"1","{table}-clinicals-diagnosis"
"case_count_procedures",,"procd_{table}","case_id","count(procd_{table}.rank)","All Procedures Cases","Number of visits with adjacent tables","n0","Clinical","0","1",,"0","0","0","0",,,,,,,,,,,"5/8/2026 16:49:43","1","0","case_id","D",,"1","{table}-clinicals-procedures"
"case_diagnosis_pct_grp1",,"group1table","case_count_diagnosis","concat(round(COALESCE(cachetable.case_count_diagnosis/group1table.case_count_diagnosis,0)*100,2),'%')","Percent {Group1} Diagnosis","Provides a diagnosis subtotal Percentage of first grouping returned.","p2","Common","0","1",,"0","0","1","0",,,,,,,,,,,"9/2/2026 15:52:36","1","0","case_id","D",,"1","{table}-clinicals-diagnosis"
"case_id","1","{table}","case_id","case_id","Case ID","Group by the Case ID",,"Patient","1","0",,"0","0","0","0",,,,,,"",,"`case_id`",,,"20/3/2025 10:23:09","9","0","case_id","IOD",,"0",
"case_pct",,"{table}","case_id","round(count(distinct {table}.case_id)/sum(count(*)) ,2)","Claim Percent","Percentage of all cases returned","p2","(N/A)","0","1",,"0","1","0","0",,,,,,,,,,,"21/11/2025 14:15:50",,"0","case_id","B",,"0",
"case_pct_grp1",,"group1table","case_count","concat(round(COALESCE(cachetable.case_count/group1table.case_count,0)*100,2),'%')","Percent {Group1} Cases","Provides a subtotal Percentage of first grouping returned.","p2","Common","0","1",,"0","0","1","0",,,,,,,,,,,"21/11/2025 15:15:04","1","0","case_id","IOD",,"0",
"case_pct_procedures1",,"group1table","procd_count_total","concat(round(COALESCE(cachetable.procd_count_total/group1table.procd_count_total,0)*100,2),'%')","Percent {Group1} Procedures","Provides a subtotal Percentage of first grouping returned on procedures","p2","Common","0","1",,"0","0","1","0",,,,,,,,,,,"8/12/2025 08:33:25","1","0","procd_count_total","OD",,"0",
"case_pct_total",,"cachetable0","case_count","concat(round(COALESCE(cachetable.case_count/cachetable0.case_count,0)*100,2),'%')","Percent Total Cases","Provides a percent for the total visits returned","p2","Common","0","1",,"0","0","1","0",,,,,,,,,,,"5/8/2026 16:49:43","1","0","case_id","IOD",,"0",
"case_procedures_pct_grp1",,"group1table","case_count_procedures","concat(round(COALESCE(cachetable.case_count_procedures/group1table.case_count_procedures,0)*100,2),'%')","Percent {Group1} Procedures","Provides a procedures subtotal Percentage of first grouping returned.","p2","Common","0","1",,"0","0","1","0",,,,,,,,,,,"9/2/2026 15:52:36","1","0","case_id","D",,"1","{table}-clinicals-procedures"
"case_rate_per1000",,"cachetable","case_count","COALESCE((cachetable.case_count * 1000.0 / cachetable.pop_cy), 0)","Annual Rate per 1,000 Cases","Annual case rate per 1,000 population","n4","Use Rate","0","1",,"0","0","1","0",,,,,,,,,,,"8/12/2025 13:44:32","1","0","case_id","IOD",,"1","{table}-use-rate-and-projection"
"cases_per_pat",,"{table}","pat_id","cast(1.*count(distinct {table}.case_id)/count(distinct {table}.pat_id) as decimal(6,2))","Average Claims per Patient","Provides an average claim count per patient returned.","n2","Patient","0","1",,"0","0","0","0",,,,,,,,,,,"8/12/2025 08:33:25","3","0","case_id","BIOD",,"0",
"cause_error",,"{table}","case_id","ufn_test_error()","Cause Error","Causes a report to throw an error",,"Other","0","1",,"0","1","0","0",,,,,,,,,,,"12/6/2025 14:24:12",,"0","case_id","CIOD",,"0",
"charge","1","{table}","charge","charge","Charge",,"c0","Payor/Revenue","0","0",,"1","0","0","0",,,"seq_1_to_6 s1, seq_1_to_10 s2","distinct s2.seq*pow(10,s1.seq+1) Sample_Charge","charges_total",,"Sample_Charge",,,,"16/10/2025 14:24:05","21","0","charge","BIOD",,"0",
"charges_index_aprdrg",,"cachetable","bench_charges_aprdrg","COALESCE(round((cachetable.charges_total/cachetable.case_count)/cachetable.bench_charges_aprdrg,4),0)","Charges Index (APR-DRG)","A measure of change in charges where the average index is 1.00 and the weight is based on APR-DRGs in the report.","n2","APR-DRG","0","1",,"0","0","1","0",,,,,,,,,,,"10/2/2026 06:09:59",,"0","charge","A",,"0",
"charges_index_aprdrg_inl",,"cachetable","bench_charges_aprdrg_inl","COALESCE(round((cachetable.charges_total/cachetable.case_count)/cachetable.bench_charges_aprdrg_inl,4),0)","Charges Index (APR-DRG, Inliers)",,"n2","APR-DRG","0","1",,"0","1","1","0",,,,,,,,,,,"20/11/2025 16:00:50",,"0","charge","X",,"0",
"charges_index_msdrg",,"cachetable","bench_charges_msdrg","COALESCE(round((cachetable.charges_total/cachetable.case_count)/cachetable.bench_charges_msdrg,4),0)","Charges Index (MS-DRG)","A measure of change in charges where the average index is 1.00 and the weight is based on MS-DRGs in report","n2","MS-DRG","0","1",,"0","0","1","0",,,,,,,,,,,"8/12/2025 08:33:25",,"0","charge","IOD",,"0",
"charges_index_msdrg_inl",,"cachetable","bench_charges_msdrg_inl","COALESCE(round((cachetable.charges_total/cachetable.case_count)/cachetable.bench_charges_msdrg_inl,4),0)","Charges Index (MS-DRG, Inliers)",,"n2","MS-DRG","0","1",,"0","1","1","0",,,,,,,,,,,"20/11/2025 16:00:50",,"0","charge","X",,"0",
"charges_index_procd_all",,"cachetable","charges_total","COALESCE(round((cachetable.charges_total/cachetable.procd_count_total)/cachetable.bench_charges_procd_all,4),0)","Charge/Procedure Index","A measure of change in charges per procedure where the average index is 1.00","n2","Procedure","0","1",,"0","0","1","0",,,,,,,,,,,"20/2/2026 10:26:27",,"0","charge","O",,"0",
"charges_index_visit_all",,"cachetable","charges_total","COALESCE(round((cachetable.charges_total/cachetable.case_count)/cachetable.bench_charges_visit_all,4),0)","Charge/Case Index","A measure of change in charges per visit where the average index is 1.00","n2","Procedure","0","1",,"0","0","1","0",,,,,,,,,,,"5/8/2026 16:49:43",,"0","charge","O",,"0",
"charges_pct_grp1",,"group1table","charges_total","concat(round(COALESCE(cachetable.charges_total/group1table.charges_total,0)*100,2),'%')","Percent {Group1} Charges","Provides a subtotal Percentage of first grouping returned on charges","p2","Common","0","1",,"0","0","1","0",,,,,,,,,,,"18/12/2025 11:36:56","1","0","charge","BIOD",,"0",
"charges_pct_total",,"cachetable0","charges_total","concat(round(COALESCE(cachetable.charges_total/cachetable0.charges_total,0)*100,2),'%')","Percent Total Charges","Provides a percent of total charges returned.","p2","Common","0","1",,"0","0","1","0",,,,,,,,,,,"18/12/2025 11:37:10","1","0","charge","BIOD",,"0",
"charges_per_case",,"{table}","charge","round(sum({table}.charge)/count({table}.case_id),2)","Average Charge Per Case","Average charges per discharge visit","c0","Common","0","1",,"0","0","0","0",,,,,,,,,,,"5/8/2026 16:49:43",,"0","charge","BIOD",,"0",
"charges_per_casex",,"cachetable","charges_total","COALESCE((round(cachetable.charges_total/cachetable.case_count,2),0)","Average Charge Per Case","The average charges per discharge case","c0","Common","0","1",,"0","1","1","0",,,,,,,,,,,"9/12/2025 08:52:18",,"0","charge","BIOD",,"0",
"charges_per_day",,"cachetable","charges_total","COALESCE(round(cachetable.charges_total/cachetable.los_total,2),0)","Average Charge Per Day","The average charges per discharge case per day","c0","Common","0","1",,"0","0","1","0",,,,,,,,,,,"8/12/2025 16:58:16",,"0","charge","I",,"0",
"charges_per_procd",,"cachetable","charges_total","COALESCE(round(cachetable.charges_total/cachetable.procd_count_total,2),0)","Average Charge Per Procedure","The average charges per procedure (based on total procedures in a report)","c0","Common","0","1",,"0","0","1","0",,,,,,,,,,,"9/12/2025 08:52:22",,"0","charge","OD",,"0",
"charges_rate_per1000",,"cachetable","charges_total","round(COALESCE((cachetable.charges_total * 1000.0 / cachetable.pop_cy),0),2)","Annual Rate per 1,000 Charges","Annual charges rate per 1,000 population","n0","Use Rate","0","1",,"0","0","1","1",,,,,,,,,,,"8/12/2025 13:44:34","1","0","charge","IO",,"1","{table}-use-rate-and-projection"
"charges_total",,"{table}","charge","round(sum({table}.charge)*1.0,2)","Charges","Total charges associated with cases on report (charges are reflective of hospital charge masters not reimbursed values)","c0","Common","0","1",,"0","0","0","0",,,,,,,,,,,"21/1/2026 07:25:35","1","0","charge","BIOD",,"0",
"claim_count",,"{table}","case_id","count(distinct {table}.case_id)","Claims",,"n0","Common","0","1",,"0","0","0","0",,,,,,,,,,,"17/6/2025 11:38:23","1","0","case_id","B",,"0",
"claim_pct_grp1",,"group1table","claim_count","concat(round(COALESCE(cachetable.claim_count/group1table.claim_count,0)*100,2),'%')","Percent {Group1} Claims","Provides a subtotal Percentage of first grouping returned.","p2","Common","0","1",,"0","0","1","0",,,,,,,,,,,"21/11/2025 15:15:04","1","0","case_id","B",,"0",
"claim_pct_total",,"cachetable0","claim_count","concat(round(COALESCE(cachetable.claim_count/cachetable0.claim_count,0)*100,2),'%')","Percent Total Claims","Provides  a percent of total claims returned.","p2","Common","0","1",,"0","0","1","0",,,,,,,,,,,"17/12/2025 20:14:59","1","0","case_id","B",,"0",
"claim_type_code",,"claim_type","claim_type_code","claim_type_code","Claim Type Code","",,"(N/A)","0","0",,"0","1","0","0",,"claim_type_code","000_common.claim_type","claim_type_code Claim_Type_Code, claim_type_name Claim_Type_Name","claim_type_code, claim_type_name",,"Claim_Type_Code","{table}.CLAIM_TYP_CD","Claim_Type_Code",,"11/8/2026 11:34:18",,"0","claim_typ_cd","C",,"0",
"claim_type_name","15","claim_type","claim_type_name","claim_type_name","Claim Type","Type of claim. Institutional, Professional or CMS.",,"Patient","1","0",,"1","0","0","1",,"claim_type_code","000_common.claim_type","claim_type_code Claim_Type_Code, claim_type_name Claim_Type_Name","claim_type_code, claim_type_name",,"Claim_Type_Code","`claim_type_code`","Claim_Type_Name",,"11/8/2026 11:20:13","17","1","claim_typ_cd","C",,"0",
"cmi_aprdrg",,"aprdrg","rw","round(sum(aprdrg.rw)/count( inpatient.case_id),4)","CMI (APR-DRG)",,"n2","APR-DRG","0","1",,"0","0","0","0",,,,,,,,,,,"8/12/2025 13:59:37",,"0","rw","A",,"1","{table}-utilization-cmi-aprdrg"
"cmi_msdrg",,"msdrg","rw","round(sum(msdrg.rw)/count( inpatient.case_id),4)","CMI (MS-DRG)","A hospital's average relative weight based on patient diagnoses and procedures. Higher CMI indicates more complex cases","n2","MS-DRG","0","1",,"0","0","0","0",,,,,,,,,,,"8/12/2025 13:59:37",,"0","rw","I",,"1","{table}-utilization-cmi-msdrg"
"cms_days_aprdrg",,"aprdrg","gm_los","round(sum(aprdrg.gm_los)/count(inpatient.case_id) ,2)","CMS Expected Days (APR-DRG)",,"n2","APR-DRG","0","1",,"0","0","0","0",,,,,,,,,,,"18/11/2025 09:31:22",,"0","gm_los","A",,"0",
"cms_days_msdrg",,"msdrg","gm_los","round(sum(msdrg.gm_los)/count(inpatient.case_id) ,2)","CMS Expected Days (MS-DRG)","The days expected for a hospital stay from CMS based on MS-DRG severity","n2","MS-DRG","0","1",,"0","0","0","0",,,,,,,,,,,"8/12/2025 08:33:25",,"0","gm_los","I",,"0",
"cms_mortality_aprdrg",,"hospital_aprdrg_all","st_mortalities","round(sum(hospital_aprdrg_all.st_mortalities*1.0/hospital_aprdrg_all.st_total_cases) ,2)","CMS Expected Mortality (APR-DRG)","The mortality expected from CMS based on APR-DRG severity.","n2","Mortality","0","1",,"0","0","0","0",,,,,,,,,,,"10/2/2026 06:09:59",,"0","st_mortalities","A",,"0",
"cms_mortality_aprdrg_inl",,"hospital_aprdrg_inl","st_mortalities","round(sum(hospital_aprdrg_inl.st_mortalities*1.0/hospital_aprdrg_inl.st_total_cases) ,2)","CMS Expected Mortality (APR-DRG, Inliers)",,"n2","Mortality","0","1",,"0","1","0","0",,,,,,,,,,,"2/12/2025 10:45:22",,"0","st_mortalities","X",,"0",
"cms_mortality_msdrg",,"hospital_msdrg_all","st_mortalities","round(sum(hospital_msdrg_all.st_mortalities*1.0/hospital_msdrg_all.st_total_cases) ,2)","CMS Expected Mortality (MS-DRG)","The mortality expected from CMS based on MS-DRG severity","n2","Mortality","0","1",,"0","0","0","0",,,,,,,,,,,"8/12/2025 08:33:25",,"0","st_mortalities","I",,"0",
"cms_mortality_msdrg_inl",,"hospital_msdrg_inl","st_mortalities","round(sum(hospital_msdrg_inl.st_mortalities*1.0/hospital_msdrg_inl.st_total_cases) ,2)","CMS Expected Mortality (MS-DRG, Inliers)",,"n2","Mortality","0","1",,"0","1","0","0",,,,,,,,,,,"2/12/2025 10:45:22",,"0","st_mortalities","X",,"0",
"combined_cases_visits","11","cachetable","out_case_count","cachetable.inp_case_count+cachetable.out_case_count","Cases Plus Cases","Visits added to cases.","n0","Common","0","1",,"0","0","1","0",,,,,,,,,,,"5/8/2026 16:49:43","1","0","case_id","O",,"1","{table}-inpatient"
"combined_charges","12","cachetable","out_charges_total","cachetable.inp_charges_total+cachetable.out_charges_total","Combined Charges","Visits added to cases.","p2","Common","0","1",,"0","0","1","0",,,,,,,,,,,"9/2/2026 16:30:40","1","0","charge","O",,"1","{table}-inpatient"
"commercial_cy",,"covered_lives","commercial_cy","sum(commercial_cy)","Current Year Commercial",,"n0","Covered Lives","0","1",,"0","0","0","0",,,,,,,,,,,"13/6/2025 07:36:55","40","0","commercial_cy","L",,"0",
"commercial_cy5",,"covered_lives","commercial_cy5","sum(commercial_cy5)","Projected 5-Year Commercial",,"n0","Covered Lives","0","1",,"0","0","0","0",,,,,,,,,,,"13/6/2025 07:36:56","40","0","commercial_cy5","L",,"0",
"csection_after_csection_count",,"{table}","msdrg_code","sum(({table}.msdrg_code in ('765','766','783','784','785','786','787','788'))*{table}.bac_code)","Cesarean Section After Cesarean Section","Cesarean Section After Cesarean Section","n0","Maternity","0","1",,"0","0","0","0",,,,,,,,,,,"9/2/2026 15:52:36","15","0","msdrg_code","I",,"1","{table}-maternity"
"csection_pct",,"cachetable","csection_after_csection_count","concat(round(COALESCE(cachetable.csection_total/cachetable.case_count,0)*100,2),'%')","Cesarean Section Percent","Cesarean Section Percent","p2","Maternity","0","1",,"0","0","1","0",,,,,,,,,,,"9/2/2026 15:52:36","15","0","msdrg_code","I",,"1","{table}-maternity"
"csection_primary",,"cachetable","csection_total","COALESCE((cachetable.csection_total - cachetable.csection_after_csection_count),0)","Primary Cesarean Section","First Cesarean Section","n0","Maternity","0","1",,"0","0","1","0",,,,,,,,,,,"9/2/2026 15:52:36","15","0","msdrg_code","I",,"1","{table}-maternity"
"csection_total",,"{table}","msdrg_code","sum({table}.msdrg_code in ('765','766','783','784','785','786','787','788'))","Cesarean Section Total","Cesarean Section Total","n0","Maternity","0","1",,"0","0","0","0",,,,,,,,,,,"9/2/2026 15:52:36","15","0","msdrg_code","I",,"1","{table}-maternity"
"cume_case_pct_total",,"cume_case_pct_total","{table}.case_id","concat(round((@cume_case_pct_total:=@cume_case_pct_total+case_pct_total)*1.0,2) ,'%')","Cumulative Percent Total Cases","The cumulative percent of visit for report","p2","Common","0","1",,"0","0","2","0",,,,,,,,,,,"5/8/2026 16:49:43","1","0","case_id","IOD",,"0",
"cume_charges_pct_total",,"cume_charges_pct_total","{table}.charge","concat(round((@cume_charges_pct_total:=@cume_charges_pct_total+charges_pct_total)*1.0,2),'%')","Cumulative Percent Total Charges","The cumulative percent of charges for report","p2","Common","0","1",,"0","0","2","0",,,,,,,,,,,"17/12/2025 20:59:19","1","0","charge","BIOD",,"0",
"cume_claim_pct_total",,"cume_claim_pct_total","{table}.case_id","concat(round((@cume_claim_pct_total:=@cume_claim_pct_total+claim_pct_total)*1.0,2),'%')","Cumulative Percent Total Claims",,"p2","Common","0","1",,"0","0","2","0",,,,,,,,,,,"17/12/2025 20:59:27","1","0","case_id","B",,"0",
"dataset_charge_index",,"hospital_procd_all","total_charges","round(sum({table}.charge)/sum(hospital_procd_all.st_total_charges/hospital_procd_all.st_total_cases),4)","Dataset Charge Index","A measure of change in charges for the dataset where the average index is 1.00","n2","Activity","0","1",,"0","0","0","0",,,,,,,,,,,"8/12/2025 08:33:25",,"0","charge","O",,"0",
"days_index_aprdrg",,"cachetable","bench_days_aprdrg","round(COALESCE((cachetable.los_total/cachetable.case_count)/cachetable.bench_days_aprdrg,0),4)","Days Index (APR-DRG)","A measure of change in days where the average index is 1.00 and the weight is based on APR-DRGs in the report.","n2","APR-DRG","0","1",,"0","0","1","0",,,,,,,,,,,"10/2/2026 06:09:59",,"0","los","A",,"0",
"days_index_aprdrg_inl",,"cachetable","bench_days_aprdrg_inl","round(COALESCE((cachetable.los_total/cachetable.case_count)/cachetable.bench_days_aprdrg_inl,0),4)","Days Index (APR-DRG, Inliers)",,"n2","APR-DRG","0","1",,"0","1","1","0",,,,,,,,,,,"20/11/2025 16:00:50",,"0","los","X",,"0",
"days_index_msdrg",,"cachetable","bench_days_msdrg","round(COALESCE((cachetable.los_total/cachetable.case_count)/cachetable.bench_days_msdrg,0),4)","Days Index (MS-DRG)","A measure of change in days where the average index is 1.00 and the weight is based on MS-DRGs in report","n2","MS-DRG","0","1",,"0","0","1","0",,,,,,,,,,,"8/12/2025 08:33:25",,"0","los","I",,"0",
"days_index_msdrg_inl",,"cachetable","bench_days_msdrg_inl","round(COALESCE((cachetable.los_total/cachetable.case_count)/cachetable.bench_days_msdrg_inl,0),4)","Days Index (MS-DRG, Inliers)",,"n2","MS-DRG","0","1",,"0","1","1","0",,,,,,,,,,,"20/11/2025 16:00:51",,"0","los","X",,"0",
"days_rate_per1000",,"cachetable","los_total","round(COALESCE((cachetable.los_total * 1000.0 / cachetable.pop_cy), 0),2)","Annual Rate per 1,000 Days","Annual days rate per 1,000 population","n4","Use Rate","0","1",,"0","0","1","0",,,,,,,,,,,"8/12/2025 13:44:33","1","0","los","I",,"1","{table}-use-rate-and-projection"
"diag_count",,"{table}","diag_count","sum({table}.diag_count)","Diagnosis Count","Total diagnosis count",,"Common","0","1",,"0","0","0","0",,,,,,,,,,,"12/1/2026 14:54:51","0","0","diag_count","D",,"0",
"diagnosis_code","10","diagnosis","diagnosis_code","diagnosis_code","Diagnosis Code Detail","Discharge diagnosis codes that match selected codes regardless of position on discharge (multiple procedures per discharge).",,"Clinical","1","0","1","1","0","0","0",,"diagnosis_code","000_common.diagnosis","diagnosis_code Diagnosis_Code, diagnosis_name Diagnosis_Name, full_description Full_Description, diagnosis_product_line_name Diagnosis_Product_Line_Name, diagnosis_product_line_sub_name Diagnosis_Product_Line_Sub_Name, diagnosis_type_code Diagnosis_Type_Code","diagnosis_code,diagnosis_name,,dx_product_line_name,dx_product_line_sub_name",,"Diagnosis_Code","`diagnosis_code`","Diagnosis_Name","diagnosis_code","10/2/2026 06:09:59","12","0","diagnosis_code","CIOD",,"0",
"diagnosis_code1","5","diagnosis1","diagnosis_code","diagnosis_code","Primary Diagnosis Code","Discharge primary diagnosis code (defined on discharge form).",,"Clinical","1","0",,"1","0","0","0",,"diagnosis_code1","000_common.diagnosis","diagnosis_code Diagnosis_Code, diagnosis_name Diagnosis_Name, full_description Full_Description, diagnosis_product_line_name Diagnosis_Product_Line_Name, diagnosis_product_line_sub_name Diagnosis_Product_Line_Sub_Name, diagnosis_type_code Diagnosis_Type_Code","diagnosis_code1,diagnosis_name1,,dx_product_line_name1,dx_product_line_sub_name1",,"Diagnosis_Code",,"Diagnosis_Name","diagnosis_code","10/2/2026 06:09:59","12","0","diagnosis_code","CIOD",,"0",
"diagnosis_long_code1","7","diagnosis1","long_description","diagnosis_code","Primary Diagnosis Description","Claim-level primary diagnosis description (one diagnosis per claim).",,"Clinical","0","0",,"0","0","0","0",,"diagnosis1.full_description","000_common.diagnosis","Diagnosis_Code, diagnosis_name Diagnosis_Name, full_description Full_Description, diagnosis_product_line_name Diagnosis_Product_Line_Name, diagnosis_product_line_sub_name Diagnosis_Product_Line_Sub_Name, diagnosis_type_code Diagnosis_Type_Code","diagnosis_long_code1,diagnosis_name1,dx_long_description1,dx_product_line_name1,dx_product_line_sub_name1",,"Diagnosis_Code","`diagnosis_code1`","Diagnosis_Name",,"4/11/2025 08:10:09","12","1","diagnosis_code","CIOD",,"0",
"diagnosis_name","11","diagnosis","diagnosis_name","diagnosis_name","Diagnosis Detail","Discharge diagnosis names that match selected names regardless of position on discharge (multiple procedures per discharge).",,"Clinical","1","0","0","1","0","0","0",,"diagnosis_code","000_common.diagnosis","diagnosis_code Diagnosis_Code, diagnosis_name Diagnosis_Name, full_description Full_Description, diagnosis_product_line_name Diagnosis_Product_Line_Name, diagnosis_product_line_sub_name Diagnosis_Product_Line_Sub_Name, diagnosis_type_code Diagnosis_Type_Code","diagnosis_code,diagnosis_name,,dx_product_line_name,dx_product_line_sub_name",,"Diagnosis_Code","`diagnosis_code`","Diagnosis_Name","diagnosis_code","12/2/2026 10:31:51","12","1","diagnosis_name","CIOD",,"0",
"diagnosis_name1","6","diagnosis1","diagnosis_name","diagnosis_name","Primary Diagnosis","Discharge primary diagnosis name (defined on discharge form).",,"Clinical","1","0",,"1","0","0","0",,"diagnosis_name1","000_common.diagnosis","diagnosis_code Diagnosis_Code, diagnosis_name Diagnosis_Name, full_description Full_Description, diagnosis_product_line_name Diagnosis_Product_Line_Name, diagnosis_product_line_sub_name Diagnosis_Product_Line_Sub_Name, diagnosis_type_code Diagnosis_Type_Code","diagnosis_code1,diagnosis_name1,,dx_product_line_name1,dx_product_line_sub_name1",,"Diagnosis_Code","`diagnosis_code1`","Diagnosis_Name","diagnosis_code","12/2/2026 10:31:30","12","1","diagnosis_name","CIOD",,"0",
"discharge_day_of_month","10","{table}","discharge_date","dayofmonth(discharge_date)","Discharge Day of Month","The day of the month (number) that an inpatient case was discharged",,"Time","1","0",,"1","0","0","0",,,"seq_1_to_31","seq Day_of_Month","discharge_day_of_month",,"Day_of_Month",,,,"8/12/2025 08:33:26","25","0","discharge_date","I",,"0",
"discharge_day_of_week","11","{table}","discharge_date","concat(dayofweek(discharge_date),' - ',dayname(discharge_date))","Discharge Day of Week","The day of the week (name) that an inpatient case was discharged",,"Time","1","0",,"1","0","0","0",,,"{statedb}.dayofweek","dayofweek_name Day_of_Week, dayofweek_code","discharge_day_of_week",,"dayofweek_code","dayofweek(discharge_date)","Day_of_Week","dayofweek_code","8/12/2025 08:33:26","25","0","discharge_date","I",,"0",
"discharge_month_name","12","{table}","discharge_date","concat(month(discharge_date),' - ',monthname(discharge_date))","Discharge Month","The month that an inpatient case was discharged",,"Time","1","0",,"1","0","0","0",,"month(discharge_date)","{statedb}.monthofyear","monthofyear_name Month, monthofyear_code","discharge_month_name",,"monthofyear_code","month(discharge_date)","Month","monthofyear_code","8/12/2025 08:33:26","25","0","discharge_date","I",,"0",
"discharge_status",,"discharge_status","discharge_status_code","discharge_status_code","Discharge Status Code",,,"Patient","0","0",,"0","0","0","0",,,,,,,,"`discharge_status`",,,"31/10/2025 13:28:22","17","0","discharge_status_code","IOD",,"0",
"discharge_status_name","5","discharge_status","discharge_status_name","discharge_status_name","Discharge Status","The status in which a patient has been discharged from a hospital",,"Patient","1","0",,"1","0","0","1",,"discharge_status.discharge_status_code","{statedb}.discharge_status","discharge_status_code Discharge_Status_Code,discharge_status_name Discharge_Status","Discharge_Status_Code,Discharge_Status",,"Discharge_Status_Code","`discharge_status`","Discharge_Status","Discharge_Status_Code","6/1/2026 13:23:08","17","0","discharge_status_name","IOD",,"0",
"discharge_year","13","{table}","discharge_date","year(discharge_date)","Discharge Year","The year that an inpatient case was discharged",,"Time","1","0",,"1","0","0","0",,,"{statedb}.period","distinct year Discharge_Year","discharge_year","{flag1}","Discharge_Year","year(discharge_date)","Discharge_Year",,"17/2/2026 11:51:26","25","0","year_name","IOD",,"0",
"discharge_zip","13","discharge_zip","zip_code","zip_code","Patient Zip Code","5-digit zip code of the patient origin on a claim.",,"Patient","1","0",,"1","0","0","1",,,"{statedb}.zip AS Z INNER JOIN (select zip_code, ip as inpatient, op as outpatient, ed as ed_main from {statedb}.zip_flag ) AS ZF on ( Z.zip_code = ZF.zip_code AND ZF.{table} = 1)","Z.zip_code Zip_Code, Z.zip_name Zip_Name, City, Z.county_name County_Name, Z.`State` State, Z.cbsa_name CBSA, Z.zip_class Zip_Class, Z.zip_demo_base_name Zip_Demo_Base_Name","pat_zip,,pat_city,pat_county,pat_state,pat_cbsa_name,,pat_zip_demo_base_name",,"Zip_Code","`discharge_zip`","Zip_Code",,"23/3/2026 15:56:07","17","0","zip_code","IOD",,"0",
"domtap",,"esricat_tapseg","domtap","tapsegnam","ESRI Tapestry Segment",,,"ESRI Demographics","1","0",,"1","0","0","1",,"`esricat_tapseg`.`tapsegnam`","esri.esricat_tapseg","domtap, tapsegnam Segment_Name","tapsegnam",,"domtap","`domtap_code`","Segment_Name","domtap_code","17/10/2025 12:51:38","0","0","tapsegnam","S",,"0",
"domtap_code",,"esricat_tapseg","domtap","domtap","ESRI Tapestry Segment",,,"ESRI Demographics","0","0",,"0","0","0","0",,"`esricat_tapseg`.`tapsegnam`","esri.esricat_tapseg","domtap, tapsegnam Segment_Name","tapsegnam",,"domtap","`domtap_code`","Segment_Name","domtap_code","17/10/2025 12:51:42","0","0","tapsegnam","S",,"0",
"dx_category_code",,"dx_category","dx_category_code","dx_category_code","",,,"Clinical (Beta)","0","0",,"0","1","0","0",,,,,,,,,,,"13/6/2025 07:40:03",,"0","diagnosis_code","CIOD",,"0",
"dx_category_code1",,"dx_category1","dx_category_code","dx_category_code","",,,"Clinical (Beta)","0","0",,"0","1","0","0",,,,,,,,,,,"13/6/2025 07:40:20",,"0","diagnosis_code","CIOD",,"0",
"dx_category_description","6","dx_category","dx_category_description","dx_category_description","All DX Category",,,"Clinical (Beta)","0","0",,"0","1","0","0",,"dx_category_code","user_data.dx_category dc
join user_data.dx_subcategory dsc using(dx_category_code)
join user_data.dx_specialty ds using (dx_specialty_code)
join user_data.diagnosis_dx_subcategory ddsx using(dx_subcategory_code)
group by dx_category_code","dx_category_description DX_Category, count(distinct dx_subcategory_code) Subcategory_Count, count(distinct dx_specialty_code) Specialty_Count, count(distinct diagnosis_code) Diagnosis_Count, dx_category_code",,,"dx_category_code","`dx_category_code`","DX_Category","dx_category_code","13/6/2025 07:40:22",,"0","diagnosis_code","CIOD",,"0",
"dx_category_description1","2","dx_category1","dx_category_description","dx_category_description","Primary DX Category",,,"Clinical (Beta)","0","0",,"0","1","0","0",,"dx_category_code1","user_data.dx_category dc
join user_data.dx_subcategory dsc using(dx_category_code)
join user_data.dx_specialty ds using (dx_specialty_code)
join user_data.diagnosis_dx_subcategory ddsx using(dx_subcategory_code)
group by dx_category_code","dx_category_description DX_Category, count(distinct dx_subcategory_code) Subcategory_Count, count(distinct dx_specialty_code) Specialty_Count, count(distinct diagnosis_code) Diagnosis_Count, dx_category_code",,,"dx_category_code","`dx_category_code1`","DX_Category","dx_category_code","13/6/2025 07:40:23",,"0","diagnosis_code","CIOD",,"0",
"dx_distinct_count",,"diagnosis_{table}","diagnosis_code","count( distinct diagnosis_{table}.diagnosis_code)","Distinct Diagnosis Codes","Count of unique diagnosis codes per grouping","n0","Clinical","0","1",,"0","0","0","0",,,,,,,,,,,"12/1/2026 14:46:55","12","0","diagnosis_code","D",,"0",
"dx_long_description","12","diagnosis","long_description","long_description","Diagnosis Description Detail","Discharge diagnosis descriptions that match selected codes regardless of position on discharge (multiple procedures per discharge).",,"Clinical","1","0","1","1","0","0","1",,"diagnosis_code","000_common.diagnosis","Diagnosis_Code, diagnosis_name Diagnosis_Name, full_description Full_Description, diagnosis_product_line_name Diagnosis_Product_Line_Name, diagnosis_product_line_sub_name Diagnosis_Product_Line_Sub_Name, diagnosis_type_code Diagnosis_Type_Code","diagnosis_code,diagnosis_name,dx_long_description,dx_product_line_name,dx_product_line_sub_name",,"Diagnosis_Code","`diagnosis_code`","Diagnosis_Name",,"10/2/2026 06:09:59","12","1","diagnosis_code","CIOD",,"0",
"dx_long_description1","7","diagnosis1","long_description","long_description","Primary Diagnosis Description","Discharge primary diagnosis description (defined on discharge form).",,"Clinical","1","0",,"1","0","0","1",,"diagnosis1.full_description","000_common.diagnosis","Diagnosis_Code, diagnosis_name Diagnosis_Name, full_description Full_Description, diagnosis_product_line_name Diagnosis_Product_Line_Name, diagnosis_product_line_sub_name Diagnosis_Product_Line_Sub_Name, diagnosis_type_code Diagnosis_Type_Code","diagnosis_long_code1,diagnosis_name1,dx_long_description1,dx_product_line_name1,dx_product_line_sub_name1",,"Diagnosis_Code","`diagnosis_long_code1`","Diagnosis_Name",,"10/2/2026 06:09:59","12","1","diagnosis_code","CIOD",,"0",
"dx_long_description2","7","diagnosis2","long_description","long_description","Encounter Diagnosis Description","Encounter-level diagnosis long description assciated with the most meaningful diagnosis across all claims for the same encounter",,"Encounter Clinical","1","0",,"1","0","0","1","","diagnosis2.full_description","000_common.diagnosis","Diagnosis_Code, diagnosis_name Diagnosis_Name, full_description Full_Description, diagnosis_product_line_name Diagnosis_Product_Line_Name, diagnosis_product_line_sub_name Diagnosis_Product_Line_Sub_Name, diagnosis_type_code Diagnosis_Type_Code","encounter_diagnosis_long_code,encounter_diagnosis_name,dx_long_description2,dx_product_line_name2,dx_product_line_sub_name2","","Diagnosis_Code","`encounter_diagnosis_long_code`","Diagnosis_Name","","23/4/2025 11:58:29","9","1","encounter_diagnosis_code","E",,"0",
"dx_product_line_code","13","diagnosis","diagnosis_product_line_code","diagnosis_product_line_code","Diagnosis Product Line Detail Code",,,"Clinical","0","0","1","0","0","0","1",,"dx_product_line_code","000_common.diagnosis_product_line","diagnosis_product_line_code, diagnosis_product_line_name Diagnosis_Product_Line_Name",",dx_product_line_name",,"diagnosis_product_line_code","`dx_product_line_code`","Diagnosis_Product_Line_Name","diagnosis_product_line_code","2/9/2025 16:01:58","12","0","diagnosis_code","CIOD",,"0",
"dx_product_line_code1",,"diagnosis1","diagnosis_product_line_code","diagnosis_product_line_code","Primary Diagnosis Product Line Code",,,"Clinical","0","0",,"0","0","0","1",,"dx_product_line_code1",,,,,,,,,"13/6/2025 07:40:41","12","0","diagnosis_code","CIOD",,"0",
"dx_product_line_code2",,"diagnosis2","diagnosis_product_line_code","diagnosis_product_line_code","Encounter Diagnosis Product Line Code","",,"Encounter Clinical","0","0",,"0","0","0","1","","dx_product_line_code2","","","","","","","","","19/3/2025 10:42:56","9","0","encounter_diagnosis_code","E",,"0",
"dx_product_line_name","13","diagnosis","diagnosis_product_line_name","diagnosis_product_line_name","Diagnosis Product Line Detail","Discharge diagnosis product lines that match selected product lines regardless of position on discharge (multiple procedures per discharge). As defined by HCUP.",,"Clinical","1","0","1","1","0","0","1",,"dx_product_line_code","000_common.diagnosis_product_line","diagnosis_product_line_code, diagnosis_product_line_name Diagnosis_Product_Line_Name",",dx_product_line_name",,"diagnosis_product_line_code","`dx_product_line_code`","Diagnosis_Product_Line_Name","diagnosis_product_line_code","10/2/2026 06:09:59","12","1","diagnosis_code","CIOD",,"0",
"dx_product_line_name1","8","diagnosis1","diagnosis_product_line_name","diagnosis_product_line_name","Primary Diagnosis Product Line","Discharge primary diagnosis product line as defined by HCUP (defined on discharge form).",,"Clinical","1","0",,"1","0","0","1",,"dx_product_line_name1","000_common.diagnosis_product_line","diagnosis_product_line_code, diagnosis_product_line_name Diagnosis_Product_Line",",dx_product_line_name1",,"diagnosis_product_line_code","`dx_product_line_code1`","Diagnosis_Product_Line","diagnosis_product_line_code","10/2/2026 06:09:59","12","1","diagnosis_code","CIOD",,"0",
"dx_product_line_name2","8","diagnosis2","diagnosis_product_line_name","diagnosis_product_line_name","Encounter Diagnosis Product Line","Encounter-level diagnosis product line assciated with the most meaningful diagnosis across all claims for the same encounter",,"Encounter Clinical","1","0",,"1","0","0","1","","dx_product_line_name2","000_common.diagnosis_product_line","diagnosis_product_line_code, diagnosis_product_line_name Diagnosis_Product_Line",",dx_product_line_name2","","diagnosis_product_line_code","`dx_product_line_code2`","Diagnosis_Product_Line","diagnosis_product_line_code","23/4/2025 11:58:29","9","1","encounter_diagnosis_code","E",,"0",
"dx_product_line_sub_code","15","diagnosis","diagnosis_product_line_sub_code","diagnosis_product_line_sub_code","Diagnosis Product Subline Detail Code",,,"Clinical","0","0",,"0","0","0","1",,"dx_product_line_sub_code","000_common.diagnosis_product_line_sub","diagnosis_product_line_sub_name Diagnosis_Product_Line_Sub_Name, diagnosis_product_line_name Diagnosis_Product_Line_Name, diagnosis_product_line_sub_code",",dx_product_line_sub_name,dx_product_line_name",,"diagnosis_product_line_sub_code","`dx_product_line_sub_code`","Diagnosis_Product_Line_Sub_Name","diagnosis_product_line_sub_code","16/10/2025 13:44:27","12","0","diagnosis_code","CIOD",,"0",
"dx_product_line_sub_code1",,"diagnosis1","diagnosis_product_line_sub_code","diagnosis_product_line_sub_code","Primary Diagnosis Product Subline Code",,,"Clinical","0","0",,"0","0","0","1",,"dx_product_line_sub_code1",,,,,,,,,"13/6/2025 07:40:48","12","0","diagnosis_code","CIOD",,"0",
"dx_product_line_sub_code2",,"diagnosis2","diagnosis_product_line_sub_code","diagnosis_product_line_sub_code","Encounter Diagnosis Product Subline Code","",,"Encounter Clinical","0","0",,"0","0","0","1","","dx_product_line_sub_code2","","","","","","","","","19/3/2025 10:42:56","9","0","encounter_diagnosis_code","E",,"0",
"dx_product_line_sub_name","14","diagnosis","diagnosis_product_line_sub_name","diagnosis_product_line_sub_name","Diagnosis Product Subline Detail","Discharge diagnosis product sublines that match selected product sublines regardless of position on discharge (multiple procedures per discharge). As defined by HCUP.",,"Clinical","1","0","1","1","0","0","1",,"dx_product_line_sub_code","000_common.diagnosis_product_line_sub","diagnosis_product_line_sub_name Diagnosis_Product_Line_Sub_Name, diagnosis_product_line_name Diagnosis_Product_Line_Name, diagnosis_product_line_sub_code",",dx_product_line_sub_name,dx_product_line_name",,"diagnosis_product_line_sub_code","`dx_product_line_sub_code`","Diagnosis_Product_Line_Sub_Name","diagnosis_product_line_sub_code","10/2/2026 06:09:59","12","1","diagnosis_code","CIOD",,"0",
"dx_product_line_sub_name1","9","diagnosis1","diagnosis_product_line_sub_name","diagnosis_product_line_sub_name","Primary Diagnosis Product Subline","Discharge primary diagnosis product subline as defined by HCUP (defined on discharge form).",,"Clinical","1","0",,"1","0","0","1",,"dx_product_line_sub_name1","000_common.diagnosis_product_line_sub","diagnosis_product_line_sub_name Diagnosis_Product_Line_Sub_Name, diagnosis_product_line_name Diagnosis_Product_Line_Name, diagnosis_product_line_sub_code",",dx_product_line_sub_name1,dx_product_line_name1",,"diagnosis_product_line_sub_code","`dx_product_line_sub_code1`","Diagnosis_Product_Line_Sub_Name","diagnosis_product_line_sub_code","10/2/2026 06:09:59","12","1","diagnosis_code","CIOD",,"0",
"dx_product_line_sub_name2","9","diagnosis2","diagnosis_product_line_sub_name","diagnosis_product_line_sub_name","Encounter Diagnosis Product Subline","Encounter-level diagnosis product subline assciated with the most meaningful diagnosis across all claims for the same encounter",,"Encounter Clinical","1","0",,"1","0","0","1","","dx_product_line_sub_name2","000_common.diagnosis_product_line_sub","diagnosis_product_line_sub_name Diagnosis_Product_Line_Sub_Name, diagnosis_product_line_name Diagnosis_Product_Line_Name, diagnosis_product_line_sub_code",",dx_product_line_sub_name2,dx_product_line_name2","","diagnosis_product_line_sub_code","`dx_product_line_sub_code2`","Diagnosis_Product_Line_Sub_Name","diagnosis_product_line_sub_code","23/4/2025 11:58:29","9","1","encounter_diagnosis_code","E",,"0",
"dx_specialty_code",,"dx_specialty","dx_specialty_code","dx_specialty_code","",,,"Clinical (Beta)","0","0",,"0","1","0","0",,,,,,,,,,,"13/6/2025 07:40:54",,"0","diagnosis_specialty_code","CIOD",,"0",
"dx_specialty_code1",,"dx_specialty1","dx_specialty_code","dx_specialty_code","",,,"Clinical (Beta)","0","0",,"0","1","0","0",,,,,,,,,,,"13/6/2025 07:40:55",,"0","diagnosis_specialty_code","CIOD",,"0",
"dx_specialty_description","5","dx_specialty","dx_specialty_description","dx_specialty_description","All DX Specialty",,,"Clinical (Beta)","0","0",,"0","0","0","0",,"dx_specialty_code","user_data.dx_category dc
join user_data.dx_subcategory dsc using(dx_category_code)
join user_data.dx_specialty ds using (dx_specialty_code)
join user_data.diagnosis_dx_subcategory ddsx using(dx_subcategory_code)
group by dx_specialty_code","dx_specialty_description DX_Specialty, count(distinct dx_category_code) Category_count, count(distinct dx_subcategory_code) Subcategory_count, count(distinct diagnosis_code) Diagnosis_Count, dx_specialty_code",,,"dx_specialty_code","`dx_specialty_code`","DX_Specialty","dx_specialty_code","13/6/2025 07:40:55",,"0","diagnosis_specialty_code","CIOD",,"0",
"dx_specialty_description1","1","dx_specialty1","dx_specialty_description","dx_specialty_description","Primary DX Specialty",,,"Clinical (Beta)","0","0",,"0","0","0","0",,"dx_specialty_code1","user_data.dx_category dc
join user_data.dx_subcategory dsc using(dx_category_code)
join user_data.dx_specialty ds using (dx_specialty_code)
join user_data.diagnosis_dx_subcategory ddsx using(dx_subcategory_code)
group by dx_specialty_code","dx_specialty_description DX_Specialty, count(distinct dx_category_code) Category_count, count(distinct dx_subcategory_code) Subcategory_count, count(distinct diagnosis_code) Diagnosis_Count, dx_specialty_code",,,"dx_specialty_code","`dx_specialty_code1`","DX_Specialty","dx_specialty_code","13/6/2025 07:40:56",,"0","diagnosis_specialty_code","CIOD",,"0",
"dx_subcategory_code","8","dx_subcategory","dx_subcategory_code","dx_subcategory_code","All Subcategory Code"," CCSR",,"Clinical (Beta)","0","0",,"0","0","0","0",,,"user_data.dx_category dc
join user_data.dx_subcategory dsc using(dx_category_code)
join user_data.dx_specialty ds using (dx_specialty_code)
join user_data.diagnosis_dx_subcategory ddsx using(dx_subcategory_code)
group by dx_subcategory_code
","dx_subcategory_code DX_Subcategory_Code, dx_subcategory_description DX_Subcategory, dx_category_description DX_Category, dx_specialty_description DX_Specialty, count(distinct diagnosis_code) Diagnosis_Count",,,"DX_Subcategory_Code","`dx_subcategory_code`","DX_Subcategory_Code",,"13/6/2025 07:40:59",,"0","diagnosis_subcategory_code","CIOD",,"0",
"dx_subcategory_code1","4","dx_subcategory1","dx_subcategory_code","dx_subcategory_code","Primary DX Subcategory Code"," CCSR",,"Clinical (Beta)","0","0",,"0","1","0","0",,,"user_data.dx_category dc
join user_data.dx_subcategory dsc using(dx_category_code)
join user_data.dx_specialty ds using (dx_specialty_code)
join user_data.diagnosis_dx_subcategory ddsx using(dx_subcategory_code)
group by dx_subcategory_code
","dx_subcategory_code DX_Subcategory_Code, dx_subcategory_description DX_Subcategory, dx_category_description DX_Category, dx_specialty_description DX_Specialty, count(distinct diagnosis_code) Diagnosis_Count",,,"DX_Subcategory_Code","`dx_subcategory_code1`","DX_Subcategory_Code",,"13/6/2025 07:41:00",,"0","diagnosis_subcategory_code","CIOD",,"0",
"dx_subcategory_description","7","dx_subcategory","dx_subcategory_description","dx_subcategory_description","All DX Subcategory"," CCSR",,"Clinical (Beta)","0","0",,"0","1","0","0",,"dx_subcategory_code","user_data.dx_category dc
join user_data.dx_subcategory dsc using(dx_category_code)
join user_data.dx_specialty ds using (dx_specialty_code)
join user_data.diagnosis_dx_subcategory ddsx using(dx_subcategory_code)
group by dx_subcategory_code
","dx_subcategory_code DX_Subcategory_Code, dx_subcategory_description DX_Subcategory, dx_category_description DX_Category, dx_specialty_description DX_Specialty, count(distinct diagnosis_code) Diagnosis_Count",,,"DX_Subcategory_Code","`dx_subcategory_code`","DX_Subcategory",,"13/6/2025 07:41:01",,"0","diagnosis_subcategory_code","CIOD",,"0",
"dx_subcategory_description1","3","dx_subcategory1","dx_subcategory_description","dx_subcategory_description","Primary DX Subcategory"," CCSR",,"Clinical (Beta)","0","0",,"0","1","0","0",,"dx_subcategory_code1","user_data.dx_category dc
join user_data.dx_subcategory dsc using(dx_category_code)
join user_data.dx_specialty ds using (dx_specialty_code)
join user_data.diagnosis_dx_subcategory ddsx using(dx_subcategory_code)
group by dx_subcategory_code
","dx_subcategory_code DX_Subcategory_Code, dx_subcategory_description DX_Subcategory, dx_category_description DX_Category, dx_specialty_description DX_Specialty, count(distinct diagnosis_code) Diagnosis_Count",,,"DX_Subcategory_Code","`dx_subcategory_code1`","DX_Subcategory",,"13/6/2025 07:41:02",,"0","diagnosis_subcategory_code","CIOD",,"0",
"encounter_address","6","encounter","street","street","Encounter Location Address","Encounter-level NPI address associated with the most meaningful location for where the service was performed across all claims from all physicians on the encounter for a patient.",,"Encounter Location","1","0",,"0","0","0","1","","encounter_address","{statedb}.sl","distinct sl_name Encounter_Location_Name, street Address","","","","","","","14/4/2025 11:02:26","5","0","sl_code","E",,"0",
"encounter_city","7","encounter","city","city","Encounter Location City State"," NPI Registry reference; Usage: for selecting claims based on the city and state associated with the billing organization NPI registry information",,"Encounter Location","1","0",,"1","0","0","1","encounter_sl_code","encounter_city","{statedb}.zip","distinct City, State","city,state_abbr","","City","`encounter_city`",,,"14/4/2025 11:02:26","5","0","sl_code","E",,"0",
"encounter_code",,"encounter","sl_code","sl_code","Encounter Location Code",,,"Encounter Location","0","0",,"0","0","0","0",,,,,,,,,,,"19/3/2025 10:32:06","5","0","sl_code","E",,"0",
"encounter_count",,"{table}","encounter_id","count(distinct {table}.encounter_id)","Encounter Count","Provides the value of the number of encounters.","n0","Common","0","1",,"0","0","0","0",,,,,,,,,,,"28/8/2025 10:18:47","1","0","sl_code","B",,"0",
"encounter_county","10","encounter","county_code","county_name","Encounter Location County","Encounter-level county of the NPI address associated with the most meaningful location for where the service was performed across all claims from all physicians on the encounter for a patient.",,"Encounter Location","1","0",,"1","0","0","1","encounter_sl_code","`encounter`.`county_name`","000_common.county","DISTINCT County_Name, state_code State, county_code County_Code","county_name,state,county_code",,"County_Code","`encounter_county_code`","County_Name","County_Code","28/10/2025 16:05:02","5","1","sl_code","E",,"0",
"encounter_county_code",,"encounter","county_code","county_code","Encounter Location County Code",,,"Encounter Location","0","0",,"0","0","0","0",,,,,,,,"encounter_county_code","County_Name","County_Name","27/8/2025 14:48:26","5","0","sl_code","E",,"0",
"encounter_dba_code",,"encounter","sl_code","sl_code","Encounter Location DBA",,,"Encounter Location","0","0",,"0","0","0","0",,,,,,,,,,,"19/3/2025 10:32:00","5","0","sl_code","E",,"0",
"encounter_dba_name","3","encounter","sl_code","sl_dba_name","Encounter Location DBA Name","Encounter-level doing business as name associated with the most meaningful location for where the service was performed across all claims from all physicians on the encounter for a patient.",,"Encounter Location","1","0",,"1","0","0","1","encounter_code","`encounter`.`sl_dba_name`","{statedb}.sl","sl_code NPI, sl_dba_name Encounter_Location_DBA_Name, sl_name Encounter_Location_Name, taxonomy_cat_name Taxonomy_Cat_Name, street Address, zip_code Zip_Code, city City, county_name County_Name, state_abbr State","sl_code,sl_dba_name,sl_name,taxonomy_cat_name,street,zip_code,city,county_name,state_abbr",,"NPI","`encounter_dba_code`","Encounter_Location_DBA_Name","sl_code","17/2/2026 14:25:49","5","1","sl_code","E",,"0",
"encounter_diagnosis_code","1","{table}","encounter_diagnosis_code","encounter_diagnosis_code","Encounter Diagnosis Code","Encounter-level diagnosis code associated with the most meaningful diagnosis across all claims for the same encounter.",,"Encounter Clinical","1","0",,"1","0","0","0",,,"000_common.diagnosis","diagnosis_code Diagnosis_Code, diagnosis_name Diagnosis_Name, full_description Full_Description, diagnosis_product_line_name Diagnosis_Product_Line_Name, diagnosis_product_line_sub_name Diagnosis_Product_Line_Sub_Name, diagnosis_type_code Diagnosis_Type_Code","diagnosis_code1,diagnosis_name1,,dx_product_line_name1,dx_product_line_sub_name1","","Diagnosis_Code","`encounter_diagnosis_code`","Diagnosis_Name",,"20/3/2025 10:23:09","9","0","encounter_diagnosis_code","E",,"0",
"encounter_diagnosis_long_code","7","diagnosis2","diagnosis_code","diagnosis_code","Encounter Diagnosis Description","Encounter-level diagnosis long description assciated with the most meaningful diagnosis across all claims for the same encounter",,"Encounter Clinical","0","0",,"0","0","0","0","","diagnosis2.full_description","000_common.diagnosis","Diagnosis_Code, diagnosis_name Diagnosis_Name, full_description Full_Description, diagnosis_product_line_name Diagnosis_Product_Line_Name, diagnosis_product_line_sub_name Diagnosis_Product_Line_Sub_Name, diagnosis_type_code Diagnosis_Type_Code","encounter_diagnosis_long_code,encounter_diagnosis_name,dx_long_description2,dx_product_line_name2,dx_product_line_sub_name2","","Diagnosis_Code","","Diagnosis_Name","","7/5/2026 14:17:41","9","1","encounter_diagnosis_code","E",,"0",
"encounter_diagnosis_name","2","diagnosis2","diagnosis_code","diagnosis_name","Encounter Diagnosis Name","Encounter-level diagnosis name associated with the most meaningful diagnosis across all claims for the same encounter.",,"Encounter Clinical","1","0",,"1","0","0","1",,,"000_common.diagnosis","diagnosis_code Diagnosis_Code, diagnosis_name Diagnosis_Name, full_description Full_Description, diagnosis_product_line_name Diagnosis_Product_Line_Name, diagnosis_product_line_sub_name Diagnosis_Product_Line_Sub_Name, diagnosis_type_code Diagnosis_Type_Code","diagnosis_code1,diagnosis_name1,,dx_product_line_name1,dx_product_line_sub_name1","","Diagnosis_Code","`encounter_diagnosis_code`","Diagnosis_Name",,"20/3/2025 10:23:09","9","0","encounter_diagnosis_code","E",,"0",
"encounter_im_specialty_rollup","9","encounter","im_specialty_rollup","im_specialty_rollup","Encounter Location IM Specialty Rollup","Encounter-level specialty/taxonomy associated with the most meaningful location for where the service was performed across all claims from all physicians on the encounter for a patient. This is a proprietary roll up of the taxonomy types.",,"Encounter Location","1","0",,"1","0","0","1",,"encounter_im_specialty_rollup","{statedb}.provider_facility_npi","distinct im_specialty_rollup IM_Specialty_Rollup","im_specialty_rollup",,"IM_Specialty_Rollup",,,,"14/4/2025 11:02:28","5","0","sl_code","E",,"0",
"encounter_implied_affiliation_dba_code",,"encounter_implied_referring_physician","affiliation_code","affiliation_code","Explicit+Implicit Encounter Referring Physician IM Group Practice","Encounter-level group practice name associated with the physician’s most recent group practice affiliation, based on a proprietary methodology for group practice affiliation of the physician that was explicitly listed on the claim as the referring physician.",,"Encounter Referring Physician - Explicit+Implicit","0","0",,"0","0","0","0","",,"","","","","","","","","27/8/2025 14:48:28","13","1","encounter_implied_referring_physician_code","E",,"0",
"encounter_implied_affiliation_dba_name",,"encounter_implied_referring_physician","affiliation_code","affiliation_dba_name","Explicit+Implicit Encounter Referring Physician IM Group Practice","Encounter-level group practice name associated with the physician’s most recent group practice affiliation, based on a proprietary methodology for group practice affiliation of the physician that was explicitly listed on the claim as the referring physician.",,"Encounter Referring Physician - Explicit+Implicit","1","0",,"1","0","0","1","","`encounter_implied_referring_physician`.`affiliation_dba_name`","`{statedb}`.affiliation","affiliation_dba_name IM_Group_Practice, affiliation_code","affiliation_dba_name, ","","affiliation_code","`encounter_implied_affiliation_dba_code`","IM_Group_Practice","affiliation_code","1/12/2025 15:08:18","13","1","encounter_implied_referring_physician_code","E",,"0",
"encounter_implied_only_shared_pat","4","{table}","encounter_implied_referring_physician_code","count(distinct case when referring_physician_code <=4 and encounter_implied_referring_physician_code > 4 then pat_id else null end)","Implied Encounter Referral Only Shared Patients","Count of Patients with Only Implied Encounter Referrals","n0","Encounter Referrals","0","0",,"0","1","0","0","",,"","","","","","","","","27/8/2025 14:48:41","7","0","encounter_implied_referring_physician_code","B",,"0",
"encounter_implied_referral_count",,"{table}","encounter_implied_referring_physician_code","count(distinct case when {table}.encounter_implied_referring_physician_code <=4 then null else {table}.case_id end)","Explicit+Implicit Encounter Referral Claim Count","Count of Claims with Encounter referring physicians","n0","Encounter Referrals","0","1",,"0","0","0","0","",,"","","","","","","","","28/8/2025 10:19:06","7","0","encounter_implied_referring_physician_code","B",,"0",
"encounter_implied_referral_time",,"{table}","encounter_implied_referring_days","cast(avg(1.0 * {table}.encounter_implied_referring_days) as decimal(4,1))","Average Implied Encounter Referral Days","Average Time Between Encounters in Days","n2","Encounter Referrals","0","1",,"0","1","0","0","",,"","","","","","","","","28/8/2025 10:18:56","7","0","encounter_implied_referring_physician_code","B",,"0",
"encounter_implied_referring_address",,"encounter_implied_referring_physician","street","street","Explicit+Implicit Encounter Referring Physician Address"," NPI Registry reference; Usage: for selecting claims based on the street address associated with the implied referring physician's NPI registry information",,"Encounter Referring Physician - Explicit+Implicit","1","0",,"0","0","0","1","encounter_implied_referring_physician_code","encounter_implied_referring_address","","","","","street","","","","20/3/2025 10:29:50","13","0","encounter_implied_referring_physician_code","E",,"0",
"encounter_implied_referring_affiliation_dba_code",,"encounter_implied_referring_physician","affiliation_dba_code","affiliation_dba_code","Explicit+Implicit Encounter Referring Affiliation DBA ","",,"Encounter Referring Physician - Explicit+Implicit","0","0",,"0","0","0","0","",,"","","","","","","","","27/8/2025 14:48:28","13","1","encounter_implied_referring_physician_code","E",,"0",
"encounter_implied_referring_affiliation_dba_name",,"encounter_implied_referring_physician","affiliation_dba_name","affiliation_dba_name","Explicit+Implicit Encounter Referring IM Group Practice"," NPI Registry reference; Usage: for selecting claims based on the specialty/taxonomy associated with the rendering physician's NPI registry information",,"Encounter Referring Physician - Explicit+Implicit","0","0",,"0","0","0","0","encounter_implied_referring_physician_code","`encounter_implied_referring_physician`.`affiliation_dba_name`","`{statedb}`.affiliation","affiliation_dba_name IM_Group_Practice, affiliation_code","affiliation_dba_name, ","","affiliation_code","`encounter_implied_referring_affiliation_dba_code`","IM_Group_Practice","affiliation_code","20/3/2025 10:29:50","13","1","encounter_implied_referring_physician_code","E",,"0",
"encounter_implied_referring_city",,"encounter_implied_referring_physician","city","city","Explicit+Implicit Encounter Referring Physician City State"," NPI Registry reference; Usage: for selecting claims based on the city and state associated with the implied referring physician's NPI registry information",,"Encounter Referring Physician - Explicit+Implicit","1","0",,"1","0","0","1","encounter_implied_referring_physician_code",,"{statedb}.zip","distinct City, State","city,state_abbr","physician","City",,,,"20/3/2025 10:29:50","13","0","encounter_implied_referring_physician_code","E",,"0",
"encounter_implied_referring_count",,"{table}","encounter_implied_referring_physician_code","count(distinct case when {table}.encounter_implied_referring_physician_code <=4 then null else {table}.encounter_implied_referring_physician_code end)","Explicit+Implicit Encounter Referral Physician Count","Count of unique Encounter referring physicians","n0","Encounter Referrals","0","1",,"0","0","0","0","",,"","","","","","","","","28/8/2025 10:19:14","7","0","encounter_implied_referring_physician_code","B",,"0",
"encounter_implied_referring_county",,"encounter_implied_referring_physician","county_code","county_name","Explicit+Implicit Encounter Referring Physician County"," NPI Registry reference; Usage: for selecting claims based on the county associated with the implied referring physician's NPI registry information",,"Encounter Referring Physician - Explicit+Implicit","1","0",,"1","0","0","1","encounter_implied_referring_physician_code","`encounter_implied_referring_physician`.`county_name`","000_common.county","County_Name, State_Code, County_Code","encounter_implied_referring_county","","County_Code","`encounter_implied_referring_county_code`","County_Name","County_Code","1/12/2025 15:12:22","13","1","encounter_implied_referring_physician_code","E",,"0",
"encounter_implied_referring_county_code",,"encounter_implied_referring_physician","county_code","county_code","Explicit+Implicit Encounter Referring Physician County",,,"Encounter Referring Physician - Explicit+Implicit","0","0",,"0","0","0","0",,,,,,,,"`encounter_implied_referring_county_code`","County_Name","County_Name","1/12/2025 15:12:53","13","0","encounter_implied_referring_physician_code","E",,"0",
"encounter_implied_referring_days",,"{table}","encounter_implied_referring_days","encounter_implied_referring_days","Encounter Referrals - Explicit+Implicit Days","","n0","Encounter Referrals","0","0",,"1","0","0","0","",,"seq_0_to_90","seq Days","encounter_referral_time","","Days","","","","27/8/2025 14:48:42","7","0","encounter_implied_referring_physician_code","B",,"0",
"encounter_implied_referring_degree",,"encounter_implied_referring_physician","degree_abbr","degree_name","Explicit+Implicit Encounter Referring Physician Degree"," NPI Registry reference; Usage: for selecting claims based on the degree associated with the implied referring physician's NPI registry information",,"Encounter Referring Physician - Explicit+Implicit","1","0",,"1","0","0","1","encounter_implied_referring_physician_code","`encounter_implied_referring_physician`.`degree_name`","000_common.physician_degree","Degree_Abbr, Degree_Name, degree_code","encounter_implied_referring_degree",,"Degree_Abbr","`encounter_implied_referring_degree_code`",,"degree_code","1/12/2025 15:11:06","13","0","encounter_implied_referring_physician_code","E",,"0",
"encounter_implied_referring_degree_code",,"encounter_implied_referring_physician","degree_abbr","degree_abbr","Explicit+Implicit Encounter Referring Physician Degree"," NPI Registry reference; Usage: for selecting claims based on the degree associated with the rendering physician's NPI registry information",,"Encounter Referring Physician - Explicit+Implicit","0","0",,"0","0","0","0",,"encounter_implied_referring_degree_code","000_common.physician_degree","Degree_Abbr, Degree_Name, degree_code","encounter_implied_referring_degree",,"Degree_Abbr","`encounter_implied_referring_degree_code`","Degree_Name","degree_code","20/3/2025 10:29:50","13","0","encounter_implied_referring_physician_code","E",,"0",
"encounter_implied_referring_group_name",,"encounter_implied_referring_physician","group_prac_name","group_prac_name","Explicit+Implicit Encounter Referring Physician CMS Group Practice"," NPI group practice feed; Usage: for selecting claims based on the name associated with the implied referring physician's most recent group practice affiliation (not all claims have a implied referring physician indicated or inferred)",,"Encounter Referring Physician - Explicit+Implicit","1","0",,"1","0","0","1","","encounter_implied_referring_group_name","{statedb}.group_prac","group_prac_name CMS_Group_Practice, State, group_prac_code","encounter_implied_referring_group_name,,","","group_prac_code","`encounter_implied_referring_group_prac_code`","CMS_Group_Practice","group_prac_code","20/3/2025 10:29:50","13","1","encounter_implied_referring_physician_code","E",,"0",
"encounter_implied_referring_group_prac_code",,"encounter_implied_referring_physician","group_prac_code","group_prac_code","Explicit+Implicit Encounter Referring Physician CMS Group Practice",,,"Encounter Referring Physician - Explicit+Implicit","0","0",,"0","0","0","0",,,,,,,,,,,"19/3/2025 10:33:39","13","0","encounter_implied_referring_physician_code","E",,"0",
"encounter_implied_referring_lat",,"encounter_implied_referring_physician","latitude","latitude","Explicit+Implicit Encounter Referring Physician Latitude"," NPI Registry reference; Usage: for selecting claims based on the geocoded latitude associated with the implied referring physician's NPI registry information",,"Encounter Referring Physician - Explicit+Implicit","1","0",,"0","0","0","0","encounter_implied_referring_physician_code","encounter_implied_referring_lat","","","","","","","","","20/3/2025 10:29:50","13","0","encounter_implied_referring_physician_code","E",,"0",
"encounter_implied_referring_long",,"encounter_implied_referring_physician","longitude","longitude","Explicit+Implicit Encounter Referring Physician Longitude"," NPI Registry reference; Usage: for selecting claims based on the geocoded longitude associated with the implied referring physician's NPI registry information",,"Encounter Referring Physician - Explicit+Implicit","1","0",,"0","0","0","0","encounter_implied_referring_physician_code","encounter_implied_referring_long","","","","","","","","","20/3/2025 10:29:50","13","0","encounter_implied_referring_physician_code","E",,"0",
"encounter_implied_referring_npi_spec_grp_code",,"encounter_implied_referring_physician","npi_spec_grp_code","npi_spec_grp_code","Explicit+Implicit Encounter Referring Physician NPI Specialty",,,"Encounter Referring Physician - Explicit+Implicit","0","0",,"0","0","0","0",,,,,,,,,,,"19/3/2025 10:33:39","13","0","encounter_implied_referring_physician_code","E",,"0",
"encounter_implied_referring_npi_spec_grp_name",,"encounter_implied_referring_physician","npi_spec_grp_name","npi_spec_grp_name","Explicit+Implicit Encounter Referring Physician NPI Specialty"," NPI Registry reference; Usage: for selecting claims based on the specialty/taxonomy associated with the implied referring physician's NPI registry information",,"Encounter Referring Physician - Explicit+Implicit","1","0",,"1","0","0","1","encounter_implied_referring_physician_code","encounter_implied_referring_npi_spec_grp_name","`000_common`.npi_spec_grp","npi_spec_grp_name NPI_Specialty_Group_Name, taxonomy_cat_name Taxonomy_Cat_Name, npi_spec_grp_code","encounter_implied_referring_npi_spec_grp_name,,","","npi_spec_grp_code","`encounter_implied_referring_npi_spec_grp_code`","NPI_Specialty_Group_Name","npi_spec_grp_code","20/3/2025 10:29:50","13","1","encounter_implied_referring_physician_code","E",,"0",
"encounter_implied_referring_npi_type",,"encounter_implied_referring_physician","npi_type_name","npi_type_name","Explicit+Implicit Encounter Referring Physician Entity Type"," NPI Registry reference; Usage: for selecting claims based on the entity type associated with the implied referring physician's NPI registry information (1 = physicians, 2 = organizations)",,"Encounter Referring Physician - Explicit+Implicit","1","0",,"1","0","0","1","","encounter_implied_referring_npi_type","`000_common`.npi_type","npi_type NPI_Type, npi_type_name NPI_Type_Name","encounter_implied_referring_npi_type","","NPI_Type","`encounter_implied_referring_npi_type_code`","NPI_Type_Name","","14/4/2025 08:30:26","13","1","encounter_implied_referring_physician_code","E",,"0",
"encounter_implied_referring_npi_type_code",,"encounter_implied_referring_physician","npi_type","npi_type","Explicit+Implicit Encounter Referring Physician Entity Type","",,"Encounter Referring Physician - Explicit+Implicit","0","0",,"0","0","0","0","",,"`000_common`.npi_type","npi_type NPI_Type, npi_type_name NPI_Type_Name","implied_referring_npi_type","","NPI_Type","`encounter_implied_referring_npi_type`","","","27/8/2025 14:48:28","13","0","encounter_implied_referring_physician_code","E",,"0",
"encounter_implied_referring_phone",,"encounter_implied_referring_physician","phone_number","phone_number","Explicit+Implicit Encounter Referring Physician Phone"," NPI Registry reference; Usage: for selecting claims based on the phone associated with the implied referring physician's NPI registry information",,"Encounter Referring Physician - Explicit+Implicit","1","0",,"0","0","0","1","encounter_implied_referring_physician_code","encounter_implied_referring_phone","","","","","","","","","20/3/2025 10:29:50","13","0","encounter_implied_referring_physician_code","E",,"0",
"encounter_implied_referring_physician_code","3","{table}","encounter_implied_referring_physician_code","encounter_implied_referring_physician_code","Explicit+Implicit Encounter Referring Physician NPI"," Encounter-level NPI number for the implied referring physician associated with the encounter.",,"Encounter Referring Physician - Explicit+Implicit","1","0",,"1","0","0","0",,,"{statedb}.physician","physician_code Physician_Code, physician_name Physician_Name, Last_Name, First_Name, specialty_grp_name Intellimed_Specialty, npi_spec_grp_name NPI_Specialty, degree_abbr Degree, group_prac_name Group_Practice, street Address, zip_code Zip, city City, county_name County, state_abbr State","encounter_implied_referring_physician_code,encounter_implied_referring_name,,,,encounter_implied_referring_npi_spec_grp_name,encounter_implied_referring_degree,encounter_implied_referring_group_name,encounter_implied_referring_zip_code,encounter_implied_referring_city,encounter_implied_referring_county,",,"Physician_Code","`encounter_implied_referring_physician_code`","Physician_Code",,"20/3/2025 10:29:50","13","0","encounter_implied_referring_physician_code","E",,"0",
"encounter_implied_referring_physician_name",,"encounter_implied_referring_physician","physician_name","physician_name","Explicit+Implicit Encounter Referring Physician"," Claim-level name of the implied physician who had a claim for a unique patient prior to the patient's visit with the rendering physician, implied referring physician specialty is limited to a select set of specialties.",,"Encounter Referring Physician - Explicit+Implicit","1","0",,"1","0","0","1","","encounter_implied_referring_physician_name","{statedb}.physician","physician_code NPI, physician_name Physician_Name, Last_Name, First_Name, specialty_grp_name Intellimed_Specialty, npi_spec_grp_name NPI_Specialty, degree_abbr Degree, group_prac_name Group_Practice, Affiliation_DBA_Name, street Address, zip_code Zip, city City, county_name County, state_abbr State","encounter_implied_referring_physician_code,encounter_implied_referring_name,,,,encounter_implied_referring_npi_spec_grp_name,encounter_implied_referring_degree,encounter_implied_referring_group_name,encounter_implied_referring_zip_code,encounter_implied_referring_city,encounter_implied_referring_county,","claim=1","NPI","`encounter_implied_referring_physician_code`","Physician_Name","physician_code","11/2/2026 15:44:43","13","1","encounter_implied_referring_physician_code","E","physician_code","0",
"encounter_implied_referring_physician_namex",,"encounter_implied_referring_physician","physician_name","physician_name","Encounter Implied Referring Physician"," Encounter-level name of the implied referring physician associated with the encounter.",,"Encounter Referring Physician - Explicit+Implicit","0","0",,"0","0","0","0",,,"{statedb}.physician","physician_code Physician_Code, physician_name Physician_Name, Last_Name, First_Name, specialty_grp_name Intellimed_Specialty, npi_spec_grp_name NPI_Specialty, degree_abbr Degree, group_prac_name CMS_Group_Practice, Affiliation_DBA_Name, street Address, zip_code Zip, city City, county_name County, state_abbr State","encounter_implied_referring_physician_code,encounter_implied_referring_name,,,,encounter_implied_referring_npi_spec_grp_name,encounter_implied_referring_degree,encounter_implied_referring_group_name,encounter_implied_referring_zip_code,encounter_implied_referring_city,encounter_implied_referring_county,",,"Physician_Code","`encounter_implied_referring_physician_code`","Physician_Code",,"20/3/2025 10:29:50","13","0","encounter_implied_referring_physician_code","E",,"0",
"encounter_implied_referring_zip_code",,"encounter_implied_referring_physician","zip_code","zip_code","Explicit+Implicit Encounter Referring Physician Zip"," NPI Registry reference; Usage: for selecting claims based on the address associated with the implied referring physician's NPI registry information",,"Encounter Referring Physician - Explicit+Implicit","1","0",,"1","0","0","1","encounter_implied_referring_physician_code","encounter_implied_referring_zip_code","(SELECT zip_code , zip_name , City , county_name , State, cbsa_name , zip_class , zip_demo_base_name  FROM {statedb}.zip WHERE zip_code_flag = 'Y' )z","zip_code Zip_Code, zip_name Zip_Name, City, county_name County_Name, State, cbsa_name CBSA, zip_class Zip_Class, zip_demo_base_name Zip_Demo_Base_Name","encounter_implied_referring_zip_code,,encounter_implied_referring_city,encounter_implied_referring_county,,,","","Zip_Code","`encounter_implied_referring_zip_code`","Zip_Code","","22/1/2026 11:52:09","13","0","encounter_implied_referring_physician_code","E",,"0",
"encounter_implied_shared_pat",,"{table}","encounter_implied_referring_physician_code","count(distinct case when {table}.encounter_implied_referring_physician_code <=4 then null else {table}.pat_id end)","Explicit+Implicit Encounter Referral Shared Patients","Count of Patients with Implied Encounter Referrals","n0","Encounter Referrals","0","1",,"0","0","0","0","",,"","","","","","","","","28/8/2025 10:19:22","7","0","encounter_implied_referring_physician_code","B",,"0",
"encounter_implied_taxonomy_cat",,"encounter_implied_referring_physician","taxonomy_cat","taxonomy_cat_name","Explicit+Implicit Encounter Referring Physician Taxonomy","Encounter-level taxonomy from the NPI registry of the implied physician who had a claim for a unique patient prior to the patient's visit with the rendering physician, implied referring physician specialty is limited to a select set of specialties.",,"Encounter Referring Physician - Explicit+Implicit","1","0",,"1","0","0","1",,"`encounter_implied_referring_physician`.`taxonomy_cat_name`","`000_common`.npi_spec_grp","distinct taxonomy_cat_name Taxonomy_Cat_Name, taxonomy_cat Taxonomy_Cat","taxonomy_cat_name",,"Taxonomy_Cat","`encounter_implied_taxonomy_cat_code`","Taxonomy_Cat_Name","Taxonomy_Cat","23/4/2025 11:58:29","13","1","encounter_implied_referring_physician_code","E",,"0",
"encounter_implied_taxonomy_cat_code",,"encounter_implied_referring_physician","taxonomy_cat","taxonomy_cat","Explicit+Implicit Encounter Referring Physician Taxonomy","Encounter-level taxonomy from the NPI registry of the implied physician who had a claim for a unique patient prior to the patient's visit with the rendering physician, implied referring physician specialty is limited to a select set of specialties.",,"Encounter Referring Physician - Explicit+Implicit","0","0",,"0","0","0","0",,,,,,,,,,,"23/4/2025 11:58:29","13","0","encounter_implied_referring_physician_code","E",,"0",
"encounter_ip_op_flag_code","2","encounter_ip_op_flag","ip_op_flag","ip_op_flag","Encounter Inpatient Outpatient Flag","Encounter-level flag delineating inpatient encounters versus outpatient encounters",,"Encounter Location","1","0",,"1","0","0","1",,,"{statedb}.ip_op_flag","ip_op_flag IP_OP_Flag,ip_op_flag_name IP_OP_Name","ip_op_flag,ip_op_flag_name",,"IP_OP_Flag","`encounter_ip_op_flag_code`","IP_OP_Flag",,"16/6/2025 08:37:55","5","0","ip_op_flag","E",,"0",
"encounter_lat","12","encounter","latitude","latitude","Encounter Location Latitude","Encounter-level latitude of the NPI address associated with the most meaningful location for where the service was performed across all claims from all physicians on the encounter for a patient.",,"Encounter Location","1","0",,"1","0","0","0","encounter_sl_code","encounter_lat","{statedb}.sl","distinct latitude Latitude","latitude","","Latitude","`encounter_lat`","Latitude",,"14/4/2025 11:02:32","5","0","sl_code","E",,"0",
"encounter_long","13","encounter","longitude","longitude","Encounter Location Longitude","Encounter-level longitude of the NPI address associated with the most meaningful location for where the service was performed across all claims from all physicians on the encounter for a patient.",,"Encounter Location","1","0",,"1","0","0","0","encounter_sl_code","encounter_long","{statedb}.sl","distinct longitude Longitude","longitude","","Longitude","`encounter_long`","Longitude",,"14/4/2025 11:02:32","5","0","sl_code","E",,"0",
"encounter_name","1","encounter","sl_code","sl_name","Encounter Location","Encounter-level name associated with the most meaningful location for where the service was performed across all claims from all physicians on the encounter for a patient.",,"Encounter Location","1","0",,"1","0","0","1","encounter_code","`encounter`.`sl_name`","{statedb}.sl","sl_code NPI, sl_name Encounter_Location_Name, sl_dba_name Encounter_Location_DBA_Name, taxonomy_cat_name Taxonomy_Cat_Name, street Address, zip_code Zip_Code, city City, county_name County_Name, state_abbr State","sl_code,sl_name,sl_dba_name,taxonomy_cat_name,street,zip_code,city,county_name,state_abbr",,"NPI","`encounter_code`","Encounter_Location_Name","sl_code","11/2/2026 15:29:38","5","1","sl_code","E",,"0",
"encounter_npi_spec_grp_code",,"encounter","npi_spec_grp_code","npi_spec_grp_code","Encounter Location NPI Specialty Group Code",,,"Encounter Location","0","0",,"0","0","0","0",,,"{statedb}.sl","distinct npi_spec_grp_name NPI_Specialty_Group_Name, npi_spec_grp_code NPI_Specialty_Group_Code","npi_spec_grp_name,npi_spec_grp_code",,"NPI_Specialty_Group_Code","encounter_npi_spec_grp_code","NPI_Specialty_Group_Name","NPI_Specialty_Group_Code","19/3/2025 10:32:00","5","0","sl_code","E",,"0",
"encounter_npi_spec_grp_name","14","encounter","npi_spec_grp_name","npi_spec_grp_name","Encounter Location NPI Specialty Group","Encounter-level NPI specialty group associated with the most meaningful location for where the service was performed across all claims from all physicians on the encounter for a patient.",,"Encounter Location","1","0",,"1","0","0","1","sl_code","`encounter`.`npi_spec_grp_name`","{statedb}.sl","distinct npi_spec_grp_name NPI_Specialty_Group_Name, npi_spec_grp_code NPI_Specialty_Group_Code","npi_spec_grp_name,npi_spec_grp_code",,"NPI_Specialty_Group_Code","`encounter_npi_spec_grp_code`","NPI_Specialty_Group_Name","NPI_Specialty_Group_Code","23/4/2025 12:04:06","5","1","sl_code","E",,"0",
"encounter_npi_type","11","encounter","npi_type","npi_type_name","Encounter Location Entity Type","Encounter-level entity type associated with the most meaningful location for where the service was performed across all claims from all physicians on the encounter for a patient. Entity Type (Type 1= Individual; Type 2= Organization).",,"Encounter Location","1","0",,"1","0","0","1",,,"`000_common`.npi_type","npi_type_name NPI_Type_Name, npi_type NPI_Type","npi_type_name,npi_type",,"NPI_Type","`encounter_npi_type_code`","NPI_Type_Name","NPI_Type","26/6/2026 19:52:26","5","1","sl_code","E",,"0",
"encounter_npi_type_code","9","encounter","npi_type","npi_type","Encounter Location Entity Type Code",,,"Encounter Location","0","0",,"0","0","0","0",,,"`000_common`.npi_type","npi_type_name NPI_Type_Name, npi_type NPI_Type","npi_type_name,npi_type",,"NPI_Type","`encounter_npi_type`","NPI_Type_Name","NPI_Type","19/3/2025 10:32:00","5","0","sl_code","E",,"0",
"encounter_pcp_referring_address",,"encounter_pcp_referring_physician","street","street","Encounter PCP Referring Physician Address"," NPI Registry reference; Usage: for selecting claims based on the street address associated with the pcp referring physician's NPI registry information",,"Encounter PCP Referring Physician","0","0",,"0","0","0","1","encounter_pcp_referring_physician_code","encounter_pcp_referring_address","","","","","street","","","","20/3/2025 10:29:50","26","0","encounter_pcp_referring_physician_code","E",,"0",
"encounter_pcp_referring_affiliation_code",,"encounter_pcp_referring_physician","affiliation_code","affiliation_code","Encounter PCP Referring Physician IM Group Practice","",,"Encounter PCP Referring Physician","0","0",,"0","0","0","0","",,"","","","","","","","","27/8/2025 14:48:35","26","1","encounter_pcp_referring_physician_code","E",,"0",
"encounter_pcp_referring_affiliation_dba_code",,"encounter_pcp_referring_physician","affiliation_dba_code","affiliation_dba_code","Encounter PCP Referring Affiliation DBA ","",,"Encounter PCP Referring Physician","0","0",,"0","0","0","0","",,"","","","","","","","","27/8/2025 14:48:35","26","1","encounter_pcp_referring_physician_code","E",,"0",
"encounter_pcp_referring_affiliation_dba_name",,"encounter_pcp_referring_physician","affiliation_dba_name","affiliation_dba_name","Encounter PCP Referring IM Group Practice"," NPI Registry reference; Usage: for selecting claims based on the specialty/taxonomy associated with the rendering physician's NPI registry information",,"Encounter PCP Referring Physician","0","0",,"0","0","0","0","encounter_pcp_referring_physician_code","`encounter_pcp_referring_physician`.`affiliation_dba_name`","`{statedb}`.affiliation","affiliation_dba_name IM_Group_Practice, affiliation_code","affiliation_dba_name, ","","affiliation_code","`encounter_pcp_referring_affiliation_dba_code`","IM_Group_Practice","affiliation_code","20/3/2025 10:29:50","26","1","encounter_pcp_referring_physician_code","E",,"0",
"encounter_pcp_referring_affiliation_name",,"encounter_pcp_referring_physician","affiliation_code","affiliation_dba_name","Encounter PCP Referring Physician IM Group Practice","",,"Encounter PCP Referring Physician","0","0",,"0","0","0","1","","`encounter_pcp_referring_physician`.`affiliation_dba_name`","`{statedb}`.affiliation","affiliation_dba_name IM_Group_Practice, affiliation_code","affiliation_dba_name, ","","affiliation_code","`encounter_pcp_referring_affiliation_code`","IM_Group_Practice","affiliation_code","18/2/2026 12:25:00","26","1","encounter_pcp_referring_physician_code","E",,"0",
"encounter_pcp_referring_city",,"encounter_pcp_referring_physician","city","city","Encounter PCP Referring Physician City State"," NPI Registry reference; Usage: for selecting claims based on the city and state associated with the pcp referring physician's NPI registry information",,"Encounter PCP Referring Physician","0","0",,"0","0","0","1","encounter_pcp_referring_physician_code",,"{statedb}.zip","distinct City, State","city,state_abbr","physician","City","","","","27/8/2025 14:48:34","26","0","encounter_pcp_referring_physician_code","E",,"0",
"encounter_pcp_referring_county",,"encounter_pcp_referring_physician","county_code","county_code","Encounter PCP Referring Physician County"," NPI Registry reference; Usage: for selecting claims based on the county associated with the pcp referring physician's NPI registry information",,"Encounter PCP Referring Physician","0","0",,"0","0","0","1","encounter_pcp_referring_physician_code","`encounter_pcp_referring_physician`.`county_name`","000_common.county","County_Name, State_Code, County_Code","encounter_pcp_referring_county","","County_Code","`encounter_pcp_referring_county`","County_Name","County_Code","28/10/2025 15:54:06","26","1","encounter_pcp_referring_physician_code","E",,"0",
"encounter_pcp_referring_county_code",,"encounter_pcp_referring_physician","county_code","county_code","Encounter PCP Referring Physician County","",,"Encounter PCP Referring Physician","0","0",,"0","0","0","0","",,"","","","","","encounter_rendering_county_code","County_Name","County_Name","27/8/2025 14:48:34","26","0","encounter_pcp_referring_physician_code","E",,"0",
"encounter_pcp_referring_degree",,"encounter_pcp_referring_physician","degree_abbr","degree_abbr","Encounter PCP Referring Physician Degree"," NPI Registry reference; Usage: for selecting claims based on the degree associated with the pcp referring physician's NPI registry information",,"Encounter PCP Referring Physician","0","0",,"0","0","0","0","encounter_pcp_referring_physician_code","`encounter_pcp_referring_physician`.`degree_name`","000_common.physician_degree","Degree_Abbr, Degree_Name, degree_code","encounter_pcp_referring_degree","","Degree_Abbr","`encounter_pcp_referring_degree_code`","","degree_code","20/3/2025 10:29:50","26","0","encounter_pcp_referring_physician_code","E",,"0",
"encounter_pcp_referring_degree_code",,"encounter_pcp_referring_physician","degree_abbr","degree_abbr","Encounter PCP Referring Physician Degree"," NPI Registry reference; Usage: for selecting claims based on the degree associated with the rendering physician's NPI registry information",,"Encounter PCP Referring Physician","0","0",,"0","0","0","0","","encounter_pcp_referring_degree_code","000_common.physician_degree","Degree_Abbr, Degree_Name, degree_code","encounter_pcp_referring_degree","","Degree_Abbr","`encounter_pcp_referring_degree_code`","Degree_Name","degree_code","20/3/2025 10:29:50","26","0","encounter_pcp_referring_physician_code","E",,"0",
"encounter_pcp_referring_group_name",,"encounter_pcp_referring_physician","group_prac_name","group_prac_name","Encounter PCP Referring Physician CMS Group Practice"," NPI group practice feed; Usage: for selecting claims based on the name associated with the pcp referring physician's most recent group practice affiliation (not all claims have a pcp referring physician indicated or inferred)",,"Encounter PCP Referring Physician","0","0",,"0","0","0","1","","encounter_pcp_referring_group_name","{statedb}.group_prac","group_prac_name CMS_Group_Practice, State, group_prac_code","encounter_pcp_referring_group_name,,","","group_prac_code","`encounter_pcp_referring_group_prac_code`","CMS_Group_Practice","group_prac_code","20/3/2025 10:29:50","26","1","encounter_pcp_referring_physician_code","E",,"0",
"encounter_pcp_referring_group_prac_code",,"encounter_pcp_referring_physician","group_prac_code","group_prac_code","Encounter PCP Referring Physician CMS Group Practice","",,"Encounter PCP Referring Physician","0","0",,"0","0","0","0","",,"","","","","","","","","27/8/2025 14:48:34","26","0","encounter_pcp_referring_physician_code","E",,"0",
"encounter_pcp_referring_lat",,"encounter_pcp_referring_physician","latitude","latitude","Encounter PCP Referring Physician Latitude"," NPI Registry reference; Usage: for selecting claims based on the geocoded latitude associated with the pcp referring physician's NPI registry information",,"Encounter PCP Referring Physician","0","0",,"0","0","0","0","encounter_pcp_referring_physician_code","encounter_pcp_referring_lat","","","","","","","","","20/3/2025 10:29:50","26","0","encounter_pcp_referring_physician_code","E",,"0",
"encounter_pcp_referring_long",,"encounter_pcp_referring_physician","longitude","longitude","Encounter PCP Referring Physician Longitude"," NPI Registry reference; Usage: for selecting claims based on the geocoded longitude associated with the pcp referring physician's NPI registry information",,"Encounter PCP Referring Physician","0","0",,"0","0","0","0","encounter_pcp_referring_physician_code","encounter_pcp_referring_long","","","","","","","","","20/3/2025 10:29:50","26","0","encounter_pcp_referring_physician_code","E",,"0",
"encounter_pcp_referring_name",,"encounter_pcp_referring_physician","physician_name","physician_name","Encounter PCP Referring Physician"," Claim-level name of the pcp physician who had a claim for a unique patient prior to the patient's visit with the rendering physician, pcp referring physician specialty is limited to a select set of specialties.",,"Encounter PCP Referring Physician","0","0",,"0","0","0","1","","encounter_pcp_referring_name","{statedb}.physician","physician_code NPI, physician_name Physician_Name, Last_Name, First_Name, specialty_grp_name Intellimed_Specialty, npi_spec_grp_name NPI_Specialty, degree_abbr Degree, group_prac_name Group_Practice, Affiliation_DBA_Name, street Address, zip_code Zip, city City, county_name County, state_abbr State","encounter_pcp_referring_physician_code,encounter_pcp_referring_name,,,,encounter_pcp_referring_npi_spec_grp_name,encounter_pcp_referring_degree,encounter_pcp_referring_group_name,encounter_pcp_referring_zip_code,encounter_pcp_referring_city,encounter_pcp_referring_county,","claim=1","NPI","`encounter_pcp_referring_physician_code`","Physician_Name","","20/3/2025 10:29:50","26","1","encounter_pcp_referring_physician_code","E",,"0",
"encounter_pcp_referring_npi_spec_grp_code",,"encounter_pcp_referring_physician","npi_spec_grp_code","npi_spec_grp_code","Encounter PCP Referring Physician NPI Specialty","",,"Encounter PCP Referring Physician","0","0",,"0","0","0","0","",,"","","","","","","","","27/8/2025 14:48:35","26","0","encounter_pcp_referring_physician_code","E",,"0",
"encounter_pcp_referring_npi_spec_grp_name",,"encounter_pcp_referring_physician","npi_spec_grp_name","npi_spec_grp_name","Encounter PCP Referring Physician NPI Specialty"," NPI Registry reference; Usage: for selecting claims based on the specialty/taxonomy associated with the pcp referring physician's NPI registry information",,"Encounter PCP Referring Physician","0","0",,"0","0","0","1","encounter_pcp_referring_physician_code","encounter_pcp_referring_npi_spec_grp_name","`000_common`.npi_spec_grp","npi_spec_grp_name NPI_Specialty_Group_Name, taxonomy_cat_name Taxonomy_Cat_Name, npi_spec_grp_code","encounter_pcp_referring_npi_spec_grp_name,,","","npi_spec_grp_code","`encounter_pcp_referring_npi_spec_grp_code`","NPI_Specialty_Group_Name","npi_spec_grp_code","20/3/2025 10:29:50","26","1","encounter_pcp_referring_physician_code","E",,"0",
"encounter_pcp_referring_npi_type",,"encounter_pcp_referring_physician","npi_type_name","npi_type_name","Encounter PCP Referring Physician Entity Type"," NPI Registry reference; Usage: for selecting claims based on the entity type associated with the pcp referring physician's NPI registry information (1 = physicians, 2 = organizations)",,"Encounter PCP Referring Physician","0","0",,"0","0","0","0","","encounter_pcp_referring_npi_type","`000_common`.npi_type","npi_type NPI_Type, npi_type_name NPI_Type_Name","encounter_pcp_referring_npi_type","","NPI_Type","`encounter_pcp_referring_npi_type_code`","NPI_Type_Name","","20/3/2025 10:29:50","26","1","encounter_pcp_referring_physician_code","E",,"0",
"encounter_pcp_referring_npi_type_code",,"encounter_pcp_referring_physician","npi_type","npi_type","Encounter PCP Referring Physician Entity Type","",,"Encounter PCP Referring Physician","0","0",,"0","0","0","0","",,"`000_common`.npi_type","npi_type NPI_Type, npi_type_name NPI_Type_Name","pcp_referring_npi_type","","NPI_Type","`encounter_pcp_referring_npi_type`","","","27/8/2025 14:48:42","26","0","encounter_pcp_referring_physician_code","E",,"0",
"encounter_pcp_referring_phone",,"encounter_pcp_referring_physician","phone_number","phone_number","Encounter PCP Referring Physician Phone"," NPI Registry reference; Usage: for selecting claims based on the phone associated with the pcp referring physician's NPI registry information",,"Encounter PCP Referring Physician","0","0",,"0","0","0","1","encounter_pcp_referring_physician_code","encounter_pcp_referring_phone","","","","","","","","","20/3/2025 10:29:50","26","0","encounter_pcp_referring_physician_code","E",,"0",
"encounter_pcp_referring_physician_code","7","{table}","encounter_pcp_referring_physician_code","encounter_pcp_referring_physician_code","Encounter PCP Referring Physician NPI"," NPI Registry reference; Usage: for selecting claims based on the address associated with the billing organization NPI registry information",,"Encounter PCP Referring Physician","0","0",,"0","0","0","0",,,"{statedb}.physician","physician_code Physician_Code, physician_name Physician_Name, Last_Name, First_Name, specialty_grp_name Intellimed_Specialty, npi_spec_grp_name NPI_Specialty, degree_abbr Degree, group_prac_name Group_Practice, street Address, zip_code Zip, city City, county_name County, state_abbr State","pcp_referring_physician_code,pcp_referring_name,,,,pcp_referring_npi_spec_grp_name,pcp_referring_degree,pcp_referring_group_name,pcp_referring_zip_code,pcp_referring_city,pcp_referring_county,",,"Physician_Code","`encounter_pcp_referring_physician_code`","Physician_Code",,"20/3/2025 10:29:50","26","0","encounter_pcp_referring_physician_code","E",,"0",
"encounter_pcp_referring_physician_codex",,"{table}","pcp_referring_physician_code","pcp_referring_physician_code","Encounter PCP Referring Physician NPI"," Claims data; Usage: for selecting claims based on the referring NPI number provided on the claim",,"Encounter PCP Referring Physician","0","0",,"0","0","0","0","",,"{statedb}.physician","physician_code NPI, physician_name Physician_Name, Last_Name, First_Name, specialty_grp_name Intellimed_Specialty, npi_spec_grp_name NPI_Specialty, degree_abbr Degree, group_prac_name Group_Practice, street Address, zip_code Zip, city City, county_name County, state_abbr State","pcp_referring_physician_code,pcp_referring_name,,,,pcp_referring_npi_spec_grp_name,pcp_referring_degree,pcp_referring_group_name,pcp_referring_zip_code,pcp_referring_city,pcp_referring_county,","claim=1","NPI","`encounter_pcp_referring_physician_code`","NPI","","27/8/2025 14:48:34","26","0","encounter_pcp_referring_physician_code","E",,"0",
"encounter_pcp_referring_physician_name","8","encounter_pcp_referring_physician","physician_name","physician_name","Encounter PCP Referring Physician"," NPI Registry reference; Usage: for selecting claims based on the address associated with the billing organization NPI registry information",,"Encounter PCP Referring Physician","0","0",,"0","0","0","1",,,"{statedb}.physician","physician_code Physician_Code, physician_name Physician_Name, Last_Name, First_Name, specialty_grp_name Intellimed_Specialty, npi_spec_grp_name NPI_Specialty, degree_abbr Degree, group_prac_name Group_Practice, street Address, zip_code Zip, city City, county_name County, state_abbr State","pcp_referring_physician_code,pcp_referring_name,,,,pcp_referring_npi_spec_grp_name,pcp_referring_degree,pcp_referring_group_name,pcp_referring_zip_code,pcp_referring_city,pcp_referring_county,",,"Physician_Code","`encounter_pcp_referring_physician_code`","Physician_Code",,"20/3/2025 10:29:50","26","0","encounter_pcp_referring_physician_code","E",,"0",
"encounter_pcp_referring_taxonomy_cat",,"encounter_pcp_referring_physician","taxonomy_cat","taxonomy_cat_name","Encounter PCP Referring Physician Taxonomy","",,"Encounter PCP Referring Physician","0","0",,"0","0","0","1","","`encounter_pcp_referring_physician`.`taxonomy_cat_name`","`000_common`.npi_spec_grp","distinct taxonomy_cat_name Taxonomy_Cat_Name, taxonomy_cat Taxonomy_Cat","taxonomy_cat_name","","Taxonomy_Cat","`encounter_pcp_referring_taxonomy_cat_code`","Taxonomy_Cat_Name","Taxonomy_Cat","19/3/2025 10:42:47","26","1","encounter_pcp_referring_physician_code","E",,"0",
"encounter_pcp_referring_taxonomy_cat_code",,"encounter_pcp_referring_physician","taxonomy_cat","taxonomy_cat","Encounter PCP Referring Physician Taxonomy","",,"Encounter PCP Referring Physician","0","0",,"0","0","0","0","",,"","","","","","","","","27/8/2025 14:48:36","26","0","encounter_pcp_referring_physician_code","E",,"0",
"encounter_pcp_referring_zip_code",,"encounter_pcp_referring_physician","zip_code","zip_code","Encounter PCP Referring Physician Zip"," NPI Registry reference; Usage: for selecting claims based on the address associated with the pcp referring physician's NPI registry information",,"Encounter PCP Referring Physician","0","0",,"0","0","0","1","encounter_pcp_referring_physician_code","encounter_pcp_referring_zip_code","(SELECT zip_code , zip_name , City , county_name , State, cbsa_name , zip_class , zip_demo_base_name  FROM {statedb}.zip WHERE zip_code_flag = 'Y' )z","zip_code Zip_Code, zip_name Zip_Name, City, county_name County_Name, State, cbsa_name CBSA, zip_class Zip_Class, zip_demo_base_name Zip_Demo_Base_Name","encounter_pcp_referring_zip_code,,encounter_pcp_referring_city,encounter_pcp_referring_county,,,","","Zip_Code","`encounter_pcp_referring_zip_code`","Zip_Code","","22/1/2026 11:52:09","26","0","encounter_pcp_referring_physician_code","E",,"0",
"encounter_rendering_address",,"encounter_rendering_physician","street","street","Encounter Rendering Physician Address"," NPI Registry reference; Usage: for selecting claims based on the street address associated with the rendering physician's NPI registry information",,"Encounter Rendering Physician","1","0",,"0","0","0","1","encounter_rendering_physician_code","encounter_rendering_address","","","","","street","`encounter_rendering_physician_code`","","","20/3/2025 10:29:50","1","0","encounter_rendering_physician_code","E",,"0",
"encounter_rendering_affiliation_code",,"encounter_rendering_physician_affiliation","affiliation_code","affiliation_code","Encounter_Rendering Physician Affiliation",,,"Encounter Rendering Physician","0","0",,"0","0","0","0",,,,,,,,,,,"18/2/2026 12:44:42","1","0","encounter_rendering_physician_code","E",,"0",
"encounter_rendering_affiliation_dba_name",,"encounter_rendering_physician_affiliation","affiliation_code","affiliation_dba_name","Encounter Rendering Physician IM Group Practice"," The group practice name associated with the physician’s most recent group practice affiliation, based on a proprietary methodology for group practice affiliation.",,"Encounter Rendering Physician","1","0",,"1","0","0","1",,"`encounter_rendering_physician`.`affiliation_code`","`{statedb}`.affiliation","affiliation_dba_name IM_Group_Practice, affiliation_code","affiliation_dba_name, ",,"affiliation_code","`encounter_rendering_affiliation_code`","IM_Group_Practice","affiliation_code","16/3/2026 16:38:44","1","1","encounter_rendering_physician_code","E",,"0",
"encounter_rendering_city",,"encounter_rendering_physician","city","city","Encounter Rendering Physician City State"," NPI Registry reference; Usage: for selecting claims based on the city and state associated with the rendering physician's NPI registry information",,"Encounter Rendering Physician","1","0",,"1","0","0","1","encounter_rendering_physician_code",,"{statedb}.zip","distinct City, State","city,state_abbr","physician","City",,,,"20/3/2025 10:29:50","1","0","encounter_rendering_physician_code","E",,"0",
"encounter_rendering_count",,"{table}","encounter_rendering_physician_code","count(distinct {table}.encounter_rendering_physician_code)","Encounter Rendering Physician Count","Count of unique Encounter rendering physicians","n0","Encounter Rendering Physician","0","1",,"0","0","0","0","encounter_rendering_physician_code",,,,,,,,,,"19/3/2025 10:47:05","5","0","encounter_rendering_physician_code","B",,"0",
"encounter_rendering_county",,"encounter_rendering_physician","county_code","county_name","Encounter Rendering Physician County"," NPI Registry reference; Usage: for selecting claims based on the county associated with the rendering physician's NPI registry information",,"Encounter Rendering Physician","1","0",,"1","0","0","1","encounter_rendering_physician_code","`encounter_rendering_physician`.`county_name`","000_common.county","County_Name, State_Code, County_Code","rendering_county","","County_Code","`encounter_rendering_county_code`","County_Name","County_Code","1/12/2025 14:55:58","1","1","encounter_rendering_physician_code","E",,"0",
"encounter_rendering_county_code",,"encounter_rendering_physician","county_code","county_code","Encounter Rendering Location County Code",,,"Encounter Rendering Physician","0","0",,"0","0","0","0",,,,,,,,"`encounter_rendering_county_code`","County_Name","County_Name","1/12/2025 14:56:05","1","0","encounter_rendering_physician_code","E",,"0",
"encounter_rendering_degree",,"encounter_rendering_physician","degree_abbr","degree_name","Encounter Rendering Physician Degree"," NPI Registry reference; Usage: for selecting claims based on the degree associated with the rendering physician's NPI registry information",,"Encounter Rendering Physician","1","0",,"1","0","0","1","encounter_rendering_physician_code","`encounter_rendering_physician`.`degree_name`","000_common.physician_degree","Degree_Abbr, Degree_Name, degree_code","encounter_rendering_degree",,"Degree_Abbr","`encounter_rendering_degree_code`",,"degree_code","14/4/2025 08:30:12","1","1","encounter_rendering_physician_code","E",,"0",
"encounter_rendering_degree_code",,"encounter_rendering_physician","degree_abbr","degree_abbr","Encounter Rendering Physician Degree"," NPI Registry reference; Usage: for selecting claims based on the degree associated with the rendering physician's NPI registry information",,"Encounter Rendering Physician","0","0",,"0","0","0","0",,"encounter_rendering_degree_code","000_common.physician_degree","Degree_Abbr, Degree_Name, degree_code","encounter_rendering_degree",,"Degree_Abbr","`encounter_rendering_degree_code`","Degree_Name","degree_code","20/3/2025 10:29:50","1","0","encounter_rendering_physician_code","E",,"0",
"encounter_rendering_full_address",,"encounter_rendering_physician","","xrendering_full_address","Encounter Rendering Physician Full Address"," NPI Registry reference; Usage: for selecting claims based on the full address associated with the rendering physician's NPI registry information",,"Encounter Rendering Physician","1","0",,"0","0","0","1","encounter_rendering_physician_code","encounter_rendering_full_address","","","","","","","","","20/3/2025 10:29:50","1","0","encounter_rendering_physician_code","E",,"0",
"encounter_rendering_group_name",,"encounter_rendering_physician","group_prac_name","group_prac_name","Encounter Rendering Physician CMS Group Practice"," The group practice name associated with the physician’s most recent group practice affiliation, based on the CMS group practice feed.",,"Encounter Rendering Physician","1","0",,"1","0","0","1","","encounter_rendering_group_name","{statedb}.group_prac","group_prac_name CMS_Group_Practice, State, group_prac_code","encounter_rendering_group_name,,","","group_prac_code","`encounter_rendering_group_prac_code`","CMS_Group_Practice","group_prac_code","20/3/2025 10:29:50","1","1","encounter_rendering_physician_code","E",,"0",
"encounter_rendering_group_prac_code",,"encounter_rendering_physician","group_prac_code","group_prac_code","Encounter Rendering Physician Group Practice",,,"Encounter Rendering Physician","0","0",,"0","0","0","0",,,,,,,,,,,"17/3/2025 11:27:06","1","0","encounter_rendering_physician_code","E",,"0",
"encounter_rendering_hospital",,"encounter_rendering_physician","primary_hospital_name","primary_hospital_name","Encounter Rendering Physician Hospital"," Discharge data; Usage: for grouping and selecting claims based on the hospital where the majority of cases are performed using physician-identified discharge volumes, for rendering physicians",,"Encounter Rendering Physician","1","0",,"1","1","0","1","","encounter_rendering_hospital","hospital","","","","hospital_name","","","","20/3/2025 10:29:50","1","0","encounter_rendering_physician_code","E",,"0",
"encounter_rendering_lat",,"encounter_rendering_physician","latitude","latitude","Encounter Rendering Physician Latitude"," NPI Registry reference; Usage: for selecting claims based on the geocoded latitude associated with the rendering physician's NPI registry information",,"Encounter Rendering Physician","1","0",,"0","0","0","0","encounter_rendering_physician_code","encounter_rendering_lat","","","","","","","","","20/3/2025 10:29:50","1","0","encounter_rendering_physician_code","E",,"0",
"encounter_rendering_long",,"encounter_rendering_physician","longitude","longitude","Encounter Rendering Physician Longitude"," NPI Registry reference; Usage: for selecting claims based on the geocoded longitude associated with the rendering physician's NPI registry information",,"Encounter Rendering Physician","1","0",,"0","0","0","0","encounter_rendering_physician_code","encounter_rendering_long","","","","","","","","","20/3/2025 10:29:50","1","0","encounter_rendering_physician_code","E",,"0",
"encounter_rendering_npi_spec_grp_code",,"encounter_rendering_physician","npi_spec_grp_code","npi_spec_grp_code","Encounter Rendering Physician NPI Specialty",,,"Encounter Rendering Physician","0","0",,"0","0","0","0",,,,,,,,,,,"17/3/2025 11:27:04","1","0","encounter_rendering_physician_code","E",,"0",
"encounter_rendering_npi_spec_grp_name",,"encounter_rendering_physician","npi_spec_grp_name","npi_spec_grp_name","Encounter Rendering Physician NPI Specialty"," NPI Registry reference; Usage: for selecting claims based on the specialty/taxonomy associated with the rendering physician's NPI registry information",,"Encounter Rendering Physician","1","0",,"1","0","0","1","encounter_rendering_physician_code","encounter_rendering_npi_spec_grp_name","`000_common`.npi_spec_grp","npi_spec_grp_name NPI_Specialty_Group_Name, taxonomy_cat_name Taxonomy_Cat_Name, npi_spec_grp_code","rendering_npi_spec_grp_name,,","","npi_spec_grp_code","`encounter_rendering_npi_spec_grp_code`","NPI_Specialty_Group_Name","npi_spec_grp_code","20/3/2025 10:29:50","1","1","encounter_rendering_physician_code","E",,"0",
"encounter_rendering_npi_type",,"encounter_rendering_physician","npi_type_name","npi_type_name","Encounter Rendering Physician Entity Type"," NPI Registry reference; Usage: for selecting claims based on the entity type associated with the rendering physician's NPI registry information (1 = physicians, 2 = organizations)",,"Encounter Rendering Physician","1","0",,"1","0","0","1",,,"`000_common`.npi_type","npi_type NPI_Type, npi_type_name NPI_Type_Name","npi_type_name,npi_type",,"NPI_Type","`encounter_rendering_npi_type_code`","NPI_Type_Name","NPI_Type","14/4/2025 08:30:27","1","1","encounter_rendering_physician_code","E",,"0",
"encounter_rendering_npi_type_code",,"encounter_rendering_physician","npi_type","npi_type","Encounter Rendering Physician Entity Type",,,"Encounter Rendering Physician","0","0",,"0","0","0","0",,,"`000_common`.npi_type","npi_type NPI_Type, npi_type_name NPI_Type_Name","npi_type_name,npi_type",,"NPI_Type","`encounter_rendering_npi_type`","NPI_Type_Name","NPI_Type","17/3/2025 11:26:51","1","0","encounter_rendering_physician_code","E",,"0",
"encounter_rendering_percent",,"{table}","encounter_rendering_physician_code","round(count(distinct {table}.encounter_rendering_physician_code)/sum(count(distinct {table}.encounter_rendering_physician_code)),2)","Encounter Rendering Physician Percent","Percentage of Encounter rendering physicians for all claims returned","p2","Encounter Rendering Physician","0","1",,"0","1","0","0",,,,,,,,,,,"21/11/2025 14:22:39","5","0","encounter_rendering_physician_code","B",,"0",
"encounter_rendering_phone",,"encounter_rendering_physician","phone_number","phone_number","Encounter Rendering Physician Phone"," NPI Registry reference; Usage: for selecting claims based on the phone associated with the rendering physician's NPI registry information",,"Encounter Rendering Physician","1","0",,"0","0","0","1","encounter_rendering_physician_code","encounter_rendering_phone","","","","","","","","","20/3/2025 10:29:50","1","0","encounter_rendering_physician_code","E",,"0",
"encounter_rendering_physician_code",,"{table}","encounter_rendering_physician_code","encounter_rendering_physician_code","Encounter Rendering Physician NPI","Encounter-level NPI number of the most meaningful rendering physician associated with the encounter.",,"Encounter Rendering Physician","1","0",,"1","0","0","0",,,"{statedb}.physician","physician_code Physician_Code, physician_name Physician_Name, Last_Name, First_Name, specialty_grp_name Intellimed_Specialty, npi_spec_grp_name NPI_Specialty, degree_abbr Degree, group_prac_name Group_Practice, street Address, zip_code Zip, city City, county_name County, state_abbr State","rendering_physician_code,rendering_name,,,,rendering_npi_spec_grp_name,rendering_degree,rendering_group_name,rendering_zip_code,rendering_city,rendering_county,",,"Physician_Code","`encounter_rendering_physician_code`","Physician_Code",,"20/3/2025 10:23:09","1","0","encounter_rendering_physician_code","E",,"0",
"encounter_rendering_physician_name",,"encounter_rendering_physician","physician_name","physician_name","Encounter Rendering Physician","Encounter-level name of the most meaningful rendering physician associated with the encounter.",,"Encounter Rendering Physician","1","0",,"1","0","0","1","","encounter_rendering_physician_code","{statedb}.physician","physician_code NPI, physician_name Physician_Name, Last_Name, First_Name, specialty_grp_name Intellimed_Specialty, npi_spec_grp_name NPI_Specialty, degree_abbr Degree, group_prac_name CMS_Group_Practice, affiliation_dba_name IM_Group_Practice, street Address, zip_code Zip, city City, county_name County, state_abbr State","rendering_physician_code,rendering_name,,,,rendering_npi_spec_grp_name,rendering_degree,rendering_group_name,rendering_zip_code,rendering_city,rendering_county,","claim=1","NPI","`encounter_rendering_physician_code`","Physician_Name","physician_code","11/2/2026 16:13:11","1","1","encounter_rendering_physician_code","E","physician_code","0",
"encounter_rendering_physician_namex","6","encounter_rendering_physician","physician_code","physician_name ","Encounter Rendering Physician","Encounter-level name of the most meaningful rendering physician associated with the encounter.",,"Encounter Rendering Physician","0","0",,"0","0","0","1",,,"{statedb}.physician","physician_code Physician_Code, physician_name Physician_Name, Last_Name, First_Name, specialty_grp_name Intellimed_Specialty, npi_spec_grp_name NPI_Specialty, degree_abbr Degree, group_prac_name Group_Practice, Affiliation_DBA_Name, street Address, zip_code Zip, city City, county_name County, state_abbr State","rendering_physician_code,rendering_name,,,,rendering_npi_spec_grp_name,rendering_degree,rendering_group_name,rendering_zip_code,rendering_city,rendering_county,",,"Physician_Code","`encounter_rendering_physician_code`","Physician_Code","NPI","11/2/2026 15:38:39","1","0","encounter_rendering_physician_code","E",,"0",
"encounter_rendering_prac_count",,"encounter_rendering_physician","group_prac_code","count(distinct encounter_rendering_physician.group_prac_code)","Encounter Rendering Group Practice Count","Count of unique Encounter rendering Group Practices","n0","Encounter Rendering Physician","0","1",,"0","0","0","0",,,,,,,,,,,"19/3/2025 10:47:06","5","0","encounter_rendering_physician_code","B",,"0",
"encounter_rendering_system",,"encounter_rendering_physician","primary_hospital_system_name","primary_hospital_system_name","Encounter Rendering Physician Hospital System"," Discharge data; Usage: for grouping and selecting claims based on the hospital system where the majority of cases are performed using physician-identified discharge volumes, for rendering physcians",,"Encounter Rendering Physician","1","0",,"1","1","0","1","","encounter_rendering_system","hospital_system","","","","hospital_system_name","","","","20/3/2025 10:29:50","1","0","encounter_rendering_physician_code","E",,"0",
"encounter_rendering_taxonomy_cat",,"encounter_rendering_physician","taxonomy_cat_name","taxonomy_cat_name","Encounter Rendering Physician Taxonomy","Encounter-level taxonomy from the NPI registry of the rendering physician",,"Encounter Rendering Physician","1","0",,"1","0","0","1",,"`encounter_rendering_physician`.`taxonomy_cat_name`","`000_common`.npi_spec_grp","distinct taxonomy_cat_name Taxonomy_Cat_Name, taxonomy_cat Taxonomy_Cat","rendering_taxonomy_cat_name",,"Taxonomy_Cat","`encounter_rendering_taxonomy_cat_code`","Taxonomy_Cat_Name","Taxonomy_Cat","1/12/2025 09:39:46","1","1","encounter_rendering_physician_code","E",,"0",
"encounter_rendering_taxonomy_cat_code",,"encounter_rendering_physician","taxonomy_cat","taxonomy_cat","Encounter Rendering Physician Taxonomy","Encounter-level taxonomy from the NPI registry of the rendering physician",,"Encounter Rendering Physician","0","0",,"0","0","0","0",,,,,,,,,,,"1/12/2025 09:39:20","1","0","encounter_rendering_physician_code","E",,"0",
"encounter_rendering_zip_code",,"encounter_rendering_physician","zip_code","zip_code","Encounter Rendering Physician Zip"," NPI Registry reference; Usage: for selecting claims based on the address associated with the rendering physician's NPI registry information",,"Encounter Rendering Physician","1","0",,"1","0","0","1","encounter_rendering_physician_code","encounter_rendering_zip_code","(SELECT zip_code , zip_name , City , county_name , State, cbsa_name , zip_class , zip_demo_base_name  FROM {statedb}.zip WHERE zip_code_flag = 'Y' )z","zip_code Zip_Code, zip_name Zip_Name, City, county_name County_Name, State, cbsa_name CBSA, zip_class Zip_Class, zip_demo_base_name Zip_Demo_Base_Name","rendering_zip_code,,rendering_city,rendering_county,,,","","Zip_Code","`encounter_rendering_zip_code`","Zip_Code","","22/1/2026 11:52:09","1","0","encounter_rendering_physician_code","E",,"0",
"encounter_sl","4","encounter","sl_code","sl_code","Encounter Location NPI","Encounter-level NPI number associated with the most meaningful location for where the service was performed across all claims from all physicians on the encounter for a patient.",,"Encounter Location","1","0",,"1","0","0","1","sl_code","`encounter`.`sl_code`","{statedb}.sl","sl_code NPI, sl_name Encounter_Location_Name, sl_dba_name Encounter_Location_DBA_Name, taxonomy_cat_name Taxonomy_Cat_Name, street Address, zip_code Zip_Code, city City, county_name County_Name, state_abbr State","sl_code,sl_name,sl_dba_name,taxonomy_cat_name,street,zip_code,city,county_name,state_abbr",,"NPI","`encounter_code`","Encounter_Location_Name","sl_code","11/2/2026 15:42:32","5","0","sl_code","E",,"0",
"encounter_sl_code","1","encounter","sl_code","sl_code","Encounter Location NPI","Encounter-level NPI number associated with the most meaningful location for where the service was performed across all claims from all physicians on the encounter for a patient.",,"Encounter Location","0","0",,"0","0","0","0","","`encounter`.`sl_code`","{statedb}.sl","sl_code NPI, sl_name Name, taxonomy_cat_name Taxonomy, street Address, zip_code Zip_Code, city City, county_name County, state_abbr State","sl_code,sl_name,taxonomy_cat_name,street,zip_code,city,county_name,state_abbr","","NPI","`encounter_code`","NPI","","20/3/2025 10:23:09","5","0","sl_code","E",,"0",
"encounter_state","15","encounter","state_abbr","state_abbr","Encounter Location State","Encounter-level state of the NPI address associated with the most meaningful location for where the service was performed across all claims from all physicians on the encounter for a patient.",,"Encounter Location","1","0",,"1","0","0","1",,"encounter_state","{statedb}.sl","distinct state_abbr State","state_abbr",,"State","`encounter_state`",,,"14/4/2025 11:02:34","5","0","sl_code","E",,"0",
"encounter_taxonomy_cat_code",,"encounter","taxonomy_cat","taxonomy_cat","Encounter Location Taxonomy Code",,,"Encounter Location","0","0",,"0","0","0","0","sl_code","encounter_taxonomy_cat_name","`000_common`.npi_spec_grp","distinct taxonomy_cat_name Taxonomy_Cat_Name, taxonomy_cat Taxonomy_Cat","taxonomy_cat_name, taxonomy_cat",,"Taxonomy_Cat","`encounter_taxonomy_cat_code`","Taxonomy_Cat_Name","Taxonomy_Cat","19/3/2025 10:32:00","5","0","sl_code","E",,"0",
"encounter_taxonomy_cat_name","5","encounter","taxonomy_cat","taxonomy_cat_name","Encounter Location Taxonomy","Encounter-level NPI taxonomy associated with the most meaningful location for where the service was performed across all claims from all physicians on the encounter for a patient.",,"Encounter Location","1","0",,"1","0","0","1","sl_code","encounter_taxonomy_cat_name","`000_common`.npi_spec_grp","distinct taxonomy_cat_name Taxonomy_Cat_Name, taxonomy_cat Taxonomy_Cat","taxonomy_cat_name, taxonomy_cat",,"Taxonomy_Cat","`encounter_taxonomy_cat_code`","Taxonomy_Cat_Name","Taxonomy_Cat","14/4/2025 11:02:25","5","1","sl_code","E",,"0",
"encounter_work_procd_code","9","{table}","encounter_work_procd_code","encounter_work_procd_code","Encounter Work Procedure Code","Encounter-level procedure code with the highest Work RVU associated with the encounter.",,"Encounter Clinical","1","0",,"1","0","0","0",,,"000_common.procd","procd_code Procedure_Code, procd_name Procedure_Name, full_description Full_Description, procd_product_line_name Procedure_Product_Line_Name, procd_product_line_sub_name Procedure_Product_Line_Sub_Name, procd_type_code Procedure_Type_Code","encounter_work_procd_code1,encounter_work_procd_name1,px_long_description1,px_product_line_name1,px_product_line_sub_name1","","Procedure_Code","`encounter_work_procd_code`","Procedure_Name","procd_code","11/2/2026 15:33:01","9","0","encounter_work_procd_code","E",,"0",
"encounter_work_procd_name","10","procd2","procd_code","procd_name","Encounter Work Procedure Description","Encounter-level procedure long description with the highest Work RVU associated with the encounter.",,"Encounter Clinical","1","0",,"1","0","0","1",,,"000_common.procd","procd_code Procedure_Code, procd_name Procedure_Name, full_description Full_Description, procd_product_line_name Procedure_Product_Line_Name, procd_product_line_sub_name Procedure_Product_Line_Sub_Name, procd_type_code Procedure_Type_Code","encounter_work_procd_code1,encounter_work_procd_name1,px_long_description1,px_product_line_name1,px_product_line_sub_name1","","Procedure_Code","`encounter_work_procd_code`","Procedure_Name","procd_code","11/2/2026 15:35:13","9","0","encounter_work_procd_code","E",,"0",
"encounter_zip_code","8","encounter","zip_code","zip_code","Encounter Location Zip","Encounter-level zip code of the NPI address associated with the most meaningful location for where the service was performed across all claims from all physicians on the encounter for a patient.",,"Encounter Location","1","0",,"1","0","0","1",,"encounter_zip_code","(SELECT zip_code , zip_name , City , county_name , State, cbsa_name , zip_class , zip_demo_base_name  FROM {statedb}.zip WHERE zip_code_flag = 'Y' )z","zip_code Zip_Code, zip_name Zip_Name, City, county_name County_Name, State, cbsa_name CBSA, zip_class Zip_Class, zip_demo_base_name Zip_Demo_Base_Name","zip_code,,city,county,State,,,",,"Zip_Code","`encounter_zip_code`","Zip_Code",,"22/1/2026 11:52:09","5","0","sl_code","E",,"0",
"esri_age_grp_code",,"esri_age_grp","age_grp_code","age_grp_code","ESRI Age Group",,,"ESRI Demographics","0","0",,"0","0","0","0",,"`esri_age_grp`.`age_grp_code`","esri.esri_age_grp","age_grp_name Age_Group, age_grp_code","age_grp_name",,"age_grp_code","`esri_age_grp_code`","Age_Group","age_grp_code","19/5/2025 15:07:16",,"0","age_grp_name","S",,"0",
"esri_age_grp_name",,"esri_age_grp","age_grp_code","age_grp_name","ESRI Age Group",,,"ESRI Demographics","1","0",,"1","0","0","1",,"`esri_age_grp`.`age_grp_name`","esri.esri_age_grp","age_grp_name Age_Group, age_grp_code","age_grp_name",,"age_grp_code","`esri_age_grp_code`","Age_Group","age_grp_code","29/8/2025 14:44:10",,"0","age_grp_name","S",,"0",
"esri_cbsa_code","9","esri","cbsa_code","cbsa_code","ESRI CBSA Code",,,"ESRI Demographics","1","0",,"1","1","0","0",,,,,,,,,,,"11/6/2025 10:02:14",,"0","cbsa_code","S",,"0",
"esri_cbsa_code","9","esri_cbsa","cbsa_code","cbsa_code","ESRI CBSA",,,"ESRI Demographics","0","0",,"0","0","0","1",,"cbsa_name",,,,,,"`esri_cbsa_code`",,,"26/8/2025 09:04:19",,"0","cbsa_code","S",,"0",
"esri_cbsa_name","9","esri","cbsa_name","cbsa_name","ESRI CBSA",,,"ESRI Demographics","1","0",,"1","0","0","1",,"esri.cbsa_name","esri.zip","distinct cbsa_name CBSA, State, cbsa_code","esri_cbsa_name",,"cbsa_code","`esri_cbsa_code`","CBSA","cbsa_code","26/8/2025 08:06:47","10","1","cbsa_code","S",,"0",
"esri_city","10","esri","city","city","ESRI City",,,"ESRI Demographics","1","0",,"1","0","0","1",,"`esri`.`city`","esri.zip","distinct City, State","esri_city",,"City","`esri`.`city`","City",,"11/6/2025 10:02:20","10","0","city","S",,"0",
"esri_county_code","11","esri","county_code","county_code","ESRI County","",,"ESRI Demographics","0","0",,"0","0","0","0","","`esri`.`county_name`","esri.zip","DISTINCT County_Name, state State, county_code County_Code","county_name,state,county_code",,"County_Code",,"County_Name","County_Code","28/10/2025 15:58:49",,"0","county_code","S",,"0",
"esri_county_name","11","esri","county_code","county_name","ESRI County",,,"ESRI Demographics","1","0",,"1","0","0","1",,"`esri`.`county_name`","esri.zip","DISTINCT County_Name, state State, county_code County_Code","county_name,state,county_code",,"County_Code","`esri_county_code`","County_Name","County_Code","28/10/2025 15:58:50","5","0","county_name","S",,"0",
"esri_education_edu_19_c",,"esri_zip_income","esri_zip_income.edu_19_c","sum(esri_zip_income.edu_19_c)","9th Grade & Under",,,"ESRI Demographics","0","1",,"0","0","0","0",,,,,,,,,,,"16/6/2025 06:28:07","0","0","edu_19_c","S",,"0",
"esri_education_edu_as_c",,"esri_zip_income","esri_zip_income.edu_as_c","sum(esri_zip_income.edu_as_c)","Associate",,,"ESRI Demographics","0","1",,"0","0","0","0",,,,,,,,,,,"16/6/2025 06:28:07","0","0","edu_as_c","S",,"0",
"esri_education_edu_ba_c",,"esri_zip_income","esri_zip_income.edu_ba_c","sum(esri_zip_income.edu_ba_c)","Bachelor",,,"ESRI Demographics","0","1",,"0","0","0","0",,,,,,,,,,,"16/6/2025 06:28:07","0","0","edu_ba_c","S",,"0",
"esri_education_edu_dt_c",,"esri_zip_income","esri_zip_income.edu_mast_c","sum(esri_zip_income.edu_mast_c)","Masters",,,"ESRI Demographics","0","1",,"0","0","0","0",,,,,,,,,,,"5/11/2025 13:59:57","0","0","edu_mast_c","S",,"0",
"esri_education_edu_hs_c",,"esri_zip_income","esri_zip_income.edu_hs_c","sum(esri_zip_income.edu_hs_c)","High School Graduate",,,"ESRI Demographics","0","1",,"0","0","0","0",,,,,,,,,,,"16/6/2025 06:28:07","0","0","edu_hs_c","S",,"0",
"esri_education_edu_sm_hsc",,"esri_zip_income","esri_zip_income.edu_sm_hsc","sum(esri_zip_income.edu_sm_hsc)","Some High School",,,"ESRI Demographics","0","1",,"0","0","0","0",,,,,,,,,,,"16/6/2025 06:28:07","0","0","edu_sm_hsc","S",,"0",
"esri_education_edu_smcolc",,"esri_zip_income","esri_zip_income.edu_smcolc","sum(esri_zip_income.edu_smcolc)","College No Degree",,,"ESRI Demographics","0","1",,"0","0","0","0",,,,,,,,,,,"16/6/2025 06:28:07","0","0","edu_smcolc","S",,"0",
"esri_ethnicity_age_grp_code",,"esri_ethnicity_age_grp","age_grp_code","age_grp_code","ESRI Age Group",,,"ESRI Demographics","0","0",,"0","0","0","0",,"`esri_ethnicity_age_grp`.`age_grp_code`","esri.esri_age_grp","age_grp_name Age_Group, age_grp_code","age_grp_name",,"age_grp_code","`esri_ethnicity_age_grp_code`","Age_Group","age_grp_code","29/5/2025 07:01:44",,"0","age_grp_name","S",,"0",
"esri_ethnicity_age_grp_name",,"esri_ethnicity_age_grp","age_grp_code","age_grp_name","ESRI Age Group",,,"ESRI Demographics","1","0",,"1","0","0","1",,"`esri_ethnicity_age_grp`.`age_grp_name`","esri.esri_age_grp","age_grp_name Age_Group, age_grp_code","age_grp_name",,"age_grp_code","`esri_ethnicity_age_grp_code`","Age_Group","age_grp_code","29/8/2025 14:44:17",,"0","age_grp_name","S",,"0",
"esri_ethnicity_code",,"esri_ethnicity","esri_ethnicity_code","esri_ethnicity_code","ESRI Ethnicity",,,"ESRI Demographics","1","0",,"1","0","0","1",,"`esri_ethnicity`.`esri_ethnicity_name`","esri.esri_ethnicity","esri_ethnicity_name ESRI_Ethnicity_Name, esri_ethnicity_code","esri_ethnicity_name",,"esri_ethnicity_code","`esri_ethnicity_code`","ESRI_Ethnicity_Name","esri_ethnicity_code","9/5/2025 11:46:18",,"0","esri_ethnicity_name","S",,"0",
"esri_ethnicity_name",,"esri_ethnicity","esri_ethnicity_name","esri_ethnicity_name","ESRI Ethnicity",,,"ESRI Demographics","0","0",,"0","0","0","0",,"`esri_ethnicity`.`esri_ethnicity_code`","esri.esri_ethnicity","esri_ethnicity_name ESRI_Ethnicity_Name, esri_ethnicity_code","esri_ethnicity_name",,"esri_ethnicity_code","`esri_ethnicity_code`","ESRI_Ethnicity_Name","esri_ethnicity_code","9/5/2025 11:46:18",,"0","esri_ethnicity_name","S",,"0",
"esri_ethnicity_pop1",,"esri_zip_ethnicity","esri_zip_ethnicity.pop1","sum(esri_zip_ethnicity.pop1)","White",,,"ESRI Demographics","0","1",,"0","0","0","0",,,,,,,,,,,"16/6/2025 06:38:27","0","0","pop1","S",,"0",
"esri_ethnicity_pop10",,"esri_zip_ethnicity","esri_zip_ethnicity.pop10","sum(esri_zip_ethnicity.pop10)","Two or More",,,"ESRI Demographics","0","1",,"0","0","0","0",,,,,,,,,,,"16/6/2025 06:38:33","0","0","pop10","S",,"0",
"esri_ethnicity_pop11",,"esri_zip_ethnicity","esri_zip_ethnicity.pop11","sum(esri_zip_ethnicity.pop11)","Hispanic",,,"ESRI Demographics","0","1",,"0","0","0","0",,,,,,,,,,,"16/6/2025 06:38:24","0","0","pop11","S",,"0",
"esri_ethnicity_pop2",,"esri_zip_ethnicity","esri_zip_ethnicity.pop2","sum(esri_zip_ethnicity.pop2)","Black / African American",,,"ESRI Demographics","0","1",,"0","0","0","0",,,,,,,,,,,"16/6/2025 06:38:21","0","0","pop2","S",,"0",
"esri_ethnicity_pop3",,"esri_zip_ethnicity","esri_zip_ethnicity.pop3","sum(esri_zip_ethnicity.pop3)","American Indian / Alaskan",,,"ESRI Demographics","0","1",,"0","0","0","0",,,,,,,,,,,"16/6/2025 06:38:14","0","0","pop3","S",,"0",
"esri_ethnicity_pop4",,"esri_zip_ethnicity","esri_zip_ethnicity.pop4","sum(esri_zip_ethnicity.pop4)","Asian",,,"ESRI Demographics","0","1",,"0","0","0","0",,,,,,,,,,,"16/6/2025 06:38:18","0","0","pop4","S",,"0",
"esri_ethnicity_pop5",,"esri_zip_ethnicity","esri_zip_ethnicity.pop5","sum(esri_zip_ethnicity.pop5)","Hawiian, Pacific Islander ",,,"ESRI Demographics","0","1",,"0","0","0","0",,,,,,,,,,,"16/6/2025 06:38:30","0","0","pop5","S",,"0",
"esri_ethnicity_pop6",,"esri_zip_ethnicity","esri_zip_ethnicity.pop6","sum(esri_zip_ethnicity.pop6)","Other",,,"ESRI Demographics","0","1",,"0","0","0","0",,,,,,,,,,,"16/6/2025 06:38:36","0","0","pop6","S",,"0",
"esri_ethnicity_zip_code","11","esri_zip_ethnicity","zip_code","zip_code","ESRI Zip Code","",,"ESRI Demographics","1","0",,"1","0","0","0","","esri_ethnicity_zip_code","esri.zip","DISTINCT Zip_Name, zip_code Zip_Code, State","zip_name,zip_code",,"Zip_Code","`esri_ethnicity_zip_code`","Zip_Name",,"9/5/2025 11:47:50",,"0","zip_code","S",,"0",
"esri_gender",,"esri_gender","gender_code","gender_code","ESRI Gender",,,"ESRI Demographics","1","0",,"1","0","0","1",,"`esri_gender`.`gender_code`","esri.gender","gender_code Gender_Code,gender_name Gender_Name","gender_code,gender_name",,"Gender_Code","`esri_gender`","Gender_Name",,"9/5/2025 11:47:50",,"0","gender_code","S",,"0",
"esri_gender_code",,"esri_gender","esri_gender_code","esri_gender_code","ESRI Gender",,,"ESRI Demographics","1","0",,"1","0","0","1",,"`esri_gender`.`esri_gender_name`","esri.esri_gender","esri_gender_code,esri_gender_name Gender_Name","esri_gender_name",,"esri_gender_code","`esri_gender_code`","Gender_Name","esri_gender_code","9/5/2025 11:46:18",,"0","esri_gender_name","S",,"0",
"esri_income_average",,"esri_zip_income","esri_zip_income.ave_income","avg(esri_zip_income.ave_income)","Average Income",,,"ESRI Demographics","0","1",,"0","0","0","0",,,,,,,,,,,"16/6/2025 06:28:07","0","0","ave_income","S",,"0",
"esri_income_inc01",,"esri_zip_income","esri_zip_income.inc01","sum(esri_zip_income.inc01)","Under $15,000",,,"ESRI Demographics","0","1",,"0","0","0","0",,,,,,,,,,,"16/6/2025 06:28:07","0","0","inc01","S",,"0",
"esri_income_inc02",,"esri_zip_income","esri_zip_income.inc02","sum(esri_zip_income.inc02)","$15,000 to $24,999",,,"","0","1",,"0","0","0","0",,,,,,,,,,,"9/12/2025 11:12:23","0","0","inc02","S",,"0",
"esri_income_inc03",,"esri_zip_income","esri_zip_income.inc03","sum(esri_zip_income.inc03)","$25,000 to $34,999",,,"ESRI Demographics","0","1",,"0","0","0","0",,,,,,,,,,,"16/6/2025 06:28:07","0","0","inc03","S",,"0",
"esri_income_inc04",,"esri_zip_income","esri_zip_income.inc04","sum(esri_zip_income.inc04)","$35,000 to $49,999",,,"ESRI Demographics","0","1",,"0","0","0","0",,,,,,,,,,,"16/6/2025 06:28:07","0","0","inc04","S",,"0",
"esri_income_inc05",,"esri_zip_income","esri_zip_income.inc05","sum(esri_zip_income.inc05)","$50,000 to $74,999",,,"ESRI Demographics","0","1",,"0","0","0","0",,,,,,,,,,,"16/6/2025 06:28:07","0","0","inc05","S",,"0",
"esri_income_inc06",,"esri_zip_income","esri_zip_income.inc06","sum(esri_zip_income.inc06)","$75,000 to $99,999",,,"ESRI Demographics","0","1",,"0","0","0","0",,,,,,,,,,,"16/6/2025 06:28:07","0","0","inc06","S",,"0",
"esri_income_inc07",,"esri_zip_income","esri_zip_income.inc07","sum(esri_zip_income.inc07)","$100,000 to $149,999",,,"ESRI Demographics","0","1",,"0","0","0","0",,,,,,,,,,,"16/6/2025 06:28:07","0","0","inc07","S",,"0",
"esri_income_inc08",,"esri_zip_income","esri_zip_income.inc08","sum(esri_zip_income.inc08)","$150,000 to $199,999",,,"ESRI Demographics","0","1",,"0","0","0","0",,,,,,,,,,,"16/6/2025 06:28:07","0","0","inc08","S",,"0",
"esri_income_inc09",,"esri_zip_income","esri_zip_income.inc09","sum(esri_zip_income.inc09)","$200,000 and above",,,"ESRI Demographics","0","1",,"0","0","0","0",,,,,,,,,,,"16/6/2025 06:28:07","0","0","inc09","S",,"0",
"esri_income_median",,"esri_zip_income","esri_zip_income.median_income","avg(esri_zip_income.median_income)","Median Income",,,"ESRI Demographics","0","1",,"0","0","0","0",,,,,,,,,,,"16/6/2025 06:28:07","0","0","median_income","S",,"0",
"esri_pop_city",,"esri_zip_pop","esri_zip_pop.city","city","ESRI City",,,"ESRI Demographics","1","0",,"0","0","0","1",,,"esri.esri_zip_pop","City, State","city",,"City",,"City",,"9/5/2025 11:46:18",,"0","city","S",,"0",
"esri_pop_county",,"esri_pop_county","county_name","county_name","ESRI Pop County","",,"ESRI Demographics","1","0",,"1","0","0","1","","`esri_pop_county`.`county_code`","esri.zip","distinct county_code County_Code, state State, county_name County_Name","county_code",,"County_Code","`esri_pop_county_code`","County_Name","County_Code","28/10/2025 15:54:28",,"0","county_name","S",,"0",
"esri_pop_county_code",,"esri_county_pop","esri_pop_county_code","esri_pop_county_code","ESRI Pop County",,,"ESRI Demographics","0","0",,"0","0","0","0",,"`esri_county_pop`.`county_name`","esri.esri_county_pop","esri_pop_county_code County_Code, county_name County_Name, state State","esri_pop_county_code,county_name",,"County_Code","`esri_pop_county_code`","County_Name","County_Code","9/5/2025 11:47:50",,"0","county_name","S",,"0",
"esri_pop_county_code",,"esri_pop_county","county_code","county_code","ESRI Population County","",,"ESRI Demographics","0","0",,"0","0","0","0","","`esri_pop_county`.`county_code`","esri.zip","distinct county_code County_Code, state State, county_name County_Name","county_code",,"County_Code","`esri_pop_county_code`","County_Name","County_Code","28/10/2025 15:54:36",,"0","county_code","S",,"0",
"esri_pop_county_name",,"esri_zip_pop","county_code","county_name","ESRI County","",,"ESRI Demographics","0","0",,"0","0","0","0","","`esri_zip_pop`.`county_name`","esri.esri_zip_pop","","county_code,county_name",,"County_Code","`county_code`","County_Name","County_Code","9/5/2025 11:47:37",,"0","county_name","S",,"0",
"esri_pop_current_year",,"esri_zip_pop","esri_zip_pop.pop_cy","sum(esri_zip_pop.pop_cy)","ESRI Current Year",,"n2","ESRI Demographics","0","1",,"0","0","0","0",,,"esri.esri_zip_pop",,,,,,,,"16/6/2025 06:34:28",,"0","esri_zip_pop.pop_cy","S",,"0",
"esri_pop_five_year",,"esri_zip_pop","esri_zip_pop.pop_cy5","sum(esri_zip_pop.pop_cy5)","ESRI Five Year",,"n2","ESRI Demographics","0","1",,"0","0","0","0",,,"esri.esri_zip_pop",,,,,,,,"16/6/2025 06:34:28",,"0","esri_zip_pop.pop_cy5","S",,"0",
"esri_pop_percentage_change",,"esri_zip_pop","esri_zip_pop.pop_cy5","concat(if(sum(esri_zip_pop.pop_cy5) - sum(esri_zip_pop.pop_cy) >= 0, ""+"", ""-""), format(if(sum(esri_zip_pop.pop_cy)=0, 0, abs((sum(esri_zip_pop.pop_cy5) - sum(esri_zip_pop.pop_cy)) / sum(esri_zip_pop.pop_cy))), 2))","ESRI Percentage Change",,"p2","ESRI Demographics","0","1",,"0","0","0","0",,,"esri.esri_zip_pop",,,,,,,,"21/11/2025 13:32:16",,"0","esri_zip_pop.pop_cy5","S",,"0",
"esri_pop_roc",,"esri_zip_pop","esri_zip_pop.pop_cy5","sum(esri_zip_pop.pop_cy5) - sum(esri_zip_pop.pop_cy)","ESRI Rate of Change",,"n2","ESRI Demographics","0","1",,"0","0","0","0",,,"esri.esri_zip_pop",,,,,,,,"16/6/2025 06:34:28",,"0","esri_zip_pop.pop_cy5","S",,"0",
"esri_pop_state",,"esri_zip_pop","esri_zip_pop.state","state","ESRI State",,,"ESRI Demographics","1","0",,"0","0","0","0",,,,,,,,,,,"9/5/2025 11:47:37",,"0","state","S",,"0",
"esri_pop_zip_code",,"esri_zip_pop","zip_code","zip_code","ESRI Population Zip Code",,,"","0","0",,"0","0","0","0",,,,,,,,,,,"16/6/2025 08:37:13","0","0","zip_code","S",,"0",
"esri_pop_zip_code",,"esri_zip_pop_zips","esri_pop_zip_code","esri_pop_zip_code","ESRI Zip Code",,,"ESRI Demographics","1","0",,"1","0","0","1",,"`esri_zip_pop_zips`.`zip_name`","esri.esri_zip_pop_zips","esri_pop_zip_code Zip_Code, zip_name Zip_Name, City, county_name County_Name, state State, cbsa_name CBSA, zip_class Zip_Class, zip_demo_base_name Zip_Demo_Base_Name","esri_pop_zip_code",,"Zip_Code","`esri_pop_zip_code`","Zip_Name",,"9/5/2025 11:47:37","5","0","zip_name","S",,"0",
"esri_population_female_cy",,"esri_zip_pop","esri_zip_pop.pop_cy","sum((esri_zip_pop.gender_code='F')*esri_zip_pop.pop_cy)","Female Current Year",,,"ESRI Demographics","0","1",,"0","0","0","0",,,,,,,,,,,"16/6/2025 06:28:07","0","0","pop_cy","S",,"0",
"esri_population_female_cy5",,"esri_zip_pop","esri_zip_pop.pop_cy5","sum((esri_zip_pop.gender_code='F')*esri_zip_pop.pop_cy5)","Female Current Year + 5",,,"","0","1",,"0","0","0","0",,,,,,,,,,,"16/6/2025 06:28:39","0","0","pop_cy5","S",,"0",
"esri_population_female_poc",,"esri_zip_pop","esri_zip_pop.pop_cy5","COALESCE(concat(if(sum((esri_zip_pop.gender_code='F')*esri_zip_pop.pop_cy5)-sum((esri_zip_pop.gender_code='F')*esri_zip_pop.pop_cy)>=0,""+"",""-""),format(abs((sum((esri_zip_pop.gender_code='F')*esri_zip_pop.pop_cy5)-sum((esri_zip_pop.gender_code='F')*esri_zip_pop.pop_cy))/sum((esri_zip_pop.gender_code='F')*esri_zip_pop.pop_cy)),2)),0)","Female Percentage Change",,"p2","ESRI Demographics","0","1",,"0","0","0","0",,,,,,,,,,,"21/11/2025 13:32:16","0","0","pop_cy5","S",,"0",
"esri_population_female_roc",,"esri_zip_pop","esri_zip_pop.pop_cy5","sum((esri_zip_pop.gender_code='F')*esri_zip_pop.pop_cy5) - sum((esri_zip_pop.gender_code='F')*esri_zip_pop.pop_cy)","Female Rate of Change",,,"ESRI Demographics","0","1",,"0","0","0","0",,,,,,,,,,,"16/6/2025 06:28:07","0","0","pop_cy5","S",,"0",
"esri_population_male_cy",,"esri_zip_pop","esri_zip_pop.pop_cy","sum((esri_zip_pop.gender_code='M')*esri_zip_pop.pop_cy)","Male Current Year",,,"ESRI Demographics","0","1",,"0","0","0","0",,,,,,,,,,,"16/6/2025 06:28:07","0","0","pop_cy","S",,"0",
"esri_population_male_cy5",,"esri_zip_pop","esri_zip_pop.pop_cy5","sum((esri_zip_pop.gender_code='M')*esri_zip_pop.pop_cy5)","Male Current Year + 5",,,"ESRI Demographics","0","1",,"0","0","0","0",,,,,,,,,,,"16/6/2025 06:28:39","0","0","pop_cy5","S",,"0",
"esri_population_male_poc",,"esri_zip_pop","esri_zip_pop.pop_cy5","COALESCE(concat(if(sum((esri_zip_pop.gender_code='M')*esri_zip_pop.pop_cy5)-sum((esri_zip_pop.gender_code='M')*esri_zip_pop.pop_cy)>=0,""+"",""-""),format(abs((sum((esri_zip_pop.gender_code='M')*esri_zip_pop.pop_cy5)-sum((esri_zip_pop.gender_code='M')*esri_zip_pop.pop_cy))/sum((esri_zip_pop.gender_code='M')*esri_zip_pop.pop_cy)),2)),0)","Male Percentage Change",,"p2","ESRI Demographics","0","1",,"0","0","0","0",,,,,,,,,,,"21/11/2025 13:32:16","0","0","pop_cy5","S",,"0",
"esri_population_male_roc",,"esri_zip_pop","esri_zip_pop.pop_cy5","sum((esri_zip_pop.gender_code='M')*esri_zip_pop.pop_cy5) - sum((esri_zip_pop.gender_code='M')*esri_zip_pop.pop_cy)","Male Rate of Change",,,"ESRI Demographics","0","1",,"0","0","0","0",,,,,,,,,,,"16/6/2025 06:28:39","0","0","pop_cy5","S",,"0",
"esri_race_gender_code",,"esri_race_gender","esri_gender_code","esri_gender_code","ESRI Gender",,,"ESRI Demographics","1","0",,"1","0","0","1",,"`esri_race_gender`.`esri_gender_name`","esri.esri_gender","DISTINCT esri_gender_code,esri_gender_name Gender_Name","esri_gender_name",,"esri_gender_code","`esri_race_gender_code`","Gender_Name","esri_gender_code","30/5/2025 17:07:31",,"0","esri_gender_name","S",,"0",
"esri_state","12","esri","state","state","ESRI State",,,"ESRI Demographics","1","0",,"1","0","0","1",,"`esri`.`state`","esri.zip","distinct State","esri_state",,"State","`esri_state`","State",,"9/5/2025 11:47:37","10","0","state","S",,"0",
"esri_tap_total_household_current_year",,"esri_taphh","esri_taphh.esri_taphh_value","sum(esri_taphh.esri_taphh_value)","ESRI Tapestry Total Household Population",,,"ESRI Demographics","0","1",,"0","0","0","0",,,,,,,,,,,"9/5/2025 11:47:37","0","0","esri_taphh_value","S",,"0",
"esri_tap_total_population_current_year",,"esri_tappop","esri_tappop.esri_tappop_value","sum(esri_tappop.esri_tappop_value)","ESRI Tapestry Total Population Current Year",,,"ESRI Demographics","0","1",,"0","0","0","0",,,,,,,,,,,"9/5/2025 11:47:37","0","0","esri_tappop_value","S",,"0",
"esri_taphh_cat_code",,"esri_taphh_cat","esri_taphh_cat_code","esri_taphh_cat_code","ESRI Tapestry Household Category",,,"ESRI Demographics","0","0",,"0","0","0","0",,"`esri_taphh_cat`.`esri_taphh_cat_name`","esri.esri_taphh_cat","esri_taphh_cat_code, esri_taphh_cat_name Category_Name","esri_taphh_cat_name","esri_taphh_cat_code NOT LIKE '%ADULT%'","esri_taphh_cat_code","`esri_taphh_cat_code`","Category_Name","esri_taphh_cat_code","17/10/2025 12:29:03","0","0","esri_taphh_cat_name","S",,"0",
"esri_taphh_cat_name",,"esri_taphh_cat","esri_taphh_cat_code","esri_taphh_cat_name","ESRI Tapestry Household Category",,,"ESRI Demographics","1","0",,"1","0","0","1",,"`esri_taphh_cat`.`esri_taphh_cat_name`","esri.esri_taphh_cat","esri_taphh_cat_code, esri_taphh_cat_name Category_Name","esri_taphh_cat_name","esri_taphh_cat_code NOT LIKE '%ADULT%'","esri_taphh_cat_code","`esri_taphh_cat_code`","Category_Name","esri_taphh_cat_code","17/10/2025 12:39:30","0","0","esri_taphh_cat_name","S",,"0",
"esri_tappop_cat_code",,"esri_tappop_cat","esri_tappop_cat_code","esri_tappop_cat_code","ESRI Tapestry Total Population",,,"ESRI Demographics","0","0",,"0","0","0","0",,"`esri_tappop_cat`.`esri_tappop_cat_name`","esri.esri_tappop_cat","esri_tappop_cat_code, esri_tappop_cat_name Category_Name","esri_tappop_cat_name",,"esri_tappop_cat_code","`esri_tappop_cat_code`","Category_Name","esri_tappop_cat_code","17/10/2025 12:29:12","0","0","esri_tappop_cat_name","S",,"0",
"esri_tappop_cat_name",,"esri_tappop_cat","esri_tappop_cat_code","esri_tappop_cat_name","ESRI Tapestry Total Population",,,"ESRI Demographics","1","0",,"1","0","0","1",,"`esri_tappop_cat`.`esri_tappop_cat_name`","esri.esri_tappop_cat","esri_tappop_cat_code, esri_tappop_cat_name Category_Name","esri_tappop_cat_name",,"esri_tappop_cat_code","`esri_tappop_cat_code`","Category_Name","esri_tappop_cat_code","17/10/2025 12:29:08","0","0","esri_tappop_cat_name","S",,"0",
"esri_zip","11","esri","zip_code","zip_code","ESRI Zip Code","",,"ESRI Demographics","1","0",,"1","0","0","0","","`esri`.`zip_name`","esri.zip","DISTINCT Zip_Name, zip_code Zip_Code, State","zip_name,zip_code",,"Zip_Code","`esri_zip`","Zip_Name",,"9/5/2025 11:47:50",,"0","zip_code","S",,"0",
"esri_zip_census_cat_code",,"esri_zip_census_cat","esri_zip_census_cat_code","esri_zip_census_cat_code","ESRI Census",,,"ESRI Demographics","0","0",,"0","0","0","0",,"esri_zip_census_cat.esri_zip_census_cat_name","esri.esri_zip_census_cat","esri_zip_census_cat_code, esri_zip_census_cat_name ESRI_Zip_Census_Cat_Name, esri_zip_census_cat_type_major ESRI_Zip_Census_Cat_Type_Major, esri_zip_census_cat_type_minor ESRI_Zip_Census_Cat_Type_Minor, esri_zip_census_cat_num_type ESRI_Zip_Census_Cat_Num_Type","esri_zip_census_cat_code,esri_zip_census_cat_name,esri_zip_census_cat_type_major,esri_zip_census_cat_type_minor,esri_zip_census_cat_num_type",,"esri_zip_census_cat_code",,"ESRI_Zip_Census_Cat_Name","esri_zip_census_cat_code","9/5/2025 11:46:18",,"0","esri_zip_census_cat_name","S",,"0",
"esri_zip_census_cat_name",,"esri_zip_census_cat","esri_zip_census_cat_code","esri_zip_census_cat_name","ESRI Census",,,"ESRI Demographics","1","0",,"1","0","0","1",,"esri_zip_census_cat.esri_zip_census_cat_name","esri.esri_zip_census_cat","esri_zip_census_cat_code, esri_zip_census_cat_name ESRI_Zip_Census_Cat_Name, esri_zip_census_cat_type_major ESRI_Zip_Census_Cat_Type_Major, esri_zip_census_cat_type_minor ESRI_Zip_Census_Cat_Type_Minor, esri_zip_census_cat_num_type ESRI_Zip_Census_Cat_Num_Type","esri_zip_census_cat_code,esri_zip_census_cat_name,esri_zip_census_cat_type_major,esri_zip_census_cat_type_minor,esri_zip_census_cat_num_type",,"esri_zip_census_cat_code","`esri_zip_census_cat_code`","ESRI_Zip_Census_Cat_Name","esri_zip_census_cat_code","9/5/2025 11:46:18",,"0","esri_zip_census_cat_name","S",,"0",
"esri_zip_census_value",,"esri_zip_census","esri_zip_census.esri_zip_census_value","CAST(sum(esri_zip_census.esri_zip_census_value) AS DOUBLE(22,5))","ESRI Census Value",,"n2","ESRI Demographics","0","1",,"0","0","0","0",,,,,,,,,,,"9/5/2025 11:46:18",,"0","esri_zip_census_value","S",,"0",
"esri_zip_code",,"esri_zip_pop","zip_code","zip_code","ESRI Zip Pop","",,"ESRI Demographics","1","0",,"1","0","0","0","","`esri_zip_pop`.`zip_code`","esri.zip","zip_code Zip_Code, zip_name Zip_Name, City, county_name County_Name, State, cbsa_name CBSA, zip_class Zip_Class, zip_demo_base_name Zip_Demo_Base_Name","zip_name,zip_code",,"Zip_Code","`esri_zip_code`","Zip_Name","","9/5/2025 11:46:18",,"0","zip_code","S",,"0",
"esri_zip_demo_base_name","14","esri","zip_demo_base_name","zip_demo_base_name","ESRI Zip Base",,,"ESRI Demographics","0","0",,"0","0","0","0",,"esri.zip_demo_base_name","{statedb}.zip",,,,,,,,"26/8/2025 08:06:54","10","0","zip_demo_base_name","S",,"0",
"esri_zip_pop_cbsa_name",,"{table}","cbsa_name","cbsa_name","ESRI CBSA",,,"ESRI Demographics","1","0",,"0","0","0","1",,"`esri`.`cbsa_name`",,,,,"cbsa_name",,,,"26/8/2025 09:29:40",,"1","cbsa_name","S",,"0",
"esri_zip_pop_demo_base_name",,"esri_zip_pop","esri_zip_pop.zip_demo_base_name","zip_demo_base_name","ESRI Zip Base Name",,,"ESRI Demographics","1","0",,"0","0","0","0",,"esri_zip_pop.zip_demo_base_name","esri.esri_zip_pop",,,,,,,,"9/5/2025 11:47:37",,"0","zip_demo_base_name","S",,"0",
"esri_zip_projection_cat_code",,"esri_zip_projection_cat","esri_zip_projection_cat_code","esri_zip_projection_cat_code","ESRI Projection Category Code",,,"(N/A)","0","0",,"0","0","0","0",,"`esri_zip_projection_cat`.`esri_zip_projection_cat_code`",,,,,,,,,"11/6/2025 13:50:10",,"0","esri_zip_projection_cat_code","S",,"0",
"esri_zip_projection_cat_name",,"esri_zip_projection_cat","esri_zip_projection_cat_code","esri_zip_projection_cat_name","ESRI Projection",,,"ESRI Demographics","1","0",,"1","0","0","1",,"`esri_zip_projection_cat`.`esri_zip_projection_cat_name`","esri.esri_zip_projection_cat","esri_zip_projection_cat_code, esri_zip_projection_cat_name ESRI_Zip_Projection_Cat_Name, esri_zip_projection_cat_type_major ESRI_Zip_Projection_Cat_Type_Major, esri_zip_projection_cat_type_minor ESRI_Zip_Projection_Cat_Type_Minor, esri_zip_projection_cat_num_type ESRI_Zip_Projection_Cat_Num_Type","esri_zip_projection_cat_code,esri_zip_projection_cat_name,esri_zip_projection_cat_type_major,esri_zip_projection_cat_type_minor,esri_zip_projection_cat_num_type",,"esri_zip_projection_cat_code","`esri_zip_projection_cat_code`","ESRI_Zip_Projection_Cat_Name","esri_zip_projection_cat_code","9/5/2025 11:46:18",,"0","esri_zip_projection_cat_name","S",,"0",
"esri_zip_projection_cat_name2",,"esri_zip_projection_catx","esri_zip_projection_cat_code","esri_zip_projection_cat_name","ESRI Projection Category (Testing)",,,"ESRI Demographics","0","0",,"0","0","0","0",,,"esri.esri_zip_projection_cat","esri_zip_projection_cat_code,esri_zip_projection_cat_name ESRI_Zip_Projection_Cat_Name","esri_zip_projection_cat_name,,",,"esri_zip_projection_cat_code",,"ESRI_Description","esri_zip_projection_cat_code","11/6/2025 13:14:37",,"0","esri_zip_projection_cat_name","S",,"0",
"esri_zip_projection_value",,"esri_zip_projection","esri_zip_projection.esri_zip_projection_value","sum(esri_zip_projection.esri_zip_projection_value)","ESRI Projection Value",,"n2","ESRI Demographics","0","1",,"0","0","0","0",,,,,,,,,,,"9/5/2025 11:46:14",,"0","esri_zip_projection_value","S",,"0",
"ethnicity",,"ethnicity","ethnicity_code","ethnicity_code","Ethnicity Code",,,"Patient","0","0",,"0","1","0","0",,,,,,,,,,,"31/10/2025 14:11:34","17","0","ethnicity_code","BIO",,"0",
"ethnicity_name","6","ethnicity","ethnicity_name","ethnicity_name","Ethnicity","The ethnicity listed on an inpatient discharge case (not provided for all datasets)",,"Patient","1","0",,"1","0","0","1",,"ethnicity.ethnicity_code","{statedb}.ethnicity","ethnicity_code Ethnicity_Code,ethnicity_name Ethnicity_Name",",ethnicity_name",,"Ethnicity_Code","`ethnicity`","Ethnicity_Name","Ethnicity_Code","6/1/2026 13:31:21","17","0","ethnicity_name","BIO",,"0",
"facility_address","3","provider_facility_npi","street","street","Provider Facility Address","Claim-level NPI address for the Provider Facility provided on the inbound Institutional claim.",,"Provider Facility","1","0",,"0","0","0","1","","facility_address","{statedb}.provider_facility_npi","distinct provider_facility_npi_name Provider_Facility_NPI_Name, street Address","provider_facility_npi_name, street","","","","","","20/3/2025 10:23:09","10","0","provider_facility_npi_code","C",,"0",
"facility_city","4","provider_facility_npi","city","city","Provider Facility City State","Claim-level city and state of the NPI address for the Provider Facility provided on the inbound Institutional claim.",,"Provider Facility","1","0",,"1","0","0","1","provider_facility_npi_code","facility_city","{statedb}.zip","distinct City, State","city,state_abbr",,"City",,,,"20/3/2025 10:23:09","10","0","provider_facility_npi_code","C",,"0",
"facility_county","5","provider_facility_npi","county_name","county_name","Provider Facility County","Claim-level county of the NPI address for the Provider Facility provided on the inbound Institutional claim.",,"Provider Facility","1","0",,"1","0","0","1","provider_facility_npi_code","`provider_facility_npi`.`county_name`","000_common.county","DISTINCT County_Name, state_code State, county_code County_Code","county_name,state,county_code",,"County_Code","`facility_county_code`","County_Name","County_Code","2/12/2025 09:15:44","10","1","provider_facility_npi_code","C",,"0",
"facility_county_code","5","provider_facility_npi","county_code","county_code","Provider Facility County","Claim-level county of the NPI address for the Provider Facility provided on the inbound Institutional claim.",,"Provider Facility","0","0",,"0","0","0","0","provider_facility_npi_code","`provider_facility_npi`.`county_name`","000_common.county","DISTINCT County_Name, state_code State, county_code County_Code","county_name,state,county_code",,"County_Code","`facility_county_code`","County_Name","County_Code","28/10/2025 16:05:05","10","1","provider_facility_npi_code","C",,"0",
"facility_im_specialty_rollup","7","provider_facility_npi","im_specialty_rollup","im_specialty_rollup","Provider Facility IM Specialty Rollup","Claim-level specialty/taxonomy for the Provider Facility provided on the inbound Institutional claim. This is a proprietary roll up of the taxonomy types.",,"Provider Facility","1","0",,"1","0","0","1",,"facility_im_specialty_rollup","{statedb}.provider_facility_npi","distinct im_specialty_rollup IM_Specialty_Rollup","im_specialty_rollup",,"IM_Specialty_Rollup",,,,"20/3/2025 10:23:09","10","0","provider_facility_npi_code","C",,"0",
"facility_lat","8","provider_facility_npi","latitude","latitude","Provider Facility Latitude","Claim-level latitude of the NPI address for the Provider Facility provided on the inbound Institutional claim.",,"Provider Facility","1","0",,"1","0","0","0","provider_facility_npi_code","facility_lat","{statedb}.provider_facility_npi","distinct latitude Latitude","Latitude","","Latitude","`facility_lat`","Latitude",,"20/3/2025 10:23:09","10","0","provider_facility_npi_code","C",,"0",
"facility_long","9","provider_facility_npi","longitude","longitude","Provider Facility Longitude","Claim-level longitude of the NPI address for the Provider Facility provided on the inbound Institutional claim.",,"Provider Facility","1","0",,"1","0","0","0","provider_facility_npi_code","facility_long","{statedb}.provider_facility_npi","distinct longitude Longitude","Longitude",,"Longitude","`facility_long`","Longitude",,"20/3/2025 10:23:09","10","0","provider_facility_npi_code","C",,"0",
"facility_name","1","provider_facility_npi","provider_facility_npi_code","provider_facility_npi_name","Provider Facility","Claim-level name from the NPI Registry for the Provider Facility provided on the inbound Institutional claim.",,"Provider Facility","1","0",,"1","0","0","1","provider_facility_npi_code","facility_name","{statedb}.provider_facility_npi","provider_facility_npi_code Provider_Facility_NPI_Code, provider_facility_npi_name Provider_Facility_NPI_Name, street Address, zip_code Zip_Code, City, county_name County_Name, state_abbr State","provider_facility_npi_code,provider_facility_npi_name,facility_zip_code,facility_city,facility_county,",,"Provider_Facility_NPI_Code","`provider_facility_npi_code`","Provider_Facility_NPI_Name","Provider_Facility_NPI_Code","20/3/2025 10:23:09","10","1","provider_facility_npi_code","C",,"0",
"facility_npi","2","provider_facility_npi","provider_facility_npi_code","provider_facility_npi_code","Provider Facility NPI","Claim-level NPI number for the Provider Facility provided on the inbound Institutional claim.",,"Provider Facility","1","0",,"1","0","0","1","provider_facility_npi_code","facility_npi","{statedb}.provider_facility_npi","provider_facility_npi_code Provider_Facility_NPI_Code, provider_facility_npi_name Provider_Facility_NPI_Name, street Address, zip_code Zip_Code, City, county_name County_Name, state_abbr State","provider_facility_npi_code,provider_facility_npi_name,,facility_zip_code,facility_city,facility_county,",,"Provider_Facility_NPI_Code","`provider_facility_npi_code`","Provider_Facility_NPI_Name","Provider_Facility_NPI_Code","20/3/2025 10:23:09","10","0","provider_facility_npi_code","C",,"0",
"facility_npi_spec_grp_code","12","provider_facility_npi","npi_spec_grp_code","npi_spec_grp_code","Provider Facility NPI Specialty Group","Claim-level NPI specialty group for the Provider Facility provided on the inbound Institutional claim.",,"Provider Facility","0","0",,"0","0","0","0",,"facility_npi_spec_grp_name","{statedb}.provider_facility_npi","distinct npi_spec_grp_name NPI_Specialty_Group_Name, npi_spec_grp_code NPI_Spec_Grp_Code","npi_spec_grp_name,npi_spec_grp_code",,"NPI_Spec_Grp_Code","`facility_npi_spec_grp_code`","NPI_Specialty_Group_Name",,"20/3/2025 10:23:09","10","0","provider_facility_npi_code","C",,"0",
"facility_npi_spec_grp_name","12","provider_facility_npi","npi_spec_grp_name","npi_spec_grp_name","Provider Facility NPI Specialty Group","Claim-level NPI specialty group for the Provider Facility provided on the inbound Institutional claim.",,"Provider Facility","1","0",,"1","0","0","1",,"facility_npi_spec_grp_name","{statedb}.provider_facility_npi","distinct npi_spec_grp_name NPI_Specialty_Group_Name, npi_spec_grp_code NPI_Spec_Grp_Code","npi_spec_grp_name,npi_spec_grp_code",,"NPI_Spec_Grp_Code","`facility_npi_spec_grp_code`","NPI_Specialty_Group_Name",,"20/3/2025 10:23:09","10","1","provider_facility_npi_code","C",,"0",
"facility_npi_type","7","npi_type","npi_type","npi_type","Provider Facility Entity Type"," NPI Registry reference; Usage: for selecting claims based on the entity type associated with the Provider Facility's NPI registry information (1 = physicians, 2 = organizations)",,"Provider Facility","1","0",,"1","0","0","1",,,"`000_common`.npi_type","distinct npi_type NPI_Type, npi_type_name NPI_Type_Name","facility_npi_type",,"NPI_Type","`facility_npi_type_code`","NPI_Type",,"14/4/2025 08:28:02","10","1","provider_facility_npi_code","C",,"0",
"facility_npi_type_code","7","provider_facility_npi","npi_type","npi_type","Provider Facility Entity Type",,,"Provider Facility","0","0",,"0","0","0","0",,,"`000_common`.npi_type","distinct npi_type NPI_Type, npi_type_name NPI_Type_Name","facility_npi_type",,"NPI_Type","`facility_npi_type`","NPI_Type",,"19/3/2025 10:27:43","10","0","provider_facility_npi_code","C",,"0",
"facility_taxonomy_cat","3","provider_facility_npi","taxonomy_cat","taxonomy_cat_name","Provider Facility Taxonomy","Claim-level NPI taxonomy for the Provider Facility provided on the inbound Institutional claim.",,"Provider Facility","1","0",,"1","0","0","1","taxonomy_cat","`provider_facility_npi`.`taxonomy_cat_name`","{statedb}.provider_facility_npi","distinct taxonomy_cat_name Taxonomy_Cat_Name, taxonomy_cat Taxonomy_Cat","taxonomy_cat_name",,"Taxonomy_Cat","`facility_taxonomy_cat_code`","Taxonomy_Cat_Name","Taxonomy_Cat","1/12/2025 10:59:53","10","1","provider_facility_npi_code","C",,"0",
"facility_taxonomy_cat_code","3","provider_facility_npi","taxonomy_cat","taxonomy_cat","Provider Facility Taxonomy","Claim-level NPI taxonomy for the Provider Facility provided on the inbound Institutional claim.",,"Provider Facility","0","0",,"0","0","0","0",,,,,,,,,,,"20/3/2025 10:23:09","10","0","provider_facility_npi_code","C",,"0",
"facility_zip_code","6","provider_facility_npi","zip_code","zip_code","Provider Facility Zip","Claim-level zip code of the NPI address for the Provider Facility provided on the inbound Institutional claim.",,"Provider Facility","1","0",,"1","0","0","1","provider_facility_npi_code","facility_zip_code","(SELECT zip_code , zip_name , City , county_name , State, cbsa_name , zip_class , zip_demo_base_name  FROM {statedb}.zip WHERE zip_code_flag = 'Y' )z","zip_code Zip_Code, zip_name Zip_Name, City, county_name County_Name, State, cbsa_name CBSA, zip_class Zip_Class, zip_demo_base_name Zip_Demo_Base_Name","zip_code,,city,county,State,,,",,"Zip_Code","`facility_zip_code`","Zip_Code",,"22/1/2026 11:52:09","10","0","provider_facility_npi_code","C",,"0",
"female_total",,"{table}","gender_code","sum({table}.gender_code = 'F')","Female Total","Percentage of female discharges","n","Patient","0","1",,"0","1","0","0",,,,,,,,,,,"13/2/2026 12:36:40","3","0","gender_code","IOD",,"0",
"gender","7","gender","gender_code","gender_code","Gender","Claim-level gender of a patient on a claim",,"Patient","0","0",,"0","0","0","0",,"gender.gender_code","000_common.gender","gender_code Gender_Code, gender_name Gender_Name","gender_code,gender_name",,"Gender_Code","`gender`","Gender_Name",,"3/11/2025 16:08:04","17","0","gender_code","BIOD",,"0",
"gender_code",,"covered_lives","gender_code","gender_code","Gender","Claim-level gender of a patient on a claim",,"Covered Lives","1","0",,"1","0","0","0",,,,,,,,,,,"13/6/2025 07:42:44","40","0","gender_code","L",,"0",
"gender_name","7","gender","gender_name","gender_name","Gender","Gender of a patient on a discharge case",,"Patient","1","0",,"1","0","0","0",,"gender.gender_code","000_common.gender","gender_code Gender_Code, gender_name Gender_Name","gender_code,gender_name",,"Gender_Code","`gender`","Gender_Name",,"8/12/2025 08:33:25","17","0","gender_name","BIOD",,"0",
"hospital",,"hospital","hospital_code","hospital_code","Facility Code",,,"Provider","1","0",,"0","0","0","1",,,"{statedb}.hospital h INNER JOIN {statedb}.hospital_type ON(h.hospital_type_code = {statedb}.hospital_type.hospital_type_code) INNER JOIN {statedb}.cbsa ON (h.cbsa = {statedb}.cbsa.cbsa_code) INNER JOIN {statedb}.hospital_flag ON ({statedb}.hospital_flag.hospital_code = h.hospital_code and ({statedb}.hospital_flag.ip + {statedb}.hospital_flag.op*2 + {statedb}.hospital_flag.ed*4) = {Papptype} )","distinct h.hospital_name Facility_Name, h.bed_count Beds, hospital_type_name Facility_Type_Name, h.Street Street, h.City City, h.county_name County_Name, h.state_code State, h.Zip_Code Zip_Code, cbsa_name CBSA, hospital_system_name Facility_System_Name, h.medprovnumber Med_Provider_Num, h.hospital_code Hospital_Code","hospital_name,bed_count,hospital_type_name,street,city,facility_county,state,zip_code,cbsa_name,facility_system_name,medprovnumber,hospital_code",,"Hospital_Code","`hospital`","Hospital_Code","hospital_code","17/2/2026 15:44:46","150","0","hospital_code","IOD",,"0",
"hospital_cbsa_code",,"hospital_zip","cbsa_code","cbsa_code","Facility CBSA Code",,,"Provider","0","0",,"0","1","0","0",,,,,,,,"`hospital_cbsa_code`",,,"4/11/2025 10:46:48","150","0","hospital_code","IOD",,"0",
"hospital_cbsa_name",,"hospital_zip","cbsa_name","cbsa_name","Facility CBSA","The CBSA associated with the facility address on the discharge case",,"Provider","1","0",,"1","0","0","0","","hospital_zip.cbsa_code","{statedb}.zip","distinct cbsa_code CBSA_Code,cbsa_name CBSA, State",",hospital_cbsa_name",,"CBSA_Code","`hospital_cbsa_code`","CBSA","CBSA_Code","6/1/2026 13:59:14","150","1","hospital_code","IOD",,"0",
"hospital_charge_index",,"hospital_procd_all","st_total_charges","round(sum({table}.charge)/sum(hospital_procd_all.total_charges/hospital_procd_all.total_cases),4)","Hospital Charge Index","A measure of change in charges for a hospital where the average index is 1.00","n2","Activity","0","1",,"0","0","0","0",,,,,,,,,,,"8/12/2025 08:33:25",,"0","hospital_code","O",,"0",
"hospital_city",,"hospital","city","city","Facility City","The city of the facility address on the discharge case",,"Provider","1","0",,"0","0","0","1",,,,,,,,,,,"8/12/2025 08:33:25","150","0","hospital_code","IOD",,"0",
"hospital_county",,"hospital_county","county_name","county_name","Facility County","The county of the facility address on the discharge case",,"Provider","1","0",,"0","0","0","1",,"hospital.county_code","000_common.county","County_Name, State_Code, County_Code",,,,,"County_Name","County_Code","8/12/2025 08:33:25","150","0","hospital_code","IOD",,"0",
"hospital_name",,"hospital","hospital_name","hospital_name","Facility","The facility on the discharge case",,"Provider","1","0",,"1","0","0","1",,"hospital.hospital_code","{statedb}.hospital h INNER JOIN {statedb}.hospital_type ON (h.hospital_type_code = {statedb}.hospital_type.hospital_type_code) INNER JOIN {statedb}.cbsa ON (h.cbsa = {statedb}.cbsa.cbsa_code) INNER JOIN {statedb}.hospital_flag ON ({statedb}.hospital_flag.hospital_code = h.hospital_code and ( ({statedb}.hospital_flag.ip = {Papptype}) + ({statedb}.hospital_flag.op*2 = {Papptype}) + ({statedb}.hospital_flag.ed*4 = {Papptype}) ) ) ","distinct h.hospital_name Facility_Name, h.bed_count Beds, hospital_type_name Facility_Type_Name, h.Street Street, h.City City, h.county_name County_Name, h.state_code State, h.Zip_Code Zip_Code, cbsa_name CBSA, hospital_system_name Facility_System_Name, h.medprovnumber Med_Provider_Num, h.hospital_code Hospital_Code","hospital_name,bed_count,hospital_type_name,street,city,facility_county,state,zip_code,cbsa_name,facility_system_name,medprovnumber,hospital_code","","Hospital_Code","`hospital`","Facility_Name","hospital_code","17/2/2026 15:44:41","150","1","hospital_code","IOD","hospital_code","0",
"hospital_state",,"hospital","state_code","state_code","Facility State","The state of the facility address on the discharge case",,"Provider","1","0",,"0","0","0","1",,,,,,,,,,,"8/12/2025 08:33:25","150","0","hospital_code","IOD",,"0",
"hospital_street",,"hospital","street","street","Facility Address","The address of the facility on the discharge case",,"Provider","1","0",,"0","0","0","1",,,"{statedb}.hospital",,,,,,,,"8/12/2025 08:33:25","150","0","hospital_code","IOD",,"0",
"hospital_system_code",,"hospital","hospital_system_code","hospital_system_code","Facility System Code",,,"Provider","0","0",,"0","1","0","0",,,,,,,"hospital_system_code",,,,"11/2/2026 10:34:44","150","0","hospital_code","IOD",,"0",
"hospital_system_name",,"hospital","hospital_system_name","hospital_system_name","Facility System","The system rollup associated with the facilty on the discharge case",,"Provider","1","0",,"1","0","0","1",,"hospital_system_code","{statedb}.hospital_system","hospital_system_name Facility_System_Name,hospital_system_code Facility_System_Code","hospital_system_name,",,"Facility_System_Code","`hospital_system_code`","Facility_System_Name","hospital_code","17/2/2026 15:21:55","150","0","hospital_code","IOD",,"0",
"hospital_type_code",,"hospital","hospital_type_code","hospital_type_code","Facility Type",,,"Provider","0","0",,"1","0","0","0",,,"{statedb}.hospital_type","Hospital_Type_Code,Hospital_Type_Name","hospital_type_name",,"Hospital_Type_Code","`hospital_type_code`","Hospital_Type_Name","Hospital_Type_Code","6/1/2026 13:57:34","150","0","hospital_code","IOD",,"0",
"hospital_type_name",,"hospital_type","hospital_type_name","hospital_type_name","Facility Type","The type of the facility associated on the discharge case",,"Provider","1","0",,"0","0","0","0",,"hospital_type_code",,,,,,,,,"8/12/2025 08:33:25","150","0","hospital_code","IOD",,"0",
"hospital_zip_code",,"hospital","zip_code","zip_code","Facility Zip Code","The zip code of the facility address on the discharge case",,"Provider","1","0",,"1","0","0","1",,,"(SELECT zip_code , zip_name , City , county_name , State, cbsa_name , zip_class , zip_demo_base_name  FROM {statedb}.zip WHERE zip_code_flag = 'Y' )z","zip_code Zip_Code, zip_name Zip_Name, City, county_name County_Name, State, cbsa_name CBSA, zip_class Zip_Class, zip_demo_base_name Zip_Demo_Base_Name","hospital_zip_code,,hospital_city,hospital_county,hospital_state,hospital_cbsa_name,,hospital_zip_demo_base_name",,"Zip_Code","`hospital_zip_code`","Zip_Code",,"22/1/2026 11:52:09","150","0","hospital_code","IOD",,"0",
"i_cmi_aprdrg",,"hospital_aprdrg_all","relative_weight","round(sum( hospital_aprdrg_all.relative_weight )/count( inpatient.case_id),4)","I-CMI (APR-DRG)",,"n2","APR-DRG","0","1",,"0","0","0","0",,,,,,,,,,,"8/12/2025 13:59:37",,"0","relative_weight","A",,"1","{table}-utilization-cmi-aprdrg"
"i_cmi_msdrg",,"hospital_msdrg_all","relative_weight","round(sum( hospital_msdrg_all.relative_weight )/count( inpatient.case_id),4)","I-CMI (MS-DRG)","Intellimed adjusted Case Mix Index uses a proprietary resource allocation calulation based on true averages of relative MS-DRG weights","n2","MS-DRG","0","1",,"0","0","0","0",,,,,,,,,,,"8/12/2025 13:59:37",,"0","relative_weight","I",,"1","{table}-utilization-cmi-msdrg"
"implied_affiliation_dba_code",,"implied_referring_physician","affiliation_code","affiliation_code","Explicit+Implicit Referring Physician DBA",,,"Referring Physician - Explicit+Implicit","0","0",,"0","0","0","0",,,,,,,,,,,"19/3/2025 10:39:33","6","1","implied_referring_physician_code","C",,"0",
"implied_affiliation_dba_name",,"implied_referring_physician","affiliation_name","affiliation_name","Explicit+Implicit Referring Physician IM Group Practice","The group practice name associated with the physician’s most recent group practice affiliation, based on a proprietary methodology for group practice affiliation.",,"Referring Physician - Explicit+Implicit","1","0",,"1","0","0","1",,"`implied_referring_physician`.`affiliation_dba_name`","`{statedb}`.affiliation","affiliation_dba_name IM_Group_Practice, affiliation_code","affiliation_dba_name, ",,"affiliation_code","`implied_affiliation_dba_code`","IM_Group_Practice","affiliation_code","14/11/2025 10:03:23","6","1","implied_referring_physician_code","C",,"0",
"implied_all_only_shared_pat","5","{table}","implied_all_referring_physician_code","count(distinct case when implied_referring_physician_code <=4 and implied_all_referring_physician_code > 4 then pat_id else null end)","Prior Encounter Only Shared Patients","Count of Patients with Only Prior Encounters","n0","Referrals","0","0",,"0","1","0","0",,,,,,,,,,,"19/3/2025 10:49:09","11","0","implied_all_referring_physician_code","B",,"0",
"implied_all_referral_count",,"{table}","implied_all_referring_physician_code","count(distinct case when {table}.implied_all_referring_physician_code <=4 then null else {table}.case_id end)","Explicit+Implicit+Prior Referral Claim Count","Claim-level number of claims with an explicit+implicit+prior encounter referring physician.","n0","Referrals","0","1",,"0","0","0","0",,,,,,,,,,,"28/8/2025 10:17:26","11","0","implied_all_referring_physician_code","B",,"0",
"implied_all_referral_time",,"{table}","implied_all_referring_days","cast(avg(1.0 * {table}.implied_all_referring_days) as decimal(4,1))","Average Implied+Prior Referral Days","Average Time Between Visits in Days","n2","Referrals","0","1",,"0","1","0","0",,,,,,,,,,,"28/8/2025 10:18:05","11","0","implied_all_referring_physician_code","B",,"0",
"implied_all_referring_address",,"implied_all_referring_physician","street","street","Explicit+Implicit+Prior Referring Physician Address"," NPI Registry reference; Usage: for selecting claims based on the street address associated with the prior encounter entity's NPI registry information",,"Referring Physician - Explicit+Implicit+Prior","1","0",,"0","0","0","1","implied_all_referring_physician_code",,,,,,"street",,,,"20/3/2025 10:29:50","7","0","implied_all_referring_physician_code","C",,"0",
"implied_all_referring_affiliation_dba_code",,"implied_all_referring_physician","affiliation_dba_name","affiliation_dba_name","Explicit+Implicit+Prior Referring Physician DBA",,,"Referring Physician - Explicit+Implicit+Prior","0","0",,"0","0","0","0",,,,,,,,,,,"19/3/2025 10:40:15","7","0","implied_all_referring_physician_code","C",,"0",
"implied_all_referring_affiliation_dba_name",,"implied_all_referring_physician","affiliation_dba_name","affiliation_dba_name","Explicit+Implicit+Prior Referring Physician  IM Group Practice","Claim-level group practice name associated with the physician’s most recent group practice affiliation, based on a proprietary methodology for group practice affiliation.",,"Referring Physician - Explicit+Implicit+Prior","1","0",,"1","0","0","1","implied_all_referring_physician_code","`implied_all_referring_physician`.`affiliation_dba_name`","`{statedb}`.affiliation","affiliation_dba_name IM_Group_Practice, affiliation_code","affiliation_dba_name, ",,"affiliation_code","`implied_all_referring_affiliaton_dba_code`","IM_Group_Practice","affiliation_code","25/4/2025 13:30:56","7","1","implied_all_referring_physician_code","C",,"0",
"implied_all_referring_city",,"implied_all_referring_physician","city","city","Explicit+Implicit+Prior Referring Physician City State"," NPI Registry reference; Usage: for selecting claims based on the city and state associated with the prior encounter entity's NPI registry information",,"Referring Physician - Explicit+Implicit+Prior","1","0",,"1","0","0","1","implied_all_referring_physician_code",,"{statedb}.zip","distinct City, State","implied_all_referring_city","physician","City",,,,"20/3/2025 10:29:50","7","0","implied_all_referring_physician_code","C",,"0",
"implied_all_referring_count",,"{table}","implied_all_referring_physician_code","count(distinct case when {table}.implied_all_referring_physician_code <=4 then null else {table}.implied_all_referring_physician_code end)","Explicit+Implicit+Prior Referral Physician Count","Claim-level number of unique explicit+implicit+prior encounter referring physicians.","n0","Referrals","0","1",,"0","0","0","0",,,,,,,,,,,"28/8/2025 10:17:34","11","0","implied_all_referring_physician_code","B",,"0",
"implied_all_referring_county",,"implied_all_referring_physician","county_code","county_name","Explicit+Implicit+Prior Referring Physician County"," NPI Registry reference; Usage: for selecting claims based on the county associated with the prior encounter entity's NPI registry information",,"Referring Physician - Explicit+Implicit+Prior","1","0",,"1","0","0","1","implied_all_referring_physician_code","`implied_all_referring_physician`.`county_name`","000_common.county","County_Name, State_Code, County_Code","implied_all_referring_county",,"County_Code","`implied_all_referring_county`","County_Name","County_Code","2/12/2025 08:47:06","7","1","implied_all_referring_physician_code","C",,"0",
"implied_all_referring_county_code",,"implied_all_referring_physician","county_code","county_code","Explicit+Implicit+Prior Referring Physician County"," NPI Registry reference; Usage: for selecting claims based on the county associated with the prior encounter entity's NPI registry information",,"Referring Physician - Explicit+Implicit+Prior","0","0",,"0","0","0","0","implied_all_referring_physician_code","`implied_all_referring_physician`.`county_name`","000_common.county","County_Name, State_Code, County_Code","implied_all_referring_county",,"County_Code","`implied_all_referring_county_code`","County_Name","County_Code","28/10/2025 15:54:06","7","1","implied_all_referring_physician_code","C",,"0",
"implied_all_referring_days",,"{table}","implied_all_referring_days","implied_all_referring_days","Explicit+Implicit+Prior Referring Physician Days","Claim-level number of days between when a patient had a visit with a referring physician and the rendering physician","n0","Referring Physician - Explicit+Implicit+Prior","1","0",,"1","0","0","0",,,"seq_0_to_90","seq Days","referral_time",,"Days",,,,"23/4/2025 12:16:28","7","0","implied_all_referring_physician_code","C",,"0",
"implied_all_referring_degree",,"implied_all_referring_physician","degree_abbr","degree_name","Explicit+Implicit+Prior Referring Physician Degree"," NPI Registry reference; Usage: for selecting claims based on the degree associated with the prior encounter entity's NPI registry information",,"Referring Physician - Explicit+Implicit+Prior","1","0",,"1","0","0","1","implied_all_referring_physician_code",,"000_common.physician_degree","Degree_Abbr, Degree_Name, degree_code","implied_all_referring_degree",,"Degree_Abbr","`implied_all_referring_degree_code`",,"degree_code","2/12/2025 08:38:42","7","0","implied_all_referring_physician_code","C",,"0",
"implied_all_referring_degree_code",,"implied_all_referring_physician","degree_abbr","degree_abbr","Explicit+Implicit+Prior Referring Physician Degree"," NPI Registry reference; Usage: for selecting claims based on the degree associated with the prior encounter entity's NPI registry information",,"Referring Physician - Explicit+Implicit+Prior","0","0",,"0","0","0","0","implied_all_referring_physician_code",,"000_common.physician_degree","Degree_Abbr, Degree_Name, degree_code","implied_all_referring_degree",,"Degree_Abbr","`implied_all_referring_degree_code`",,"degree_code","2/12/2025 08:38:43","7","0","implied_all_referring_physician_code","C",,"0",
"implied_all_referring_group_name",,"implied_all_referring_physician","group_prac_name","group_prac_name","Explicit+Implicit+Prior Referring Physician CMS Group Practice"," NPI group practice feed; Usage: for selecting claims based on the name associated with the prior encounter entity's most recent group practice affiliation",,"Referring Physician - Explicit+Implicit+Prior","1","0",,"1","0","0","1",,"implied_all_referring_group_prac_code","{statedb}.group_prac","group_prac_name CMS_Group_Practice, State, group_prac_code","implied_all_referring_group_name,,",,"group_prac_code","`implied_all_referring_group_prac_code`","CMS_Group_Practice","group_prac_code","20/3/2025 10:29:50","7","1","implied_all_referring_physician_code","C",,"0",
"implied_all_referring_group_prac_code",,"implied_all_referring_physician","group_prac_code","group_prac_code","Prior Case Physician Group Practice",,,"Referrals - Explicit+Implicit+Prior Encounter","0","0",,"0","0","0","0",,,,,,,,,,,"5/8/2026 16:49:43","6","0","implied_all_referring_physician_code","E",,"0",
"implied_all_referring_lat",,"implied_all_referring_physician","latitude","latitude","Explicit+Implicit+Prior Referring Physician Latitude"," NPI Registry reference; Usage: for selecting claims based on the geocoded latitude associated with the prior encounter entity's NPI registry information",,"Referring Physician - Explicit+Implicit+Prior","1","0",,"0","0","0","0","implied_all_referring_physician_code",,,,,,,,,,"20/3/2025 10:29:50","7","0","implied_all_referring_physician_code","C",,"0",
"implied_all_referring_long",,"implied_all_referring_physician","longitude","longitude","Explicit+Implicit+Prior Referring Physician Longitude"," NPI Registry reference; Usage: for selecting claims based on the geocoded longitude associated with the prior encounter entity's NPI registry information",,"Referring Physician - Explicit+Implicit+Prior","1","0",,"0","0","0","0","implied_all_referring_physician_code",,,,,,,,,,"20/3/2025 10:29:50","7","0","implied_all_referring_physician_code","C",,"0",
"implied_all_referring_name",,"implied_all_referring_physician","physician_name","physician_name","Explicit+Implicit+Prior Referring Physician","Claim-level name of the physician who had a claim prior to the patient's visit with the rendering physician for a unique patient",,"Referring Physician - Explicit+Implicit+Prior","1","0",,"1","0","0","1",,"implied_all_referring_physician_code","{statedb}.physician","physician_code NPI, physician_name Physician_Name, Last_Name, First_Name, specialty_grp_name Intellimed_Specialty, npi_spec_grp_name NPI_Specialty, degree_abbr Degree, group_prac_name Group_Practice, Affiliation_DBA_Name, street Address, zip_code Zip, city City, county_name County, state_abbr State","implied_all_referring_physician_code,implied_all_referring_name,,,,implied_all_referring_npi_spec_grp_name,implied_all_referring_degree,implied_all_referring_group_name,implied_all_referring_zip_code,implied_all_referring_city,implied_all_referring_county,","claim=1","NPI","`implied_all_referring_physician_code`","Physician_Name","physician_code","11/2/2026 16:34:10","7","1","implied_all_referring_physician_code","C","physician_code","0",
"implied_all_referring_npi_spec_grp_code",,"implied_all_referring_physician","npi_spec_grp_code","npi_spec_grp_code","",,,"Referrals - Explicit+Implicit+Prior Encounter","0","0",,"0","0","0","0",,,,,,,,,,,"9/10/2025 08:57:40","6","0","implied_all_referring_physician_code","C",,"0",
"implied_all_referring_npi_spec_grp_name",,"implied_all_referring_physician","npi_spec_grp_name","npi_spec_grp_name","Explicit+Implicit+Prior Referring Physician NPI Specialty"," NPI Registry reference; Usage: for selecting claims based on the specialty/taxonomy associated with the prior encounter entity's NPI registry information",,"Referring Physician - Explicit+Implicit+Prior","1","0",,"1","0","0","1","implied_all_referring_physician_code","implied_all_referring_npi_spec_grp_code","`000_common`.npi_spec_grp","taxonomy_cat_name Taxonomy_Cat_Name, npi_spec_grp_name NPI_Specialty_Group_Name, npi_spec_grp_code"," ,implied_all_referring_npi_spec_grp_name, ",,"npi_spec_grp_code","`implied_all_referring_npi_spec_grp_code`","NPI_Specialty_Group_Name","npi_spec_grp_code","20/3/2025 10:29:50","7","1","implied_all_referring_physician_code","C",,"0",
"implied_all_referring_npi_type",,"implied_all_referring_physician","npi_type_name","npi_type_name","Explicit+Implicit+Prior Referring Physician Entity Type"," NPI Registry reference; Usage: for selecting claims based on the entity type associated with the prior encounter entity's NPI registry information (1 = physicians, 2 = organizations)",,"Referring Physician - Explicit+Implicit+Prior","1","0",,"1","0","0","1",,,"`000_common`.npi_type","npi_type NPI_Type, npi_type_name NPI_Type_Name","implied_all_referring_npi_type",,"NPI_Type","`implied_all_referring_npi_type_code`","NPI_Type_Name",,"11/2/2026 16:28:12","7","1","implied_all_referring_physician_code","C",,"0",
"implied_all_referring_npi_type_code",,"implied_all_referring_physician","npi_type","npi_type","Explicit+Implicit+Prior Referring Physician Entity Type",,,"Referring Physician - Explicit+Implicit+Prior","0","0",,"0","0","0","0",,,"`000_common`.npi_type","npi_type NPI_Type, npi_type_name NPI_Type_Name","implied_all_referring_npi_type",,"NPI_Type","`implied_all_referring_npi_type`",,,"11/2/2026 16:27:59","7","0","implied_all_referring_physician_code","C",,"0",
"implied_all_referring_phone",,"implied_all_referring_physician","phone_number","phone_number","Explicit+Implicit+Prior Referring Physician Phone"," NPI Registry reference; Usage: for selecting claims based on the phone associated with the prior encounter entity's NPI registry information",,"Referring Physician - Explicit+Implicit+Prior","1","0",,"0","0","0","1","implied_all_referring_physician_code",,,,,,,,,,"20/3/2025 10:29:50","7","0","implied_all_referring_physician_code","C",,"0",
"implied_all_referring_physician_code",,"{table}","implied_all_referring_physician_code","implied_all_referring_physician_code","Explicit+Implicit+Prior Referring Physician NPI"," Claims data; Usage: for selecting claims based on the referring NPI number provided on the claim",,"Referring Physician - Explicit+Implicit+Prior","1","0",,"1","0","0","1",,,"{statedb}.physician","physician_code NPI, physician_name Physician_Name, Last_Name, First_Name, specialty_grp_name Intellimed_Specialty, npi_spec_grp_name NPI_Specialty, degree_abbr Degree, group_prac_name Group_Practice, street Address, zip_code Zip, city City, county_name County, state_abbr State","implied_all_referring_physician_code,implied_all_referring_name,,,,implied_all_referring_npi_spec_grp_name,implied_all_referring_degree,implied_all_referring_group_name,implied_all_referring_zip_code,implied_all_referring_city,implied_all_referring_county,","claim=1","NPI","`implied_all_referring_physician_code`","NPI","physician_code","11/2/2026 16:35:19","7","0","implied_all_referring_physician_code","C",,"0",
"implied_all_referring_zip_code",,"implied_all_referring_physician","zip_code","zip_code","Explicit+Implicit+Prior Referring Physician Zip"," NPI Registry reference; Usage: for selecting claims based on the address associated with the prior encounter entity's NPI registry information",,"Referring Physician - Explicit+Implicit+Prior","1","0",,"1","0","0","1","implied_all_referring_physician_code",,"(SELECT zip_code , zip_name , City , county_name , State, cbsa_name , zip_class , zip_demo_base_name  FROM {statedb}.zip WHERE zip_code_flag = 'Y' )z","zip_code Zip_Code, zip_name Zip_Name, City, county_name County_Name, State, cbsa_name CBSA, zip_class Zip_Class, zip_demo_base_name Zip_Demo_Base_Name","implied_all_referring_zip_code,,implied_all_referring_city,implied_all_referring_county,,,",,"Zip_Code","`implied_all_referring_zip_code`","Zip_Code",,"22/1/2026 11:52:09","7","0","implied_all_referring_physician_code","C",,"0",
"implied_all_shared_pat",,"{table}","implied_all_referring_physician_code","count(distinct case when {table}.implied_all_referring_physician_code <=4 then null else {table}.pat_id end)","Explicit+Implicit+Prior Referral Shared Patients","Claim-level count of unique shared patients between rendering and an explicit+implicit+prior encounter referring physician.","n0","Referrals","0","1",,"0","0","0","0",,,,,,,,,,,"28/8/2025 10:18:40","11","0","implied_all_referring_physician_code","B",,"0",
"implied_all_taxonomy_cat",,"implied_all_referring_physician","taxonomy_cat","taxonomy_cat_name","Explicit+Implicit+Prior Referring Physician Taxonomy","Claim-level taxonomy from the NPI registry of the physician who had a claim prior to the patient's visit with the rendering physician for a unique patient, not limited by specialty.",,"Referring Physician - Explicit+Implicit+Prior","1","0",,"1","0","0","1",,"`implied_all_referring_physician`.`taxonomy_cat_name`","`000_common`.npi_spec_grp","distinct taxonomy_cat_name Taxonomy_Cat_Name, taxonomy_cat Taxonomy_Cat","taxonomy_cat_name",,"Taxonomy_Cat","`implied_all_taxonomy_cat_code`","Taxonomy_Cat_Name","Taxonomy_Cat","1/12/2025 11:00:34","7","1","implied_all_referring_physician_code","C",,"0",
"implied_all_taxonomy_cat_code",,"implied_all_referring_physician","taxonomy_cat","taxonomy_cat","Explicit+Implicit+Prior Referring Physician Taxonomy",,,"Referring Physician - Explicit+Implicit+Prior","0","0",,"0","0","0","0",,,,,,,,,,,"19/3/2025 10:40:15","7","0","implied_all_referring_physician_code","C",,"0",
"implied_only_shared_pat","4","{table}","implied_referring_physician_code","count(distinct case when referring_physician_code <=4 and implied_referring_physician_code > 4 then pat_id else null end)","Implied Referral Only Shared Patients","Count of Patients with Only Implied Referrals","n0","Referrals","0","0",,"0","1","0","0",,,,,,,,,,,"19/3/2025 10:49:09","11","0","implied_referring_physician_code","B",,"0",
"implied_referral_count",,"{table}","implied_referring_physician_code","count(distinct case when {table}.implied_referring_physician_code <=4 then null else {table}.case_id end)","Explicit+Implicit Referral Claim Count","Claim-level number of claims with an explicit+implicit referring physician.","n0","Referrals","0","1",,"0","0","0","0",,,,,,,,,,,"28/8/2025 10:17:46","11","0","implied_referring_physician_code","B",,"0",
"implied_referral_time",,"{table}","implied_referring_days","cast(avg(1.0 * {table}.implied_referring_days) as decimal(4,1))","Average Implied Referral Days","Average Time Between Visits in Days","n2","Referrals","0","1",,"0","1","0","0",,,,,,,,,,,"28/8/2025 10:16:34","11","0","implied_referring_physician_code","B",,"0",
"implied_referring_address",,"implied_referring_physician","street","street","Explicit+Implicit Referring Physician Address"," NPI Registry reference; Usage: for selecting claims based on the street address associated with the implied referring physician's NPI registry information",,"Referring Physician - Explicit+Implicit","1","0",,"0","0","0","1","implied_referring_physician_code",,,,,,"street",,,,"20/3/2025 10:29:50","6","0","implied_referring_physician_code","C",,"0",
"implied_referring_affiliation_code",,"implied_referring_physician","affiliation_code","affiliation_code","Implied Referring Physician Affiliation",,,"Referring Physician","0","0",,"0","0","0","0",,,,,,,,,,,"14/3/2025 11:23:11","30","0","implied_referring_physician_code","C",,"0",
"implied_referring_affiliation_dba_code",,"implied_referring_physician","affiliation_dba_name","affiliation_dba_name","Explicit+Implicit Referring Affiliation DBA ",,,"Referring Physician - Explicit+Implicit","0","0",,"0","0","0","0",,,,,,,,,,,"19/3/2025 10:39:33","6","1","implied_referring_physician_code","C",,"0",
"implied_referring_affiliation_dba_name",,"implied_referring_physician","affiliation_dba_name","affiliation_dba_name","Explicit+Implicit Referring IM Group Practice","Claim-level group practice name associated with the physician’s most recent group practice affiliation, based on a proprietary methodology for group practice affiliation of the implied physician who had a claim for a unique patient prior to the patient's visit with the rendering physician, implied referring physician specialty is limited to a select set of specialties.",,"Referring Physician - Explicit+Implicit","0","0",,"0","0","0","0","implied_referring_physician_code","`implied_referring_physician`.`affiliation_dba_name`","`{statedb}`.affiliation","affiliation_dba_name IM_Group_Practice, affiliation_code","affiliation_dba_name, ",,"affiliation_code","implied_referring_affiliation_code`","IM_Group_Practice","affiliation_code","23/4/2025 12:17:00","6","1","implied_referring_physician_code","C",,"0",
"implied_referring_city",,"implied_referring_physician","city","city","Explicit+Implicit Referring Physician City State"," NPI Registry reference; Usage: for selecting claims based on the city and state associated with the implied referring physician's NPI registry information",,"Referring Physician - Explicit+Implicit","1","0",,"1","0","0","1","implied_referring_physician_code",,"{statedb}.zip","distinct City, State","implied_referring_city","physician","City",,,,"20/3/2025 10:29:50","6","0","implied_referring_physician_code","C",,"0",
"implied_referring_count",,"{table}","implied_referring_physician_code","count(distinct case when {table}.implied_referring_physician_code <=4 then null else {table}.implied_referring_physician_code end)","Explicit+Implicit Referral Physician Count","Claim-level number of unique explicit+implicit referring physicians.","n0","Referrals","0","1",,"0","0","0","0",,,,,,,,,,,"28/8/2025 10:17:58","11","0","implied_referring_physician_code","B",,"0",
"implied_referring_county",,"implied_referring_physician","county_code","county_name","Explicit+Implicit Referring Physician County"," NPI Registry reference; Usage: for selecting claims based on the county associated with the implied referring physician's NPI registry information",,"Referring Physician - Explicit+Implicit","1","0",,"1","0","0","1","implied_referring_physician_code","`implied_referring_physician`.`county_name`","000_common.county","County_Name, State_Code, County_Code","implied_referring_county",,"County_Code","`implied_referring_county_code`","County_Name","County_Code","20/4/2026 13:19:57","6","1","implied_referring_physician_code","C",,"0",
"implied_referring_county_code",,"implied_referring_physician","county_code","county_code","Explicit+Implicit Referring Physician County"," NPI Registry reference; Usage: for selecting claims based on the county associated with the implied referring physician's NPI registry information",,"Referring Physician - Explicit+Implicit","0","0",,"0","0","0","0","implied_referring_physician_code","`implied_referring_physician`.`county_name`","000_common.county","County_Name, State_Code, County_Code","implied_referring_county",,"County_Code","`implied_referring_county_code`","County_Name","County_Code","20/4/2026 13:19:59","6","1","implied_referring_physician_code","C",,"0",
"implied_referring_days",,"{table}","implied_referring_days","implied_referring_days","Explicit+Implicit Referring Physician Days","Claim-level number of days between when a patient had a visit with a referring physician and the rendering physician","n0","Referring Physician - Explicit+Implicit","1","0",,"1","0","0","0",,,"seq_0_to_90","seq Days","referral_time",,"Days",,,,"23/4/2025 11:58:29","6","0","implied_referring_physician_code","C",,"0",
"implied_referring_degree",,"implied_referring_physician","degree_abbr","degree_name","Explicit+Implicit Referring Physician Degree"," NPI Registry reference; Usage: for selecting claims based on the degree associated with the implied referring physician's NPI registry information",,"Referring Physician - Explicit+Implicit","1","0",,"1","0","0","0","implied_referring_physician_code",,"000_common.physician_degree","Degree_Abbr, Degree_Name, degree_code","implied_referring_degree",,"Degree_Abbr","`implied_referring_degree_code`",,"degree_code","2/12/2025 08:38:43","6","0","implied_referring_physician_code","C",,"0",
"implied_referring_degree_code",,"implied_referring_physician","degree_abbr","degree_abbr","Explicit+Implicit Referring Physician Degree"," NPI Registry reference; Usage: for selecting claims based on the degree associated with the implied referring physician's NPI registry information",,"Referring Physician - Explicit+Implicit","0","0",,"0","0","0","0","implied_referring_physician_code",,"000_common.physician_degree","Degree_Abbr, Degree_Name, degree_code","implied_referring_degree",,"Degree_Abbr","`implied_referring_degree_code`",,"degree_code","2/12/2025 08:38:44","6","0","implied_referring_physician_code","C",,"0",
"implied_referring_group_name",,"implied_referring_physician","group_prac_name","group_prac_name","Explicit+Implicit Referring Physician CMS Group Practice"," NPI group practice feed; Usage: for selecting claims based on the name associated with the implied referring physician's most recent group practice affiliation (not all claims have a implied referring physician indicated or inferred)",,"Referring Physician - Explicit+Implicit","1","0",,"1","0","0","1",,"implied_referring_group_prac_code","{statedb}.group_prac","group_prac_name CMS_Group_Practice, State, group_prac_code","implied_referring_group_name,,",,"group_prac_code","`implied_referring_group_prac_code`","CMS_Group_Practice","group_prac_code","20/3/2025 10:29:50","6","1","implied_referring_physician_code","C",,"0",
"implied_referring_group_prac_code",,"implied_referring_physician","group_prac_code","group_prac_code","Implicit Referral Physician Group Practice",,,"Referrals - Explicit+Implicit","0","0",,"0","0","0","0",,,,,,,,,,,"14/3/2025 11:21:56","29","0","implied_referring_physician_code","C",,"0",
"implied_referring_lat",,"implied_referring_physician","latitude","latitude","Explicit+Implicit Referring Physician Latitude"," NPI Registry reference; Usage: for selecting claims based on the geocoded latitude associated with the implied referring physician's NPI registry information",,"Referring Physician - Explicit+Implicit","1","0",,"0","0","0","0","implied_referring_physician_code",,,,,,,,,,"20/3/2025 10:29:50","6","0","implied_referring_physician_code","C",,"0",
"implied_referring_long",,"implied_referring_physician","longitude","longitude","Explicit+Implicit Referring Physician Longitude"," NPI Registry reference; Usage: for selecting claims based on the geocoded longitude associated with the implied referring physician's NPI registry information",,"Referring Physician - Explicit+Implicit","1","0",,"0","0","0","0","implied_referring_physician_code",,,,,,,,,,"20/3/2025 10:29:50","6","0","implied_referring_physician_code","C",,"0",
"implied_referring_name",,"implied_referring_physician","physician_name","physician_name","Explicit+Implicit Referring Physician","Claim-level name of the implied physician who had a claim for a unique patient prior to the patient's visit with the rendering physician",,"Referring Physician - Explicit+Implicit","1","0",,"1","0","0","1",,"implied_referring_physician_code","{statedb}.physician","physician_code NPI, physician_name Physician_Name, Last_Name, First_Name, specialty_grp_name Intellimed_Specialty, npi_spec_grp_name NPI_Specialty, degree_abbr Degree, group_prac_name Group_Practice, Affiliation_DBA_Name, street Address, zip_code Zip, city City, county_name County, state_abbr State","implied_referring_physician_code,implied_referring_name,,,,implied_referring_npi_spec_grp_name,implied_referring_degree,implied_referring_group_name,implied_referring_zip_code,implied_referring_city,implied_referring_county,","claim=1","NPI","`implied_referring_physician_code`","Physician_Name","physician_code","11/2/2026 16:31:29","6","1","implied_referring_physician_code","C","physician_code","0",
"implied_referring_npi_spec_grp_code",,"implied_referring_physician","npi_spec_grp_code","npi_spec_grp_code","",,,"Referrals - Explicit+Implicit","0","0",,"0","0","0","0",,,,,,,,,,,"14/3/2025 11:21:56","29","0","implied_referring_physician_code","C",,"0",
"implied_referring_npi_spec_grp_name",,"implied_referring_physician","npi_spec_grp_name","npi_spec_grp_name","Explicit+Implicit Referring Physician NPI Specialty"," NPI Registry reference; Usage: for selecting claims based on the specialty/taxonomy associated with the implied referring physician's NPI registry information",,"Referring Physician - Explicit+Implicit","1","0",,"1","0","0","1","implied_referring_physician_code","implied_referring_npi_spec_grp_code","`000_common`.npi_spec_grp","taxonomy_cat_name Taxonomy_Cat_Name, npi_spec_grp_name NPI_Specialty_Group_Name, npi_spec_grp_code"," ,implied_referring_npi_spec_grp_name, ",,"npi_spec_grp_code","`implied_referring_npi_spec_grp_code`","NPI_Specialty_Group_Name","npi_spec_grp_code","20/3/2025 10:29:50","6","1","implied_referring_physician_code","C",,"0",
"implied_referring_npi_type",,"implied_referring_physician","npi_type_name","npi_type_name","Explicit+Implicit Referring Physician Entity Type"," NPI Registry reference; Usage: for selecting claims based on the entity type associated with the implied referring physician's NPI registry information (1 = physicians, 2 = organizations)",,"Referring Physician - Explicit+Implicit","1","0",,"1","0","0","1",,,"`000_common`.npi_type","npi_type NPI_Type, npi_type_name NPI_Type_Name","implied_referring_npi_type",,"NPI_Type","`implied_referring_npi_type_code`","NPI_Type_Name",,"14/4/2025 08:28:34","6","1","implied_referring_physician_code","C",,"0",
"implied_referring_npi_type_code",,"implied_referring_physician","npi_type","npi_type","Explicit+Implicit Referring Physician Entity Type",,,"Referring Physician - Explicit+Implicit","0","0",,"0","0","0","0",,,"`000_common`.npi_type","npi_type NPI_Type, npi_type_name NPI_Type_Name","implied_referring_npi_type",,"NPI_Type","`implied_referring_npi_type`",,,"19/3/2025 10:39:33","6","0","implied_referring_physician_code","C",,"0",
"implied_referring_phone",,"implied_referring_physician","phone_number","phone_number","Explicit+Implicit Referring Physician Phone"," NPI Registry reference; Usage: for selecting claims based on the phone associated with the implied referring physician's NPI registry information",,"Referring Physician - Explicit+Implicit","1","0",,"0","0","0","1","implied_referring_physician_code",,,,,,,,,,"20/3/2025 10:29:50","6","0","implied_referring_physician_code","C",,"0",
"implied_referring_physician_code",,"{table}","implied_referring_physician_code","implied_referring_physician_code","Explicit+Implicit Referring Physician NPI"," Claims data; Usage: for selecting claims based on the referring NPI number provided on the claim",,"Referring Physician - Explicit+Implicit","1","0",,"1","0","0","1",,,"{statedb}.physician","physician_code NPI, physician_name Physician_Name, Last_Name, First_Name, specialty_grp_name Intellimed_Specialty, npi_spec_grp_name NPI_Specialty, degree_abbr Degree, group_prac_name Group_Practice, street Address, zip_code Zip, city City, county_name County, state_abbr State","implied_referring_physician_code,implied_referring_name,,,,implied_referring_npi_spec_grp_name,implied_referring_degree,implied_referring_group_name,implied_referring_zip_code,implied_referring_city,implied_referring_county,","claim=1","NPI","`implied_referring_physician_code`","NPI","physician_code","11/2/2026 16:32:36","6","0","implied_referring_physician_code","C",,"0",
"implied_referring_zip_code",,"implied_referring_physician","zip_code","zip_code","Explicit+Implicit Referring Physician Zip"," NPI Registry reference; Usage: for selecting claims based on the address associated with the implied referring physician's NPI registry information",,"Referring Physician - Explicit+Implicit","1","0",,"1","0","0","1","implied_referring_physician_code",,"(SELECT zip_code , zip_name , City , county_name , State, cbsa_name , zip_class , zip_demo_base_name  FROM {statedb}.zip WHERE zip_code_flag = 'Y' )z","zip_code Zip_Code, zip_name Zip_Name, City, county_name County_Name, State, cbsa_name CBSA, zip_class Zip_Class, zip_demo_base_name Zip_Demo_Base_Name","implied_referring_zip_code,,implied_referring_city,implied_referring_county,,,",,"Zip_Code","`implied_referring_zip_code`","Zip_Code",,"22/1/2026 11:52:09","6","0","implied_referring_physician_code","C",,"0",
"implied_shared_pat",,"{table}","implied_referring_physician_code","count(distinct case when {table}.implied_referring_physician_code <=4 then null else {table}.pat_id end)","Explicit+Implicit Referral Shared Patients","Claim-level count of unique shared patients between a rendering physician and an explicit+implicit referring physician.","n0","Referrals","0","1",,"0","0","0","0",,,,,,,,,,,"28/8/2025 10:18:28","11","0","implied_referring_physician_code","B",,"0",
"implied_sl_county","8","implied_sl_county","county_code","county_name","Implied Service Location County","Claim-level county of the NPI address for the best choice for where a service was performed on the individual claim for a patient.",,"Implied Service Location","0","0",,"0","0","0","0",,"`implied_sl_county`.`county_name`","000_common.county","DISTINCT County_Name, state_code State, county_code County_Code","county_name,state,county_code","","County_Code","`implied_sl_county`","County_Name","County_Code","2/12/2025 09:07:42","8","1","implied_referring_physician_code","C",,"0",
"implied_sl_county_code","8","implied_sl_county","county_code","county_code","Implied Service Location County","Claim-level county of the NPI address for the best choice for where a service was performed on the individual claim for a patient.",,"Implied Service Location","0","0",,"0","0","0","0",,"`implied_sl_county`.`county_name`","000_common.county","DISTINCT County_Name, state_code State, county_code County_Code","county_name,state,county_code","","County_Code","`implied_sl_county_code`","County_Name","County_Code","28/10/2025 16:05:03","8","1","implied_referring_physician_code","C",,"0",
"implied_taxonomy_cat",,"implied_referring_physician","taxonomy_cat","taxonomy_cat_name","Explicit+Implicit Referring Physician Taxonomy","Claim-level taxonomy from the NPI registry of the implied physician who had a claim for a unique patient prior to the patient's visit with the rendering physician, implied referring physician specialty is limited to a select set of specialties.",,"Referring Physician - Explicit+Implicit","1","0",,"1","0","0","1",,"`implied_referring_physician`.`taxonomy_cat_name`","`000_common`.npi_spec_grp","distinct taxonomy_cat_name Taxonomy_Cat_Name, taxonomy_cat Taxonomy_Cat","taxonomy_cat_name",,"Taxonomy_Cat","implied_taxonomy_cat_code","Taxonomy_Cat_Name","Taxonomy_Cat","1/12/2025 11:01:04","6","1","implied_referring_physician_code","C",,"0",
"implied_taxonomy_cat_code",,"implied_referring_physician","taxonomy_cat","taxonomy_cat","Explicit+Implicit Referring Physician Taxonomy",,,"Referring Physician - Explicit+Implicit","0","0",,"0","0","0","0",,,,,,,,"`implied_taxonomy_cat_code`",,,"1/12/2025 11:00:52","6","0","implied_referring_physician_code","C",,"0",
"inp_case_count","6","{table}","case_id","count(distinct {table}.case_id)","Inpatient Cases","Number of hospital discharge cases","n0","Common","0","1",,"0","0","0","0",,,,,,,,,,,"9/2/2026 16:30:40","1","0","case_id","O",,"1","{table}-inpatient"
"inp_case_pct_total","9","cachetable","inp_case_count","concat(round(COALESCE(cachetable.inp_case_count/(cachetable.inp_case_count+cachetable.out_case_count),0)*100,2),'%')","Inpatient Percent Total Cases","Provides a percent of total cases returned.","p2","Common","0","1",,"0","0","1","0",,,,,,,,,,,"5/8/2026 16:49:43","1","0","case_id","O",,"1","{table}-inpatient"
"inp_charges_pct_total","10","cachetable","inp_charges_total","concat(round(COALESCE(cachetable.inp_charges_total/(cachetable.inp_charges_total+cachetable.out_charges_total),0)*100,2),'%')","Inpatient Percent Total Charges","Provides a percent of total charges returned.","p2","Common","0","1",,"0","0","1","0",,,,,,,,,,,"9/2/2026 16:30:40","1","0","charge","O",,"1","{table}-inpatient"
"inp_charges_per_case","8","{table}","charge","round(sum({table}.charge)/count({table}.case_id),2)","Inpatient Average Charge Per Case","The average charges per discharge case","c0","Common","0","1",,"0","0","0","0",,,,,,,,,,,"9/2/2026 16:30:40","1","0","charge","O",,"1","{table}-inpatient"
"inp_charges_total","7","{table}","charge","round(sum({table}.charge)*1.0,2)","Inpatient Charges","Total charges associated with cases on report (charges are reflective of hospital charge masters not reimbursed values)","c0","Common","0","1",,"0","0","0","0",,,,,,,,,,,"9/2/2026 16:30:40","1","0","charge","O",,"1","{table}-inpatient"
"inst_bill_typ_cd",,"inst_bill_typ","inst_bill_typ_cd","inst_bill_typ_cd","Institution Bill Type Code",,,"(N/A)","0","0",,"0","1","0","0",,"inst_bill_typ_cd","000_common.inst_bill_typ","inst_bill_typ_cd Inst_Bill_Typ_Cd,inst_bill_typ_name Inst_Bill_Typ_Name","inst_bill_typ_cd, inst_bill_type_name",,"Inst_Bill_Type_Cd","{table}.inst_bill_typ","Inst_Bill_Typ_Code",,"14/3/2025 11:22:36",,"0","inst_bill_typ_cd","C",,"0",
"inst_bill_typ_name","17","inst_bill_typ","inst_bill_typ_name","inst_bill_typ_name","Patient Institution Bill Type",,,"Patient","1","0",,"1","0","0","1",,"inst_bill_typ_cd","000_common.inst_bill_typ","inst_bill_typ_cd Inst_Bill_Typ_Cd,inst_bill_typ_name Inst_Bill_Typ_Name","inst_bill_typ_cd, inst_bill_type_name",,"Inst_Bill_Type_Cd","{table}.inst_bill_typ","Inst_Bill_Typ_Name",,"19/3/2025 10:24:04","17","0","inst_bill_typ_name","B",,"0",
"ip_op_flag_code","3","ip_op_flag","ip_op_flag","ip_op_flag","Implied Service Inpatient Outpatient Flag","Discharge-case flag delineating inpatient encounters versus outpatient encounters",,"Implied Service Location","1","0",,"1","0","0","1",,,"{statedb}.ip_op_flag","ip_op_flag IP_OP_Flag,ip_op_flag_name IP_OP_Name","ip_op_flag,ip_op_flag_name",,"IP_OP_Flag","`ip_op_flag_code`","IP_OP_Flag",,"8/12/2025 08:33:25","8","0","ip_op_flag","CIOD",,"0",
"is_group_payor_code","1","st_payor","st_payor_code","st_payor_code","Payor Group","Payor financial category provided on the claim form (Commercial, Medicare, Medicaid, Other, HMO, Medicare Advantage)",,"Payor/Revenue","0","0",,"0","0","0","0",,,,,,,,,,,"24/3/2026 11:33:20","21","1","is_payor_code","IOD",,"0",
"is_group_payor_name","1","st_payor","is_payor_code","is_payor_name","Payor Group","Payor financial category provided on the claim form (Commercial, Medicare, Medicaid, Other, HMO, Medicare Advantage).",,"Payor/Revenue","1","0",,"1","0","0","0",,"is_payor_code","{statedb}.st_payor","Distinct is_payor_name Payor_Group, is_payor_code Payor_Code","is_payor_name",,"Payor_Code","`is_group_payor_code`","Payor_Group",,"24/3/2026 13:25:22","21","1","is_payor_code","IOD",,"0",
"is_payor_code","1","is_payor","is_payor_code","is_payor_code","Payor Group","Payor financial category provided on the claim form (Commercial, Medicare, Medicaid, Other, HMO, Medicare Advantage)",,"Payor/Revenue","0","0",,"0","0","0","0",,"`is_payor_code`","000_common.is_payor","Distinct is_payor_code Payor_Code, is_payor_name Payor_Group",",is_payor_name",,"Payor_Code","`is_payor_code`","Payor_Group","Payor_Code","21/2/2026 14:28:44","21","1","is_payor_code","B",,"0",
"is_payor_code","1","payor","is_payor_code","is_payor_code","Payor Group","Payor financial category provided on the claim form (Commercial, Medicare, Medicaid, Other, HMO, Medicare Advantage)",,"Payor/Revenue","0","0",,"0","0","0","0",,,,,,,,,,,"12/12/2025 14:26:05","21","1","is_payor_code","B",,"0",
"is_payor_name","1","payor","is_payor_name","is_payor_name","Payor Group","Payor financial category provided on the claim form (Commercial, Medicare, Medicaid, Other, HMO, Medicare Advantage).",,"Payor/Revenue","1","0",,"1","0","0","0",,"payor.is_payor_name","{statedb}.payor","Distinct is_payor_name Payor_Group, is_payor_code Payor_Code","is_payor_name",,"Payor_Code","`is_payor_code`","Payor_Group","Payor_Code","10/2/2026 06:09:59","21","1","is_payor_code","B",,"0",
"lifecode",,"esricat_life","lifecode","lifecode","ESRI Life Group",,,"ESRI Demographics","0","0",,"0","0","0","0",,"`esricat_life`.`lifename`","esri.esricat_life","lifecode, lifename Life_Name","lifename",,"lifecode","`lifecode`","Life_Name","lifecode","17/10/2025 12:33:38","0","0","lifename","S",,"0",
"lifename",,"esricat_life","lifecode","lifename","ESRI Life Group",,,"ESRI Demographics","1","0",,"1","0","0","1",,"`esricat_life`.`lifename`","esri.esricat_life","lifecode, lifename Life_Name","lifename",,"lifecode","`lifecode`","Life_Name","lifecode","17/10/2025 12:33:31","0","0","lifename","S",,"0",
"like_age_grp_code",,"is_age_grp","age_grp_code","age_grp_name","Age Group Code",,,"Patient","0","0",,"0","0","0","0",,,,,,,,"`like_age_grp_code`",,,"13/6/2025 07:44:01","17","0","age_grp_code","BIOD",,"0",
"like_billing_affiliation_dba_code",,"billing_physician","affiliation_code","affiliation_code","Billing Organization DBA",,,"Billing Organization","0","0",,"0","0","0","0",,,,,,,,,,,"19/3/2025 10:25:07","29","0","provider_billing_code","C",,"0",
"like_billing_county","8","billing_physician","county_name","county_name","Billing Organization County","Claim-level county of the NPI address associated with the billing organization on a claim. This is typically a centralized billing location for multiple entities.",,"Billing Organization","0","0",,"0","0","0","0","billing_physician_code","`billing_physician`.`county_name`","000_common.county","DISTINCT County_Name, state_code State, county_code County_Code","county_name,state,county_code",,"County_Code","`billing_county`","County_Name","County_Code","28/10/2025 16:01:41","29","0","provider_billing_code","C",,"0",
"like_billing_npi_spec_grp_code",,"billing_physician","npi_spec_grp_code","npi_spec_grp_name","Billing Organization NPI Specialty Code",,,"Billing Organization","0","0",,"0","0","0","0",,,,,,,,,,,"19/3/2025 10:25:07","29","0","provider_billing_code","C",,"0",
"like_billing_npi_type_code","9","billing_physician","npi_type_name","npi_type_name","Billing Organization Entity Type","Claim-level entity type associated with the billing organization on a claim. This is typically a centralized billing location for multiple entities. Entity Type (Type 1= Individual; Type 2= Organization).",,"Billing Organization","0","0",,"0","0","0","0",,,"`000_common`.npi_type","npi_type NPI_Type, npi_type_name NPI_Type_Name","billing_npi_type",,"NPI_Type","`billing_npi_type`",,,"20/3/2025 10:23:09","29","0","provider_billing_code","C",,"0",
"like_billing_physician_code","1","billing_physician","physician_code","physician_name","Billing Organization NPI Name"," Claims data; Usage: for selecting claims based on the billing organization NPI number provided on the claim",,"Billing Organization","0","0",,"0","0","0","0",,,"{statedb}.physician","physician_code Physician_Code, physician_name Physician_Name, Last_Name, First_Name, specialty_grp_name Intellimed_Specialty, npi_spec_grp_name NPI_Specialty, degree_abbr Degree, group_prac_name Group_Practice, street Address, zip_code Zip, city City, county_name County, state_abbr State","billing_physician_code,billing_name,,,,billing_npi_spec_grp_name,,,billing_zip_code,billing_city,billing_county,","claim=1","Physician_Code","`billing_physician_code`","Physician_Code",,"20/3/2025 10:29:50","29","0","provider_billing_code","C",,"0",
"like_billing_taxonomy_cat","3","billing_physician","taxonomy_cat","taxonomy_cat_name","Billing Organization Taxonomy","Claim-level NPI taxonomy associated with the billing organization on a claim. This is typically a centralized billing location for multiple entities.",,"Billing Organization","0","0",,"0","0","0","0",,"`billing_physician`.`taxonomy_cat_name`","`000_common`.npi_spec_grp","distinct taxonomy_cat_name Taxonomy_Cat_Name, taxonomy_cat Taxonomy_Cat","taxonomy_cat_name",,"Taxonomy_Cat","`billing_taxonomy_cat`","Taxonomy_Cat_Name","Taxonomy_Cat","20/3/2025 10:23:09","29","0","provider_billing_code","C",,"0",
"like_claim_type_code",,"claim_type","claim_type_code","claim_type_name","Claim Type","Claim-level type of claim. Institutional, Professional or CMS.",,"(N/A)","0","0",,"0","1","0","0",,"claim_type_code","000_common.claim_type","claim_type_code Claim_Type_Code, claim_type_name Claim_Type_Name","claim_type_code, claim_type_name",,"Claim_Type_Code","{table}.CLAIM_TYP_CD","Claim_Type_Code",,"23/4/2025 11:58:29",,"0","claim_typ_cd","C",,"0",
"like_diagnosis_code","5","{table}","diagnosis_code","diagnosis_name","Primary Diagnosis Code","Claim-level primary diagnosis code (one diagnosis per claim).",,"Clinical","0","0",,"0","0","0","0",,"diagnosis_code","000_common.diagnosis","diagnosis_code Diagnosis_Code, diagnosis_name Diagnosis_Name, full_description Full_Description, diagnosis_product_line_name Diagnosis_Product_Line_Name, diagnosis_product_line_sub_name Diagnosis_Product_Line_Sub_Name, diagnosis_type_code Diagnosis_Type_Code","diagnosis_code1,diagnosis_name1,,dx_product_line_name1,dx_product_line_sub_name1",,"Diagnosis_Code",,"Diagnosis_Name","diagnosis_code","20/3/2025 10:23:09","12","0","diagnosis_code","C",,"0",
"like_diagnosis_code","10","diagnosis","diagnosis_code","diagnosis_name","Diagnosis Code Detail","Claim-level diagnosis code detail",,"Clinical","0","0","0","0","0","0","0",,"diagnosis_code","000_common.diagnosis","diagnosis_code Diagnosis_Code, diagnosis_name Diagnosis_Name, full_description Full_Description, diagnosis_product_line_name Diagnosis_Product_Line_Name, diagnosis_product_line_sub_name Diagnosis_Product_Line_Sub_Name, diagnosis_type_code Diagnosis_Type_Code","diagnosis_code,diagnosis_name,,dx_product_line_name,dx_product_line_sub_name",,"Diagnosis_Code",,"Diagnosis_Name","diagnosis_code","15/1/2026 16:14:38","12","0","diagnosis_code","CIOD",,"0",
"like_diagnosis_code1","6","diagnosis1","diagnosis_name","diagnosis_name","Primary Diagnosis","Claim-level primary diagnosis name (one diagnosis per claim).",,"Clinical","0","0",,"0","0","0","0",,"diagnosis_name1","000_common.diagnosis","diagnosis_code Diagnosis_Code, diagnosis_name Diagnosis_Name, full_description Full_Description, diagnosis_product_line_name Diagnosis_Product_Line_Name, diagnosis_product_line_sub_name Diagnosis_Product_Line_Sub_Name, diagnosis_type_code Diagnosis_Type_Code","diagnosis_code1,diagnosis_name1,,dx_product_line_name1,dx_product_line_sub_name1",,"Diagnosis_Code","`diagnosis_code1`","Diagnosis_Name","diagnosis_code","20/3/2025 10:23:09","12","0","diagnosis_code","C",,"0",
"like_diagnosis_long_code","10","diagnosis","diagnosis_code","diagnosis_name","Diagnosis Description Detail","Claim-level diagnosis description detail",,"Clinical","0","0","0","0","0","0","0",,"diagnosis_code","000_common.diagnosis","diagnosis_code Diagnosis_Code, diagnosis_name Diagnosis_Name, full_description Full_Description, diagnosis_product_line_name Diagnosis_Product_Line_Name, diagnosis_product_line_sub_name Diagnosis_Product_Line_Sub_Name, diagnosis_type_code Diagnosis_Type_Code","diagnosis_code,diagnosis_name,,dx_product_line_name,dx_product_line_sub_name",,"Diagnosis_Code","`diagnosis_long_code`","Diagnosis_Name","diagnosis_code","2/9/2025 16:01:23","12","0","diagnosis_code","CIOD",,"0",
"like_diagnosis_long_code1","7","diagnosis1","long_description","long_description","Primary Diagnosis Description","Claim-level primary diagnosis description (one diagnosis per claim).",,"Clinical","0","0",,"0","0","0","0",,"diagnosis1.full_description","000_common.diagnosis","Diagnosis_Code, diagnosis_name Diagnosis_Name, full_description Full_Description, diagnosis_product_line_name Diagnosis_Product_Line_Name, diagnosis_product_line_sub_name Diagnosis_Product_Line_Sub_Name, diagnosis_type_code Diagnosis_Type_Code","diagnosis_long_code1,diagnosis_name1,dx_long_description1,dx_product_line_name1,dx_product_line_sub_name1",,"Diagnosis_Code",,"Diagnosis_Name",,"20/3/2025 10:23:09","12","0","diagnosis_code","C",,"0",
"like_dx_product_line_code","13","diagnosis","diagnosis_product_line_name","diagnosis_product_line_name","Diagnosis Product Line Detail","Claim-level diagnosis product line detail as defined by HCUP",,"Clinical","0","0","0","0","0","0","0",,"dx_product_line_code","000_common.diagnosis_product_line","diagnosis_product_line_code, diagnosis_product_line_name Diagnosis_Product_Line_Name",",dx_product_line_name",,"diagnosis_product_line_code","`dx_product_line_code`","Diagnosis_Product_Line_Name","diagnosis_product_line_code","2/9/2025 16:01:35","12","0","diagnosis_code","CIOD",,"0",
"like_dx_product_line_code1","8","diagnosis1","diagnosis_product_line_name","diagnosis_product_line_name","Primary Diagnosis Product Line","Claim-level primary diagnosis product line as defined by HCUP (one diagnosis per claim).",,"Clinical","0","0",,"0","0","0","0",,"dx_product_line_name1","000_common.diagnosis_product_line","diagnosis_product_line_code, diagnosis_product_line_name Diagnosis_Product_Line",",dx_product_line_name1",,"diagnosis_product_line_code","`dx_product_line_code1`","Diagnosis_Product_Line","diagnosis_product_line_code","20/3/2025 10:23:09","12","0","diagnosis_code","C",,"0",
"like_dx_product_line_code2","8","diagnosis2","diagnosis_product_line_name","diagnosis_product_line_name","Encounter Diagnosis Product Line","Encounter-level diagnosis product line assciated with the most meaningful diagnosis across all claims for the same encounter",,"Encounter Clinical","0","0",,"0","0","0","0","","dx_product_line_name2","000_common.diagnosis_product_line","diagnosis_product_line_code, diagnosis_product_line_name Diagnosis_Product_Line",",dx_product_line_name2","","diagnosis_product_line_code","`dx_product_line_code2`","Diagnosis_Product_Line","diagnosis_product_line_code","23/4/2025 11:58:29","9","0","encounter_diagnosis_code","E",,"0",
"like_dx_product_line_sub_code","14","diagnosis","diagnosis_product_line_sub_name","diagnosis_product_line_sub_name","Diagnosis Product Subline Detail","Claim-level diagnosis product subline detail as defined by HCUP",,"Clinical","0","0","0","0","0","0","0",,"dx_product_line_sub_code","000_common.diagnosis_product_line_sub","diagnosis_product_line_sub_name Diagnosis_Product_Line_Sub_Name, diagnosis_product_line_name Diagnosis_Product_Line_Name, diagnosis_product_line_sub_code",",dx_product_line_sub_name,dx_product_line_name",,"diagnosis_product_line_sub_code","`dx_product_line_sub_code`","Diagnosis_Product_Line_Sub_Name","diagnosis_product_line_sub_code","2/9/2025 16:01:40","12","0","diagnosis_code","CIOD",,"0",
"like_dx_product_line_sub_code1","9","diagnosis1","diagnosis_product_line_sub_name","diagnosis_product_line_sub_name","Primary Diagnosis Product Subline","Claim-level primary diagnosis product subline as defined by HCUP (one diagnosis per claim).",,"Clinical","0","0",,"0","0","0","0",,"dx_product_line_sub_name1","000_common.diagnosis_product_line_sub","diagnosis_product_line_sub_name Diagnosis_Product_Line_Sub_Name, diagnosis_product_line_name Diagnosis_Product_Line_Name, diagnosis_product_line_sub_code",",dx_product_line_sub_name1,dx_product_line_name1",,"diagnosis_product_line_sub_code","`dx_product_line_sub_code1`","Diagnosis_Product_Line_Sub_Name","diagnosis_product_line_sub_code","20/3/2025 10:23:09","12","0","diagnosis_code","C",,"0",
"like_dx_product_line_sub_code2","9","diagnosis2","diagnosis_product_line_sub_name","diagnosis_product_line_sub_name","Encounter Diagnosis Product Subline","Encounter-level diagnosis product subline assciated with the most meaningful diagnosis across all claims for the same encounter",,"Encounter Clinical","0","0",,"0","0","0","0","","dx_product_line_sub_name2","000_common.diagnosis_product_line_sub","diagnosis_product_line_sub_name Diagnosis_Product_Line_Sub_Name, diagnosis_product_line_name Diagnosis_Product_Line_Name, diagnosis_product_line_sub_code",",dx_product_line_sub_name1,dx_product_line_name1","","diagnosis_product_line_sub_code","`dx_product_line_sub_code1`","Diagnosis_Product_Line_Sub_Name","diagnosis_product_line_sub_code","23/4/2025 11:58:29","9","0","encounter_diagnosis_code","E",,"0",
"like_encounter_code","1","encounter","sl_code","sl_name","Encounter Location","Encounter-level name associated with the most meaningful location for where the service was performed across all claims from all physicians on the encounter for a patient.",,"Encounter Location","0","0",,"0","0","0","0","encounter_code","`encounter`.`sl_name`","{statedb}.sl","sl_code NPI, sl_name Service_Location_Name, taxonomy_cat_name Taxonomy_Cat_Name, street Address, zip_code Zip_Code, city City, county_name County_Name, state_abbr State","sl_code,sl_name,taxonomy_cat_name,street,zip_code,city,county_name,state_abbr",,,"`like_encounter_code`","Service_Location_Name","NPI","20/3/2025 10:23:09","5","0","sl_code","E",,"0",
"like_encounter_county_code","8","encounter","county_code","county_name","Encounter Location County","Encounter-level county of the NPI address associated with the most meaningful location for where the service was performed across all claims from all physicians on the encounter for a patient.",,"Encounter Location","0","0",,"0","0","0","0",,"`encounter`.`county_name`","000_common.county","DISTINCT County_Name, state_code State, county_code County_Code","county_name,state,county_code",,"County_Code","`encounter_county_code`","County_Name","County_Code","28/10/2025 16:05:01","5","0","sl_code","E",,"0",
"like_encounter_dba_code","1","encounter","sl_code","sl_dba_name","Encounter Location DBA",,,"Encounter Location","0","0",,"0","0","0","0","encounter_code","`encounter`.`sl_dba_name`","{statedb}.sl","sl_code NPI, sl_dba_name Service_Location_DBA_Name, sl_name Service_Location_Name, taxonomy_cat_name Taxonomy_Cat_Name, street Address, zip_code Zip_Code, city City, county_name County_Name, state_abbr State","sl_code,sl_dba_name,sl_name,taxonomy_cat_name,street,zip_code,city,county_name,state_abbr",,,"`like_encounter_dba_code`","Service_Location_DBA_Name","NPI","14/10/2025 07:18:58","5","0","sl_code","E",,"0",
"like_encounter_diagnosis_code","6","diagnosis2","diagnosis_name","diagnosis_name","Encounter Diagnosis","",,"Encounter Clinical","0","0",,"0","0","0","0","","encounter_diagnosis_name","000_common.diagnosis","diagnosis_code Diagnosis_Code, diagnosis_name Diagnosis_Name, full_description Full_Description, diagnosis_product_line_name Diagnosis_Product_Line_Name, diagnosis_product_line_sub_name Diagnosis_Product_Line_Sub_Name, diagnosis_type_code Diagnosis_Type_Code","encounter_diagnosis_code,encounter_diagnosis_name,,dx_product_line_name2,dx_product_line_sub_name2","","Diagnosis_Code","`encounter_diagnosis_code`","Diagnosis_Name","diagnosis_code","19/3/2025 10:42:57","9","0","encounter_diagnosis_code","E",,"0",
"like_encounter_diagnosis_long_code","7","diagnosis2","long_description","long_description","Encounter Diagnosis Description","Encounter-level diagnosis long description assciated with the most meaningful diagnosis across all claims for the same encounter",,"Encounter Clinical","0","0",,"0","0","0","0","","diagnosis2.full_description","000_common.diagnosis","Diagnosis_Code, diagnosis_name Diagnosis_Name, full_description Full_Description, diagnosis_product_line_name Diagnosis_Product_Line_Name, diagnosis_product_line_sub_name Diagnosis_Product_Line_Sub_Name, diagnosis_type_code Diagnosis_Type_Code","encounter_diagnosis_long_code,encounter_diagnosis_name,dx_long_description2,dx_product_line_name2,dx_product_line_sub_name2","","Diagnosis_Code","","Diagnosis_Name","","23/4/2025 11:58:29","9","0","encounter_diagnosis_code","E",,"0",
"like_encounter_implied_affiliation_dba_code",,"encounter_implied_referring_physician","affiliation_code","affiliation_dba_name","Explicit+Implicit Encounter Referring Physician IM Group Practice","Encounter-level group practice name associated with the physician’s most recent group practice affiliation, based on a proprietary methodology for group practice affiliation of the physician that was explicitly listed on the claim as the referring physician.",,"Encounter Referring Physician - Explicit+Implicit","0","0",,"0","0","0","0","","`encounter_implied_referring_physician`.`affiliation_dba_name`","`{statedb}`.affiliation","affiliation_name Affiliation_Name, Affiliation_DBA_Name, affiliation_code","affiliation_dba_name","","affiliation_code","","Affiliation_DBA_Name","affiliation_code","1/12/2025 15:09:21","13","0","encounter_implied_referring_physician_code","E",,"0",
"like_encounter_implied_referring_county",,"encounter_implied_referring_physician","county_code","county_name","Explicit+Implicit Encounter Referring Physician County"," NPI Registry reference; Usage: for selecting claims based on the county associated with the implied referring physician's NPI registry information",,"Encounter Referring Physician - Explicit+Implicit","0","0",,"0","0","0","0","encounter_implied_referring_physician_code","`implied_referring_physician`.`county_name`","000_common.county","County_Name, State_Code, County_Code","implied_referring_county","","County_Code","`encounter_implied_referring_county_code`","County_Name","County_Code","1/12/2025 15:12:54","13","0","encounter_implied_referring_physician_code","E",,"0",
"like_encounter_implied_referring_degree_code",,"encounter_implied_referring_physician","degree_abbr","degree_name","Explicit+Implicit Encounter Referring Physician Degree"," NPI Registry reference; Usage: for selecting claims based on the degree associated with the rendering physician's NPI registry information",,"Encounter Referring Physician - Explicit+Implicit","0","0",,"0","0","0","0","encounter_implied_referring_physician_code","`encounter_implied_referring_physician`.`degree_name`","000_common.physician_degree","Degree_Abbr, Degree_Name, degree_code","encounter_implied_referring_degree",,"Degree_Abbr","`encounter_implied_referring_degree_code`",,"degree_code","20/3/2025 10:29:50","13","0","encounter_implied_referring_physician_code","E",,"0",
"like_encounter_implied_referring_group_prac_code",,"encounter_implied_referring_physician","group_prac_name","group_prac_name","Explicit+Implicit Encounter Referring Physician CMS Group Practice"," NPI group practice feed; Usage: for selecting claims based on the name associated with the rendering physician's most recent group practice affiliation",,"Encounter Referring Physician - Explicit+Implicit","0","0",,"0","0","0","0","","encounter_rendering_group_prac_code","{statedb}.group_prac","group_prac_name Group_Practice_Name, State, group_prac_code","encounter_implied_referring_group_name,,","","group_prac_code","`encounter_implied_referring_group_prac_code`","CMS_Group_Practice","group_prac_code","20/3/2025 10:29:50","13","0","encounter_implied_referring_physician_code","E",,"0",
"like_encounter_implied_referring_npi_spec_grp_code",,"encounter_implied_referring_physician","npi_spec_grp_name","npi_spec_grp_name","Explicit+Implicit Encounter Referring Physician NPI Specialty"," NPI Registry reference; Usage: for selecting claims based on the specialty/taxonomy associated with the rendering physician's NPI registry information",,"Encounter Referring Physician - Explicit+Implicit","0","0",,"0","0","0","0","encounter_implied_referring_physician_code","encounter_implied_referring_npi_spec_grp_name","`000_common`.npi_spec_grp","npi_spec_grp_name NPI_Specialty_Group_Name, taxonomy_cat_name Taxonomy_Cat_Name, npi_spec_grp_code","encounter_implied_referring_npi_spec_grp_name,,","","npi_spec_grp_code","","NPI_Specialty_Group_Name","npi_spec_grp_code","20/3/2025 10:29:50","13","0","encounter_implied_referring_physician_code","E",,"0",
"like_encounter_implied_referring_npi_type_code",,"encounter_implied_referring_physician","npi_type_name","npi_type_name","Explicit+Implicit Encounter Referring Physician Entity Type"," NPI Registry reference; Usage: for selecting claims based on the entity type associated with the implied referring physician's NPI registry information (1 = physicians, 2 = organizations)",,"Encounter Referring Physician - Explicit+Implicit","0","0",,"0","0","0","0","",,"`000_common`.npi_type","npi_type NPI_Type, npi_type_name NPI_Type_Name","implied_referring_npi_type","","NPI_Type","`encounter_implied_referring_npi_type`","NPI_Type_Name","","27/8/2025 14:48:37","13","0","encounter_implied_referring_physician_code","E",,"0",
"like_encounter_implied_referring_physician_code",,"encounter_implied_referring_physician","physician_code","physician_name","Explicit+Implicit Encounter Referring Physician"," Claims data; Usage: for selecting claims based on the referring NPI number provided on the claim",,"Encounter Referring Physician - Explicit+Implicit","0","0",,"0","0","0","0","",,"{statedb}.physician","physician_code Physician_Code, physician_name Physician_Name, Last_Name, First_Name, specialty_grp_name Intellimed_Specialty, npi_spec_grp_name NPI_Specialty, degree_abbr Degree, group_prac_name Group_Practice, street Address, zip_code Zip, city City, county_name County, state_abbr State","implied_referring_physician_code,implied_referring_name,,,,implied_referring_npi_spec_grp_name,implied_referring_degree,implied_referring_group_name,implied_referring_zip_code,implied_referring_city,implied_referring_county,","claim=1","Physician_Code","`encounter_implied_referring_physician_code`","Physician_Code","","27/8/2025 14:48:36","13","0","encounter_implied_referring_physician_code","E",,"0",
"like_encounter_implied_taxonomy_cat",,"encounter_implied_referring_physician","taxonomy_cat","taxonomy_cat_name","Explicit+Implicit Encounter Referring Physician Taxonomy","Encounter-level taxonomy from the NPI registry of the implied physician who had a claim for a unique patient prior to the patient's visit with the rendering physician, implied referring physician specialty is limited to a select set of specialties.",,"Encounter Referring Physician - Explicit+Implicit","0","0",,"0","0","0","0",,"`implied_referring_physician`.`taxonomy_cat_name`","`000_common`.npi_spec_grp","distinct taxonomy_cat_name Taxonomy_Cat_Name, taxonomy_cat Taxonomy_Cat","taxonomy_cat_name",,"Taxonomy_Cat",,"Taxonomy_Cat_Name","Taxonomy_Cat","23/4/2025 11:58:29","13","0","encounter_implied_referring_physician_code","E",,"0",
"like_encounter_npi_spec_grp_code","12","encounter","npi_spec_grp_name","npi_spec_grp_name","Encounter Location NPI Specialty Group",,,"Encounter Location","0","0",,"0","0","0","0","sl_code","`encounter`.`npi_spec_grp_name`","{statedb}.sl","distinct npi_spec_grp_name NPI_Specialty_Group_Name, npi_spec_grp_code NPI_Specialty_Group_Code","npi_spec_grp_name,npi_spec_grp_code",,"NPI_Specialty_Group_Code","`like_encounter_npi_spec_grp_code`","NPI_Specialty_Group_Name","NPI_Specialty_Group_Code","19/3/2025 10:32:00","5","0","sl_code","E",,"0",
"like_encounter_npi_type_code","9","npi_type","npi_type_name","npi_type_name","Encounter Location Entity Type","Encounter-level entity type associated with the most meaningful location for where the service was performed across all claims from all physicians on the encounter for a patient. Entity Type (Type 1= Individual; Type 2= Organization).",,"Encounter Location","0","0",,"0","0","0","0",,,"`000_common`.npi_type","npi_type_name NPI_Type_Name, npi_type NPI_Type","npi_type_name,npi_type",,"NPI_Type","`encounter_npi_type`","NPI_Type_Name","NPI_Type","20/3/2025 10:23:09","5","0","sl_code","E",,"0",
"like_encounter_pcp_referring_affiliation_dba_code",,"encounter_pcp_referring_physician","affiliation_code","affiliation_code","Encounter PCP Referring Physician IM Group Practice","",,"Encounter PCP Referring Physician","0","0",,"0","0","0","0","","`encounter_pcp_referring_physician`.`affiliation_dba_name`","`{statedb}`.affiliation","affiliation_name Affiliation_Name, Affiliation_DBA_Name, affiliation_code","affiliation_dba_name","","affiliation_code","","Affiliation_DBA_Name","affiliation_code","19/3/2025 10:42:48","26","0","encounter_pcp_referring_physician_code","E",,"0",
"like_encounter_pcp_referring_county",,"encounter_pcp_referring_physician","county_code","county_name","Encounter PCP Referring Physician County"," NPI Registry reference; Usage: for selecting claims based on the county associated with the pcp referring physician's NPI registry information",,"Encounter PCP Referring Physician","0","0",,"0","0","0","0","encounter_pcp_referring_physician_code","`pcp_referring_physician`.`county_name`","000_common.county","County_Name, State_Code, County_Code","pcp_referring_county","","County_Code","`encounter_pcp_referring_county`","County_Name","County_Code","28/10/2025 15:54:06","26","0","encounter_pcp_referring_physician_code","E",,"0",
"like_encounter_pcp_referring_degree_code",,"encounter_pcp_referring_physician","degree_abbr","degree_name","Encounter PCP Referring Physician Degree"," NPI Registry reference; Usage: for selecting claims based on the degree associated with the rendering physician's NPI registry information",,"Encounter PCP Referring Physician","0","0",,"0","0","0","0","encounter_pcp_referring_physician_code","`encounter_pcp_referring_physician`.`degree_name`","000_common.physician_degree","Degree_Abbr, Degree_Name, degree_code","encounter_pcp_referring_degree","","Degree_Abbr","`encounter_pcp_referring_degree_code`","","degree_code","20/3/2025 10:29:50","26","0","encounter_pcp_referring_physician_code","E",,"0",
"like_encounter_pcp_referring_group_prac_code",,"encounter_pcp_referring_physician","group_prac_name","group_prac_name","Encounter PCP Referring Physician CMS Group Practice"," NPI group practice feed; Usage: for selecting claims based on the name associated with the rendering physician's most recent group practice affiliation",,"Encounter PCP Referring Physician","0","0",,"0","0","0","0","","encounter_rendering_group_prac_code","{statedb}.group_prac","group_prac_name Group_Practice_Name, State, group_prac_code","encounter_pcp_referring_group_name,,","","group_prac_code","`encounter_pcp_referring_group_prac_code`","CMS_Group_Practice","group_prac_code","20/3/2025 10:29:50","26","0","encounter_pcp_referring_physician_code","E",,"0",
"like_encounter_pcp_referring_npi_spec_grp_code",,"encounter_pcp_referring_physician","npi_spec_grp_name","npi_spec_grp_name","Encounter PCP Referring Physician NPI Specialty"," NPI Registry reference; Usage: for selecting claims based on the specialty/taxonomy associated with the rendering physician's NPI registry information",,"Encounter PCP Referring Physician","0","0",,"0","0","0","0","encounter_pcp_referring_physician_code","encounter_pcp_referring_npi_spec_grp_name","`000_common`.npi_spec_grp","npi_spec_grp_name NPI_Specialty_Group_Name, taxonomy_cat_name Taxonomy_Cat_Name, npi_spec_grp_code","encounter_pcp_referring_npi_spec_grp_name,,","","npi_spec_grp_code","","NPI_Specialty_Group_Name","npi_spec_grp_code","20/3/2025 10:29:50","26","0","encounter_pcp_referring_physician_code","E",,"0",
"like_encounter_pcp_referring_npi_type_code",,"encounter_pcp_referring_physician","npi_type_name","npi_type_name","Encounter PCP Referring Physician Entity Type"," NPI Registry reference; Usage: for selecting claims based on the entity type associated with the pcp referring physician's NPI registry information (1 = physicians, 2 = organizations)",,"Encounter PCP Referring Physician","0","0",,"0","0","0","0","",,"`000_common`.npi_type","npi_type NPI_Type, npi_type_name NPI_Type_Name","pcp_referring_npi_type","","NPI_Type","`encounter_pcp_referring_npi_type`","NPI_Type_Name","","27/8/2025 14:48:43","26","0","encounter_pcp_referring_physician_code","E",,"0",
"like_encounter_pcp_referring_physician_code",,"encounter_pcp_referring_physician","physician_code","physician_name","Encounter PCP Referring Physician"," Claims data; Usage: for selecting claims based on the referring NPI number provided on the claim",,"Encounter PCP Referring Physician","0","0",,"0","0","0","0","",,"{statedb}.physician","physician_code Physician_Code, physician_name Physician_Name, Last_Name, First_Name, specialty_grp_name Intellimed_Specialty, npi_spec_grp_name NPI_Specialty, degree_abbr Degree, group_prac_name Group_Practice, street Address, zip_code Zip, city City, county_name County, state_abbr State","pcp_referring_physician_code,pcp_referring_name,,,,pcp_referring_npi_spec_grp_name,pcp_referring_degree,pcp_referring_group_name,pcp_referring_zip_code,pcp_referring_city,pcp_referring_county,","claim=1","Physician_Code","`encounter_pcp_referring_physician_code`","Physician_Code","","27/8/2025 14:48:33","26","0","encounter_pcp_referring_physician_code","E",,"0",
"like_encounter_pcp_referringtaxonomy_cat",,"encounter_pcp_referring_physician","taxonomy_cat","taxonomy_cat_name","Encounter PCP Referring Physician Taxonomy","",,"Encounter PCP Referring Physician","0","0",,"0","0","0","0","","`pcp_referring_physician`.`taxonomy_cat_name`","`000_common`.npi_spec_grp","distinct taxonomy_cat_name Taxonomy_Cat_Name, taxonomy_cat Taxonomy_Cat","taxonomy_cat_name","","Taxonomy_Cat","","Taxonomy_Cat_Name","Taxonomy_Cat","19/3/2025 10:42:47","26","0","encounter_pcp_referring_physician_code","E",,"0",
"like_encounter_rendering_affiliation_code",,"encounter_rendering_physician","affiliation_name","affiliation_name","Encounter Rendering Physician Affiliation","",,"Encounter Rendering Physician","0","0",,"0","0","0","0","","encounter_rendering_affiliation_code","{statedb}.affiliation","affiliation_name Affiliation_Name, IM Group Practice, affiliation_code","affiliation_name,,","","affiliation_code","`encounter_rendering_affiliation_code`","Affiliation_Name","affiliation_code","19/3/2025 10:43:36","1","0","encounter_rendering_physician_code","E",,"0",
"like_encounter_rendering_affiliation_dba_code",,"encounter_rendering_physician","affiliation_dba_name","affiliation_dba_name","Encounter Rendering Physician DBA","",,"Encounter Rendering Physician","0","0",,"0","0","0","0","","`encounter_rendering_physician`.`affiliation_dba_name`","`{statedb}`.affiliation","affiliation_name Affiliation_Name, Affiliation_DBA_Name, affiliation_code","affiliation_dba_name,,","","affiliation_code","`encounter_rendering_affiliation_code`","Affiliation_DBA_Name","affiliation_code","19/3/2025 10:43:36","1","0","encounter_rendering_physician_code","E",,"0",
"like_encounter_rendering_county_code",,"encounter_rendering_physician","county_code","county_name","Encounter Rendering Physician County"," NPI Registry reference; Usage: for selecting claims based on the county associated with the rendering physician's NPI registry information",,"Encounter Rendering Physician","0","0",,"0","0","0","0","encounter_rendering_physician_code","`encounter_rendering_physician`.`county_name`","000_common.county","County_Name, State_Code, County_Code","rendering_county","","County_Code","`encounter_rendering_county_code`","County_Name","County_Code","28/10/2025 15:50:26","1","0","encounter_rendering_physician_code","E",,"0",
"like_encounter_rendering_degree_code",,"encounter_rendering_physician","degree_abbr","degree_name","Encounter Rendering Physician Degree"," NPI Registry reference; Usage: for selecting claims based on the degree associated with the rendering physician's NPI registry information",,"Encounter Rendering Physician","0","0",,"0","0","0","0","encounter_rendering_physician_code","`encounter_rendering_physician`.`degree_name`","000_common.physician_degree","Degree_Abbr, Degree_Name, degree_code","encounter_rendering_degree",,"Degree_Abbr","`encounter_rendering_degree_code`",,"degree_code","20/3/2025 10:29:50","1","0","encounter_rendering_physician_code","E",,"0",
"like_encounter_rendering_group_prac_code",,"encounter_rendering_physician","group_prac_name","group_prac_name","Encounter Rendering Physician Group Practice"," NPI group practice feed; Usage: for selecting claims based on the name associated with the rendering physician's most recent group practice affiliation",,"Encounter Rendering Physician","0","0",,"0","0","0","0","","encounter_rendering_group_prac_code","{statedb}.group_prac","group_prac_name Group_Practice_Name, State, group_prac_code","encounter_rendering_group_name,,","","group_prac_code","`encounter_rendering_group_prac_code`","Group_Practice_Name","group_prac_code","20/3/2025 10:29:50","1","0","encounter_rendering_physician_code","E",,"0",
"like_encounter_rendering_npi_spec_grp_code",,"encounter_rendering_physician","npi_spec_grp_name","npi_spec_grp_name","Encounter Rendering Physician NPI Specialty"," NPI Registry reference; Usage: for selecting claims based on the specialty/taxonomy associated with the rendering physician's NPI registry information",,"Encounter Rendering Physician","0","0",,"0","0","0","0","encounter_rendering_physician_code","encounter_rendering_npi_spec_grp_code","`000_common`.npi_spec_grp","npi_spec_grp_name NPI_Specialty_Group_Name, taxonomy_cat_name Taxonomy_Cat_Name, npi_spec_grp_code","rendering_npi_spec_grp_name,,","","npi_spec_grp_code","","NPI_Specialty_Group_Name","npi_spec_grp_code","20/3/2025 10:29:50","1","0","encounter_rendering_physician_code","E",,"0",
"like_encounter_rendering_npi_type_code",,"encounter_rendering_physician","npi_type_name","npi_type_name","Encounter Rendering Physician Entity Type"," NPI Registry reference; Usage: for selecting claims based on the entity type associated with the rendering physician's NPI registry information (1 = physicians, 2 = organizations)",,"Encounter Rendering Physician","0","0",,"0","0","0","0",,,"`000_common`.npi_type","npi_type NPI_Type, npi_type_name NPI_Type_Name","npi_type_name,npi_type",,"NPI_Type","`encounter_rendering_npi_type`","NPI_Type_Name","NPI_Type","20/3/2025 10:29:50","1","0","encounter_rendering_physician_code","E",,"0",
"like_encounter_rendering_physician_code",,"encounter_rendering_physician","physician_name","physician_name","Encounter Rendering Physician","Encounter-level name of the most meaningful rendering physician associated with the encounter.",,"Encounter Rendering Physician","0","0",,"0","0","0","0","",,"{statedb}.physician","physician_code Physician_Code, physician_name Physician_Name, Last_Name, First_Name, specialty_grp_name Intellimed_Specialty, npi_spec_grp_name NPI_Specialty, degree_abbr Degree, group_prac_name Group_Practice, street Address, zip_code Zip, city City, county_name County, state_abbr State","rendering_physician_code,rendering_name,,,,rendering_npi_spec_grp_name,rendering_degree,rendering_group_name,rendering_zip_code,rendering_city,rendering_county,","claim=1","Physician_Code","`encounter_rendering_physician_code`","Physician_Code","","27/8/2025 14:48:27","1","0","encounter_rendering_physician_code","E",,"0",
"like_encounter_rendering_physician_name_code",,"encounter_rendering_physician","physician_name","physician_name","Encounter Rendering Physician","Encounter-level name of the most meaningful rendering physician associated with the encounter.",,"Encounter Rendering Physician","0","0",,"0","0","0","0","","encounter_rendering_physician_code","{statedb}.physician","physician_code Physician_Code, physician_name Physician_Name, Last_Name, First_Name, specialty_grp_name Intellimed_Specialty, npi_spec_grp_name NPI_Specialty, degree_abbr Degree, group_prac_name Group_Practice, street Address, zip_code Zip, city City, county_name County, state_abbr State","rendering_physician_code,rendering_name,,,,rendering_npi_spec_grp_name,rendering_degree,rendering_group_name,rendering_zip_code,rendering_city,rendering_county,","","Physician_Code","","Physician_Code","","20/3/2025 10:23:09","1","0","encounter_rendering_physician_code","E",,"0",
"like_encounter_rendering_taxonomy_cat",,"encounter_rendering_physician","taxonomy_cat","taxonomy_cat_name","Encounter Rendering Physician Taxonomy","Encounter-level taxonomy from the NPI registry of the rendering physician",,"Encounter Rendering Physician","0","0",,"0","0","0","0",,"`encounter_rendering_physician`.`taxonomy_cat_name`","`000_common`.npi_spec_grp","distinct taxonomy_cat_name Taxonomy_Cat_Name, taxonomy_cat Taxonomy_Cat","rendering_taxonomy_cat_name",,"Taxonomy_Cat",,"Taxonomy_Cat_Name","Taxonomy_Cat","23/4/2025 11:58:29","1","0","encounter_rendering_physician_code","E",,"0",
"like_encounter_taxonomy_cat_code","3","encounter","taxonomy_cat","taxonomy_cat_name","Encounter Location Taxonomy","Encounter-level NPI taxonomy associated with the most meaningful location for where the service was performed across all claims from all physicians on the encounter for a patient.",,"Encounter Location","0","0",,"0","0","0","0","sl_code","encounter_taxonomy_cat_name","`000_common`.npi_spec_grp","distinct taxonomy_cat_name Taxonomy_Cat_Name, taxonomy_cat Taxonomy_Cat","taxonomy_cat_name, taxonomy_cat",,"Taxonomy_Cat","`like_encounter_taxonomy_cat_code`","Taxonomy_Cat_Name","Taxonomy_Cat","20/3/2025 10:23:09","5","0","sl_code","E",,"0",
"like_encounter_work_procd_code","21","procd2","procd_name","procd_name","Encounter Procedure","",,"Encounter Clinical","0","0",,"0","0","0","0","","encounter_work_procd_code","000_common.procd","procd_code Procedure_Code, procd_name Procedure_Name, full_description Full_Description, procd_product_line_name Procedure_Product_Line_Name, procd_product_line_sub_name Procedure_Product_Line_Sub_Name, procd_type_code Procedure_Type_Code","encounter_work_procd_code,encounter_work_procd_name,px_product_line_name2,px_product_line_sub_name2","","Procedure_Code","`encounter_work_procd_code`","Procedure_Name","procd_code","19/3/2025 10:42:55","9","0","encounter_work_procd_code","E",,"0",
"like_encounter_work_procd_long_code","20","procd2","long_description","long_description","Encounter Procedure Description","",,"Encounter Clinical","0","0",,"0","0","0","0","","procd2.full_description","000_common.procd","procd_code Procedure_Code, procd_name Procedure_Name, full_description Full_Description, procd_product_line_name Procedure_Product_Line_Name, procd_product_line_sub_name Procedure_Product_Line_Sub_Name, procd_type_code Procedure_Type_Code","encounter_work_procd_long_code,encounter_work_procd_name,px_long_description2,px_product_line_name2,px_product_line_sub_name2","","Procedure_Code","`encounter_work_procd_code`","Procedure_Name","","14/10/2025 12:21:26","9","0","encounter_work_procd_code","E",,"0",
"like_esri_cbsa_code",,"esri","cbsa_code","cbsa_name","ESRI CBSA","Claim-level CBSA associated with the patient origin on a claim.",,"ESRI Demographics","0","0",,"0","0","0","0",,,,,,,,,,,"11/6/2025 10:02:13",,"0","cbsa_code","S",,"0",
"like_esri_county_code","11","esri","county_code","county_name","ESRI County","Claim-level county associated with the patient origin on a claim.",,"ESRI Demographics","0","0",,"0","0","0","0",,"`esri`.`county_name`","esri.zip","DISTINCT County_Name, state State, county_code County_Code","county_name,state,county_code",,"County_Code","`esri_county_code`","County_Name","County_Code","28/10/2025 15:58:46","10","0","county_code","S",,"0",
"like_facility_county","5","provider_facility_npi","county_name","county_name","Provider Facility County","Claim-level county of the NPI address for the Provider Facility provided on the inbound Institutional claim.",,"Provider Facility","0","0",,"0","0","0","0","provider_facility_npi_code","`provider_facility_npi`.`county_name`","000_common.county","DISTINCT County_Name, state_code State, county_code County_Code","county_name,state,",,"County_Code","`facility_county`","County_Name","County_Code","2/12/2025 09:24:21","10","0","provider_facility_npi_code","C",,"0",
"like_facility_npi_spec_grp_code","12","provider_facility_npi","npi_spec_grp_name","npi_spec_grp_name","Provider Facility NPI Specialty Group","Claim-level NPI specialty group for the Provider Facility provided on the inbound Institutional claim.",,"Provider Facility","0","0",,"0","0","0","0",,"facility_npi_spec_grp_name","{statedb}.provider_facility_npi","distinct npi_spec_grp_name NPI_Specialty_Group_Name, npi_spec_grp_code NPI_Spec_Grp_Code","npi_spec_grp_name,npi_spec_grp_code",,"NPI_Spec_Grp_Code","`facility_npi_spec_grp_code`","NPI_Specialty_Group_Name",,"20/3/2025 10:23:09","10","0","provider_facility_npi_code","C",,"0",
"like_facility_npi_type_code","7","npi_type","npi_type_name","npi_type_name","Provider Facility Entity Type",,,"Provider Facility","0","0",,"0","0","0","0",,,"`000_common`.npi_type","distinct npi_type NPI_Type, npi_type_name NPI_Type_Name","facility_npi_type",,"NPI_Type","`facility_npi_type`","NPI_Type",,"19/3/2025 10:27:43","10","0","provider_facility_npi_code","C",,"0",
"like_facility_taxonomy_cat","3","provider_facility_npi","taxonomy_cat","taxonomy_cat_name","Provider Facility Taxonomy","Claim-level NPI taxonomy for the Provider Facility provided on the inbound Institutional claim.",,"Provider Facility","0","0",,"0","0","0","0","taxonomy_cat","`provider_facility_npi`.`taxonomy_cat_name`","{statedb}.provider_facility_npi","distinct taxonomy_cat_name Taxonomy_Cat_Name, taxonomy_cat Taxonomy_Cat","taxonomy_cat_name",,"Taxonomy_Cat",,"Taxonomy_Cat_Name","Taxonomy_Cat","20/3/2025 10:23:09","10","0","provider_facility_npi_code","C",,"0",
"like_hospital_cbsa_code",,"hospital_zip","cbsa_code","cbsa_name","Facility CBSA",,,"Provider","0","0",,"0","1","0","0",,,,,,,,,,,"4/11/2025 10:46:47","150","0","hospital_code","IOD",,"0",
"like_hospital_code",,"hospital","hospital_name","hospital_name","Facility",,,"Provider","0","0",,"0","0","0","0",,"hospital_code","{statedb}.hospital h INNER JOIN {statedb}.hospital_type ON(h.hospital_type_code = {statedb}.hospital_type.hospital_type_code) INNER JOIN {statedb}.cbsa ON (h.cbsa = {statedb}.cbsa.cbsa_code) INNER JOIN {statedb}.hospital_flag ON ({statedb}.hospital_flag.hospital_code = h.hospital_code and ({statedb}.hospital_flag.ip + {statedb}.hospital_flag.op*2 + {statedb}.hospital_flag.ed*4) = {Papptype} )","distinct h.hospital_name Facility_Name, h.bed_count Beds, hospital_type_name Facility_Type_Name, h.Street Street, h.City City, h.county_name County_Name, h.state_code State, h.Zip_Code Zip_Code, cbsa_name CBSA, hospital_system_name Facility_System_Name, h.medprovnumber Med_Provider_Num, h.hospital_code Hospital_Code","hospital_name,bed_count,hospital_type_name,street,city,facility_county,state,zip_code,cbsa_name,facility_system_name,medprovnumber,hospital_code",,"Hospital_Code","`hospital_code`","Facility_Name",,"20/6/2025 16:13:10","150","0","hospital_code","IOD",,"0",
"like_implied_affiliation_dba_code",,"implied_referring_physician","affiliation_code","affiliation_code","Explicit+Implicit Referring Physician DBA",,,"Referring Physician - Explicit+Implicit","0","0",,"0","0","0","0",,"`implied_referring_physician`.`affiliation_dba_name`","`statedb`.affiliation","affiliation_name Affiliation_Name, Affiliation_DBA_Name, affiliation_code","affiliation_dba_name",,"affiliation_code",,"Affiliation_DBA_Name","affiliation_code","19/3/2025 10:39:33","6","0","implied_referring_physician_code","C",,"0",
"like_implied_all_referring_affiliation_dba_code",,"implied_all_referring_physician","affiliation_code","affiliation_code","Explicit+Implicit+Prior Referring Physician DBA"," NPI Registry reference; Usage: for selecting claims based on the specialty/taxonomy associated with the prior encounter entity's NPI registry information",,"Referring Physician - Explicit+Implicit+Prior","0","0",,"0","0","0","0",,,,,,,,,,,"20/3/2025 10:29:50","7","0","implied_all_referring_physician_code","C",,"0",
"like_implied_all_referring_county",,"implied_all_referring_physician","county_code","county_name","Explicit+Implicit+Prior Referring Physician County"," NPI Registry reference; Usage: for selecting claims based on the county associated with the prior encounter entity's NPI registry information",,"Referring Physician - Explicit+Implicit+Prior","0","0",,"0","0","0","0","implied_all_referring_physician_code","`implied_all_referring_physician`.`county_name`","000_common.county","County_Name, State_Code, County_Code","implied_all_referring_county",,"County_Code","`implied_all_referring_county`","County_Name","County_Code","28/10/2025 15:54:06","7","0","implied_all_referring_physician_code","C",,"0",
"like_implied_all_referring_group_prac_code",,"implied_all_referring_physician","group_prac_name","group_prac_name","Explicit+Implicit+Prior Referring Physician Group Practice"," NPI group practice feed; Usage: for selecting claims based on the name associated with the prior encounter entity's most recent group practice affiliation",,"Referring Physician - Explicit+Implicit+Prior","0","0",,"0","0","0","0",,"implied_all_referring_group_prac_code","{statedb}.group_prac","group_prac_name Group_Practice_Name, State, group_prac_code","implied_all_referring_group_name,,",,"group_prac_code","`implied_all_referring_group_prac_code`","Group_Practice_Name like_implied_all_referring_group_prac_code","group_prac_code","14/4/2025 11:31:05","7","0","implied_all_referring_physician_code","C",,"0",
"like_implied_all_referring_npi_spec_grp_code",,"implied_all_referring_physician","npi_spec_grp_name","npi_spec_grp_name","Explicit+Implicit+Prior Referring Physician NPI Specialty"," NPI Registry reference; Usage: for selecting claims based on the specialty/taxonomy associated with the prior encounter entity's NPI registry information",,"Referring Physician - Explicit+Implicit+Prior","0","0",,"0","0","0","0","implied_all_referring_physician_code","implied_all_referring_npi_spec_grp_code","`000_common`.npi_spec_grp","taxonomy_cat_name Taxonomy_Cat_Name, npi_spec_grp_name NPI_Specialty_Group_Name, npi_spec_grp_code"," ,implied_all_referring_npi_spec_grp_name, ",,"npi_spec_grp_code","`implied_all_referring_npi_spec_grp_code`","NPI_Specialty_Group_Name","npi_spec_grp_code","14/4/2025 11:30:55","7","0","implied_all_referring_physician_code","C",,"0",
"like_implied_all_referring_npi_type_code",,"implied_all_referring_physician","npi_type_name","npi_type_name","Explicit+Implicit+Prior Referring Physician Entity Type"," NPI Registry reference; Usage: for selecting claims based on the entity type associated with the prior encounter entity's NPI registry information (1 = physicians, 2 = organizations)",,"Referring Physician - Explicit+Implicit+Prior","0","0",,"0","0","0","0",,,"`000_common`.npi_type","npi_type NPI_Type, npi_type_name NPI_Type_Name","implied_all_referring_npi_type",,"NPI_Type","`implied_all_referring_npi_type`","NPI_Type_Name",,"11/2/2026 16:28:05","7","0","implied_all_referring_physician_code","C",,"0",
"like_implied_all_referring_physician_code",,"implied_all_referring_physician","physician_code","physician_name","Explicit+Implicit+Prior Referring Physician","Claim-level name of the physician who had a claim prior to the patient's visit with the rendering physician for a unique patient",,"Referring Physician - Explicit+Implicit+Prior","0","0",,"0","0","0","0",,,"{statedb}.physician","physician_code Physician_Code, physician_name Physician_Name, Last_Name, First_Name, specialty_grp_name Intellimed_Specialty, npi_spec_grp_name NPI_Specialty, degree_abbr Degree, group_prac_name Group_Practice, street Address, zip_code Zip, city City, county_name County, state_abbr State","implied_all_referring_physician_code,implied_all_referring_name,,,,implied_all_referring_npi_spec_grp_name,implied_all_referring_degree,implied_all_referring_group_name,implied_all_referring_zip_code,implied_all_referring_city,implied_all_referring_county,","claim=1","Physician_Code","`implied_all_referring_physician_code`","Physician_Code",,"20/3/2025 10:23:09","7","0","implied_all_referring_physician_code","C",,"0",
"like_implied_all_taxonomy_cat",,"implied_all_referring_physician","taxonomy_cat","taxonomy_cat_name","Explicit+Implicit+Prior Referring Physician Taxonomy",,,"Referring Physician - Explicit+Implicit+Prior","0","0",,"0","0","0","0",,"`implied_all_referring_physician`.`taxonomy_cat_name`","`000_common`.npi_spec_grp","distinct taxonomy_cat_name Taxonomy_Cat_Name, taxonomy_cat Taxonomy_Cat","taxonomy_cat_name",,"Taxonomy_Cat",,"Taxonomy_Cat_Name","Taxonomy_Cat","19/3/2025 10:40:15","7","0","implied_all_referring_physician_code","C",,"0",
"like_implied_referring_affiliation_dba_code",,"implied_referring_physician","affiliation_code","affiliation_code","Implied Referring Physician DBA",,,"Referring Physician","0","0",,"0","0","0","0",,"`implied_referring_physician`.`affiliation_dba_name`","`{statedb}`.affiliation","affiliation_name Affiliation_Name, Affiliation_DBA_Name, affiliation_code","affiliation_dba_name,,",,"affiliation_code","implied_referring_affiliation_code`","Affiliation_DBA_Name","affiliation_code","14/3/2025 11:23:11","30","0","implied_referring_physician_code","C",,"0",
"like_implied_referring_county",,"implied_referring_physician","county_code","county_name","Explicit+Implicit Referring Physician County"," NPI Registry reference; Usage: for selecting claims based on the county associated with the implied referring physician's NPI registry information",,"Referring Physician - Explicit+Implicit","0","0",,"0","0","0","0","implied_referring_physician_code","`implied_referring_physician`.`county_name`","000_common.county","County_Name, State_Code, County_Code","implied_referring_county",,"County_Code","`implied_referring_county`","County_Name","County_Code","28/10/2025 15:54:06","6","0","implied_referring_physician_code","C",,"0",
"like_implied_referring_group_prac_code",,"implied_referring_physician","group_prac_code","group_prac_name","Implicit Referral Physician Group Practice",,,"Referrals - Explicit+Implicit","0","0",,"0","0","0","0",,,,,,,,,,,"14/3/2025 11:22:47","29","0","implied_referring_physician_code","C",,"0",
"like_implied_referring_npi_spec_grp_code",,"implied_referring_physician","npi_spec_grp_code","npi_spec_grp_name","",,,"Referrals - Explicit+Implicit","0","0",,"0","0","0","0",,,,,,,,,,,"14/3/2025 11:22:47","29","0","implied_referring_physician_code","C",,"0",
"like_implied_referring_npi_type_code",,"implied_referring_physician","npi_type_name","npi_type_name","Explicit+Implicit Referring Physician Entity Type"," NPI Registry reference; Usage: for selecting claims based on the entity type associated with the implied referring physician's NPI registry information (1 = physicians, 2 = organizations)",,"Referring Physician - Explicit+Implicit","0","0",,"0","0","0","0",,,"`000_common`.npi_type","npi_type NPI_Type, npi_type_name NPI_Type_Name","implied_referring_npi_type",,"NPI_Type","`implied_referring_npi_type`","NPI_Type_Name",,"20/3/2025 10:29:50","6","0","implied_referring_physician_code","C",,"0",
"like_implied_referring_physician_code",,"implied_referring_physician","physician_code","physician_name","Explicit+Implicit Referring Physician","Claim-level name of the implied physician who had a claim for a unique patient prior to the patient's visit with the rendering physician",,"Referring Physician - Explicit+Implicit","0","0",,"0","0","0","0",,,"{statedb}.physician","physician_code Physician_Code, physician_name Physician_Name, Last_Name, First_Name, specialty_grp_name Intellimed_Specialty, npi_spec_grp_name NPI_Specialty, degree_abbr Degree, group_prac_name Group_Practice, street Address, zip_code Zip, city City, county_name County, state_abbr State","implied_referring_physician_code,implied_referring_name,,,,implied_referring_npi_spec_grp_name,implied_referring_degree,implied_referring_group_name,implied_referring_zip_code,implied_referring_city,implied_referring_county,","claim=1","Physician_Code","`implied_referring_physician_code`","Physician_Code",,"20/3/2025 10:23:09","6","0","implied_referring_physician_code","C",,"0",
"like_implied_sl_county","8","implied_sl_county","county_code","county_name","Implied Service Location County","Claim-level county of the NPI address for the best choice for where a service was performed on the individual claim for a patient.",,"Implied Service Location","0","0",,"0","0","0","0",,"`implied_sl_county`.`county_name`","000_common.county","DISTINCT County_Name, state_code State, county_code County_Code","county_name,state,county_code","","County_Code","`implied_sl_county_code`","County_Name","County_Code","2/12/2025 08:53:18","8","0","implied_referring_physician_code","C",,"0",
"like_implied_taxonomy_cat",,"implied_referring_physician","taxonomy_cat","taxonomy_cat_name","Explicit+Implicit Referring Physician Taxonomy",,,"Referring Physician - Explicit+Implicit","0","0",,"0","0","0","0",,"`implied_referring_physician`.`taxonomy_cat_name`","`000_common`.npi_spec_grp","distinct taxonomy_cat_name Taxonomy_Cat_Name, taxonomy_cat Taxonomy_Cat","taxonomy_cat_name",,"Taxonomy_Cat",,"Taxonomy_Cat_Name","Taxonomy_Cat","19/3/2025 10:39:38","6","0","implied_referring_physician_code","C",,"0",
"like_is_payor_code","3","st_payor","is_payor_name","is_payor_name","Payor Plan","Payor plan type provided on the claimr form (health plan type - Tricare Humana Military East, Carefirst BCBS, etc.)",,"Payor/Revenue","0","0",,"0","0","0","0",,"payor_plan_type_name","{statedb}.st_payor","payor_name Payor_Name, is_payor_name Payor_Group, payor_code, payor_plan_type_name Payor_Plan_Type_Name","payor_name,is_payor_name,,payor_plan_type_name",,"payor_code","`is_payor_code`","Payor_Plan_Type_Name","payor_code","24/3/2026 10:30:00","21","0","is_payor_code","IOD",,"0",
"like_npi_type",,"npi_type","npi_type_name","npi_type_name","NPI Type",,,"NPI Type","0","0",,"0","0","0","0",,,"`000_common`.npi_type","npi_type_name NPI_Type_Name, npi_type NPI_Type","npi_type_name,npi_type",,"NPI_Type","`npi_type`","NPI_Type_Name","NPI_Type","14/3/2025 11:22:54",,"0","npi_type","C",,"0",
"like_pat_cbsa_code",,"pat_zip","cbsa_code","cbsa_name","Patient CBSA","Claim-level CBSA associated with the patient origin on a claim.",,"Patient","0","0",,"0","0","0","0",,,,,,,,,,,"20/6/2025 11:38:30","17","0","cbsa_code","BIOD",,"0",
"like_pat_county_code","11","pat_zip","county_code","county_name","Patient County","Claim-level county associated with the patient origin on a claim.",,"Patient","0","0",,"0","0","0","0",,"`pat_zip`.`county_name`","000_common.county","county_name County_Name, state_code State, county_code County_Code","county_name,state_code,county_code",,"County_Code","`pat_county_code`","County_Name","County_Code","28/10/2025 15:42:08","17","0","county_code","BIOD",,"0",
"like_payor_code","2","payor","payor_name","payor_name","Payor","Payor name provided on the claim form (Medicare A or B, Tricare, Aetna, Humana, BCBS, etc.)",,"Payor/Revenue","0","0",,"0","0","0","0",,,"{statedb}.payor","payor_name Payor_Name, is_payor_name Payor_Group, payor_code, payor_plan_type_name Payor_Plan_Type_Name","payor_name,is_payor_name,,payor_plan_type_name",,"payor_code","`payor_code`","Payor_Name","payor_code","16/10/2025 14:24:13","21","0","payor_code","B",,"0",
"like_payor_plan_type_code","3","payor","payor_plan_type_name","payor_plan_type_name","Payor Plan","Payor plan type provided on the claimr form (health plan type - Tricare Humana Military East, Carefirst BCBS, etc.)",,"Payor/Revenue","0","0",,"0","0","0","0",,"payor_plan_type_name","{statedb}.payor","payor_name Payor_Name, is_payor_name Payor_Group, payor_code, payor_plan_type_name Payor_Plan_Type_Name","payor_name,is_payor_name,,payor_plan_type_name",,"payor_code","`payor_plan_type_code`","Payor_Plan_Type_Name","payor_code","16/10/2025 14:24:30","21","0","payor_code","B",,"0",
"like_procd_code","25","procd","procd_code","procd_name","Procedure Code Detail","	
Claim-level procedure code detail, regardless of position on a claim (multiple procedures per claim).",,"Clinical","0","0","0","0","0","0","0",,"procd_code","000_common.procd","procd_code Procedure_Code, procd_name Procedure_Name, full_description Full_Description, procd_product_line_name Procedure_Product_Line_Name, procd_product_line_sub_name Procedure_Product_Line_Sub_Name, procd_type_code Procedure_Type_Code","procd_code,procd_name,px_long_description,px_product_line_name,px_product_line_sub_name",,"Procedure_Code","`procd_code`","Procedure_Name",,"12/9/2025 11:57:26","12","0","procd_code","CIOD",,"0",
"like_procd_code1","21","procd1","procd_name","procd_name","Primary Procedure","Claim-level procedure name on a claim with the highest total RVU.",,"Clinical","0","0",,"0","0","0","0",,"procd_code1","000_common.procd","procd_code Procedure_Code, procd_name Procedure_Name, full_description Full_Description, procd_product_line_name Procedure_Product_Line_Name, procd_product_line_sub_name Procedure_Product_Line_Sub_Name, procd_type_code Procedure_Type_Code","procd_code1,procd_name1,px_product_line_name1,px_product_line_sub_name1",,"Procedure_Code","`procd_code1`","Procedure_Name","procd_code","13/6/2025 07:45:06","12","0","procd_code","CIOD",,"0",
"like_procd_codex","20","{table}","procd_code","procd_name","Primary Procedure Code","Claim-level procedure code on a claim with the highest total RVU.",,"Clinical","0","0",,"0","0","0","0",,"procd_code1","000_common.procd","procd_code Procedure_Code, procd_name Procedure_Name, full_description Full_Description, procd_product_line_name Procedure_Product_Line_Name, procd_product_line_sub_name Procedure_Product_Line_Sub_Name, procd_type_code Procedure_Type_Code","procd_code1,procd_name1,px_long_description1,px_product_line_name1,px_product_line_sub_name1",,"Procedure_Code","`procd_code`","Procedure_Name",,"13/6/2025 07:45:08","12","0","procd_codex","CIOD",,"0",
"like_procd_long_code","20","procd","long_description","long_description","Primary Procedure Description","Claim-level procedure description on a claim with the highest total RVU.",,"Clinical","0","0",,"0","0","0","0",,"procd_long_code1","000_common.procd","procd_code Procedure_Code, procd_name Procedure_Name, full_description Full_Description, procd_product_line_name Procedure_Product_Line_Name, procd_product_line_sub_name Procedure_Product_Line_Sub_Name, procd_type_code Procedure_Type_Code","procd_long_code1,procd_name1,px_long_description1,px_product_line_name1,px_product_line_sub_name1",,"Procedure_Code","`procd_long_code`","Procedure_Name",,"13/6/2025 07:45:09","12","0","procd_code","CIOD",,"0",
"like_procd_long_code1","20","procd1","long_description","long_description","Primary Procedure Description","Claim-level procedure description on a claim with the highest total RVU.",,"Clinical","0","0",,"0","0","0","0",,"procd1.full_description","000_common.procd","procd_code Procedure_Code, procd_name Procedure_Name, full_description Full_Description, procd_product_line_name Procedure_Product_Line_Name, procd_product_line_sub_name Procedure_Product_Line_Sub_Name, procd_type_code Procedure_Type_Code","procd_long_code1,procd_name1,px_long_description1,px_product_line_name1,px_product_line_sub_name1",,"Procedure_Code","`procd_long_code1`","Procedure_Name",,"13/6/2025 07:45:10","12","0","procd_code","CIOD",,"0",
"like_provider_facility_npi_code","2","provider_facility_npi","provider_facility_npi_code","provider_facility_npi_name","Provider Facility","Claim-level name from the NPI Registry for the Provider Facility provided on the inbound Institutional claim.",,"Provider Facility","0","0",,"0","0","0","0","provider_facility_npi_code","provider_facility_npi_code","{statedb}.provider_facility_npi","provider_facility_npi_code Provider_Facility_NPI_Code, provider_facility_npi_name Provider_Facility_NPI_Name, street Address, zip_code Zip_Code, City, county_name County_Name, state_abbr State","provider_facility_npi_code,provider_facility_npi_name,,facility_zip_code,facility_city,facility_county,",,"Provider_Facility_NPI_Code","`provider_facility_npi_code`","Provider_Facility_NPI_Name","Provider_Facility_NPI_Code","20/3/2025 10:23:09","10","0","provider_facility_npi_code","C",,"0",
"like_px_product_line_code","28","procd","procd_product_line_name","procd_product_line_name","Procedure Product Line Detail","Claim-level procedure product line detail as defined by HCUP, regardless of position on a claim (multiple procedures per claim).",,"Clinical","0","0","0","0","0","0","0",,"px_product_line_code","000_common.procd_product_line","procd_product_line_name Procedure_Product_Line_Name, procd_product_line_code","px_product_line_name",,"procd_product_line_code","`px_product_line_code`","Procedure_Product_Line_Name","procd_product_line_code","12/9/2025 11:57:04","12","0","procd_code","CIOD",,"0",
"like_px_product_line_code1","23","procd1","procd_product_line_name","procd_product_line_name","Primary Procedure Product Line","Claim-level procedure product line as defined by HCUP",,"Clinical","0","0",,"0","0","0","0",,"px_product_line_code1","000_common.procd_product_line","procd_product_line_name Procedure_Product_Line_Name, procd_product_line_code","px_product_line_name1",,"procd_product_line_code","`px_product_line_code1`","Procedure_Product_Line_Name","procd_product_line_code","13/6/2025 07:45:29","12","0","procd_code","CIOD",,"0",
"like_px_product_line_code2","23","procd2","procd_product_line_name","procd_product_line_name","Encounter Procedure Product Line","",,"Encounter Clinical","0","0",,"0","0","0","0","","px_product_line_code2","000_common.procd_product_line","procd_product_line_name Procedure_Product_Line_Name, procd_product_line_code","px_product_line_name2","","procd_product_line_code","`px_product_line_code2`","Procedure_Product_Line_Name","procd_product_line_code","19/3/2025 10:42:44","9","0","encounter_work_procd_code","E",,"0",
"like_px_product_line_sub_code","29","procd","procd_product_line_sub_name","procd_product_line_sub_name","Procedure Product Subline Detail","Claim-level procedure product subline detail as defined by HCUP",,"Clinical","0","0","0","0","0","0","0",,"px_product_line_sub_code","000_common.procd_product_line_sub","procd_product_line_sub_name Procedure_Product_Line_Sub_Name, procd_product_line_name Procedure_Product_Line_Name, procd_product_line_sub_code","px_product_line_sub_name,px_product_line_name",,"procd_product_line_sub_code","`px_product_line_sub_code`","Procedure_Product_Line_Sub_Name","procd_product_line_sub_code","13/6/2025 07:45:30","12","0","procd_code","CIOD",,"0",
"like_px_product_line_sub_code1","24","procd1","procd_product_line_sub_name","procd_product_line_sub_name","Primary Procedure Product Subline","Claim-level procedure product subline as defined by HCUP",,"Clinical","0","0",,"0","0","0","0",,"px_product_line_sub_code1","000_common.procd_product_line_sub","procd_product_line_sub_name Procedure_Product_Line_Sub_Name, procd_product_line_name Procedure_Product_Line_Name, procd_product_line_sub_code","px_product_line_sub_name1,px_product_line_name1",,"procd_product_line_sub_code","`px_product_line_sub_code1`","Procedure_Product_Line_Sub_Name","procd_product_line_sub_code","13/6/2025 07:45:31","12","0","procd_code","CIOD",,"0",
"like_px_product_line_sub_code2","24","procd2","procd_product_line_sub_name","procd_product_line_sub_name","Encounter Procedure Product Subline","",,"Encounter Clinical","0","0",,"0","0","0","0","","px_product_line_sub_code2","000_common.procd_product_line_sub","procd_product_line_sub_name Procedure_Product_Line_Sub_Name, procd_product_line_name Procedure_Product_Line_Name, procd_product_line_sub_code","px_product_line_sub_name2,px_product_line_name2","","procd_product_line_sub_code","`px_product_line_sub_code2`","Procedure_Product_Line_Sub_Name","procd_product_line_sub_code","19/3/2025 10:42:45","9","0","encounter_work_procd_code","E",,"0",
"like_referring_affiliation_dba_code",,"referring_physician","affiliation_code","affiliation_code","Explicit Referring Physician DBA",,,"Referring Physician - Explicit","0","0",,"0","0","0","0",,,,,,,,,,,"19/3/2025 10:38:45","4","0","referring_physician_code","C",,"0",
"like_referring_county",,"referring_physician","county_code","county_name","Explicit Referring Physician County","Claim-level county of the NPI address of the physician that was explicitly listed on the claim as the referring physician.",,"Referring Physician - Explicit","0","0",,"0","0","0","0","referring_physician_code","`referring_physician`.`county_name`","000_common.county","County_Name, State_Code, County_Code","referring_county",,"County_Code","`referring_county`","County_Name","County_Code","2/12/2025 11:29:43","4","0","referring_physician_code","C",,"0",
"like_referring_group_prac_code",,"referring_physician","group_prac_code","group_prac_name","Explicit Referring Physician Group Practice",,,"Referring Physician - Explicit","0","0",,"0","0","0","0",,,,,,,,,,,"19/3/2025 10:38:45","4","0","referring_physician_code","C",,"0",
"like_referring_npi_spec_grp_code",,"referring_physician","npi_spec_grp_name","npi_spec_grp_name","Explicit Referring Physician NPI Specialty","Claim-level NPI specialty of the physician that was explicitly listed on the claim as the referring physician.",,"Referring Physician - Explicit","0","0",,"0","0","0","0","referring_physician_code","referring_npi_spec_grp_code","`000_common`.npi_spec_grp","taxonomy_cat_name Taxonomy_Cat_Name, npi_spec_grp_name NPI_Specialty_Group_Name, npi_spec_grp_code"," ,referring_npi_spec_grp_name, ",,"npi_spec_grp_code","`referring_npi_spec_grp_code`","NPI_Specialty_Group_Name","npi_spec_grp_code","20/3/2025 10:23:09","4","0","referring_physician_code","C",,"0",
"like_referring_npi_type_code",,"referring_physician","npi_type_name","npi_type_name","Explicit Referring Physician Entity Type"," NPI Registry reference; Usage: for selecting claims based on the entity type associated with the referring physician's NPI registry information (1 = physicians, 2 = organizations)",,"Referring Physician - Explicit","0","0",,"0","0","0","0",,,"`000_common`.npi_type","npi_type NPI_Type, npi_type_name NPI_Type_Name","referring_npi_type",,"NPI_Type","`referring_npi_type`","NPI_Type_Name",,"20/3/2025 10:29:50","4","0","referring_physician_code","C",,"0",
"like_referring_physician_code",,"referring_physician","physician_code","physician_name","Explicit Referring Physician","Claim-level name of the physician that was explicitly listed on the claim as the referring physician.",,"Referring Physician - Explicit","0","0",,"0","0","0","0",,,"{statedb}.physician","physician_code Physician_Code, physician_name Physician_Name, Last_Name, First_Name, specialty_grp_name Intellimed_Specialty, npi_spec_grp_name NPI_Specialty, degree_abbr Degree, group_prac_name Group_Practice, street Address, zip_code Zip, city City, county_name County, state_abbr State","referring_physician_code,referring_name,,,,referring_npi_spec_grp_name,referring_degree,referring_group_name,referring_zip_code,referring_city,referring_county,","claim=1","Physician_Code","`referring_physician_code`","Physician_Code",,"20/3/2025 10:23:09","4","0","referring_physician_code","C",,"0",
"like_referring_taxonomy_cat_code",,"referring_physician","taxonomy_cat","taxonomy_cat_name","Explicit Referring Physician Taxonomy","Claim-level taxonomy from the NPI registry of the physician that was explicitly listed on the claim as the referring physician.",,"Referring Physician - Explicit","0","0",,"0","0","0","0",,"`referring_physician`.`taxonomy_cat_name`","`000_common`.npi_spec_grp","distinct taxonomy_cat_name Taxonomy_Cat_Name, taxonomy_cat Taxonomy_Cat","referring_taxonomy_cat_name",,"Taxonomy_Cat","`referring_taxonomy_cat_code`","Taxonomy_Cat_Name","Taxonomy_Cat","20/3/2025 10:23:09","4","0","referring_physician_code","C",,"0",
"like_rendering_affiliation_code",,"rendering_physician","affiliation_name","affiliation_name","Rendering Physician Affiliation",,,"Rendering Physician","0","0",,"0","0","0","0",,"rendering_affiliation_code","{statedb}.affiliation","affiliation_name Affiliation_Name, IM Group Practice, affiliation_code","affiliation_name,,",,"affiliation_code","`rendering_affiliation_code`","Affiliation_Name","affiliation_code","19/3/2025 10:36:15","3","0","rendering_physician_code","C",,"0",
"like_rendering_affiliation_dba_code",,"rendering_physician","affiliation_dba_name","affiliation_dba_name","Rendering Physician DBA",,,"Rendering Physician","0","0",,"0","0","0","0",,"`rendering_physician`.`affiliation_dba_name`","`{statedb}`.affiliation","affiliation_name Affiliation_Name, Affiliation_DBA_Name, affiliation_code","affiliation_dba_name,,",,"affiliation_code","`rendering_affiliation_code`","Affiliation_DBA_Name","affiliation_code","19/3/2025 10:36:15","3","0","rendering_physician_code","C",,"0",
"like_rendering_county_code",,"rendering_physician","county_code","county_name","Rendering Physician County","Claim-level county of the NPI address of the physician who rendered the procedure on the claim.",,"Rendering Physician","0","0",,"0","0","0","0","rendering_physician_code","`rendering_physician`.`county_name`","000_common.county","County_Name, State_Code, County_Code","rendering_county",,"County_Code","`rendering_county_code`","County_Name","County_Code","28/10/2025 15:54:06","3","0","rendering_physician_code","C",,"0",
"like_rendering_degree_code",,"rendering_physician","degree_abbr","degree_name","Rendering Physician Degree","Claim-level degree from the NPI registry of the physician who rendered the procedure on the claim.",,"Rendering Physician","0","0",,"0","0","0","0","rendering_physician_code","`rendering_physician`.`degree_name`","000_common.physician_degree","Degree_Abbr, Degree_Name, degree_code","rendering_degree",,"Degree_Abbr","`rendering_degree_code`",,"degree_code","20/3/2025 10:23:09","3","0","rendering_physician_code","C",,"0",
"like_rendering_group_prac_code",,"rendering_physician","group_prac_name","group_prac_name","Rendering Physician Group Practice"," NPI group practice feed; Usage: for selecting claims based on the name associated with the rendering physician's most recent group practice affiliation",,"Rendering Physician","0","0",,"0","0","0","0",,"rendering_group_prac_code","{statedb}.group_prac","group_prac_name Group_Practice_Name, State, group_prac_code","referring_group_name,,",,"group_prac_code","`rendering_group_prac_code`","Group_Practice_Name","group_prac_code","20/3/2025 10:29:50","3","0","rendering_physician_code","C",,"0",
"like_rendering_npi_spec_grp_code",,"rendering_physician","npi_spec_grp_name","npi_spec_grp_name","Rendering Physician NPI Specialty","Claim-level NPI specialty of the physician who rendered the procedure on the claim.",,"Rendering Physician","0","0",,"0","0","0","0","rendering_physician_code","rendering_npi_spec_grp_code","`000_common`.npi_spec_grp","npi_spec_grp_name NPI_Specialty_Group_Name, taxonomy_cat_name Taxonomy_Cat_Name, npi_spec_grp_code","rendering_npi_spec_grp_name,,",,"npi_spec_grp_code",,"NPI_Specialty_Group_Name","npi_spec_grp_code","20/3/2025 10:23:09","3","0","rendering_physician_code","C",,"0",
"like_rendering_npi_type_code",,"rendering_physician","npi_type_name","npi_type_name","Rendering Physician Entity Type","Claim-level entity type of the physician who rendered the procedure on the claim. Entity Type (Type 1= Individual; Type 2= Organization).",,"Rendering Physician","0","0",,"0","0","0","0",,,"`000_common`.npi_type","npi_type NPI_Type, npi_type_name NPI_Type_Name","npi_type_name,npi_type",,"NPI_Type","`rendering_npi_type`","NPI_Type_Name","NPI_Type","20/3/2025 10:23:09","3","0","rendering_physician_code","C",,"0",
"like_rendering_physician_code",,"rendering_physician","physician_name","physician_name","Rendering Physician","Claim-level name of the physician who rendered the procedure on the claim.",,"Rendering Physician","0","0",,"0","0","0","0",,,"{statedb}.physician","physician_code Physician_Code, physician_name Physician_Name, Last_Name, First_Name, specialty_grp_name Intellimed_Specialty, npi_spec_grp_name NPI_Specialty, degree_abbr Degree, group_prac_name Group_Practice, street Address, zip_code Zip, city City, county_name County, state_abbr State","rendering_physician_code,rendering_name,,,,rendering_npi_spec_grp_name,rendering_degree,rendering_group_name,rendering_zip_code,rendering_city,rendering_county,","claim=1","Physician_Code","`rendering_physician_code`","Physician_Code",,"20/3/2025 10:23:09","3","0","rendering_physician_code","C",,"0",
"like_rendering_physician_name_code",,"rendering_physician","physician_name","physician_name","Rendering Physician","Claim-level name of the physician who rendered the procedure on the claim.",,"Rendering Physician","0","0",,"0","0","0","0",,"rendering_physician_code","{statedb}.physician","physician_code Physician_Code, physician_name Physician_Name, Last_Name, First_Name, specialty_grp_name Intellimed_Specialty, npi_spec_grp_name NPI_Specialty, degree_abbr Degree, group_prac_name Group_Practice, street Address, zip_code Zip, city City, county_name County, state_abbr State","rendering_physician_code,rendering_name,,,,rendering_npi_spec_grp_name,rendering_degree,rendering_group_name,rendering_zip_code,rendering_city,rendering_county,",,"Physician_Code",,"Physician_Code",,"20/3/2025 10:23:09","3","0","rendering_physician_code","C",,"0",
"like_rendering_taxonomy_cat",,"rendering_physician","taxonomy_cat","taxonomy_cat_name","Rendering Physician Taxonomy","Claim-level taxonomy from the NPI registry of the physician who rendered the procedure on the claim.",,"Rendering Physician","0","0",,"0","0","0","0",,"`rendering_physician`.`taxonomy_cat_name`","`000_common`.npi_spec_grp","distinct taxonomy_cat_name Taxonomy_Cat_Name, taxonomy_cat Taxonomy_Cat","rendering_taxonomy_cat_name",,"Taxonomy_Cat",,"Taxonomy_Cat_Name","Taxonomy_Cat","20/3/2025 10:23:09","3","0","rendering_physician_code","C",,"0",
"like_sl_code","2","sl","sl_name","sl_name","Implied Service Location","Claim-level name from the NPI Registry for the best choice for where a service was performed on the individual claim for a patient.",,"Implied Service Location","0","0",,"0","0","0","0","","sl_name","{statedb}.sl","sl_code NPI, sl_name Service_Location_Name, taxonomy_cat_name Taxonomy_Cat_Name, street Address, zip_code Zip_Code, city City, county_name County_Name, state_abbr State","sl_code,sl_name,taxonomy_cat_name,street,zip_code,city,county_name,state_abbr","","NPI","`sl_code`","Name","NPI","20/3/2025 10:23:09","8","0","sl_code","C",,"0",
"like_sl_dba_code","2","sl","sl_dba_name","sl_dba_name","Implied Service Location DBA"," NPI Registry reference; Usage: for selecting claims based on the name associated with the referring organization NPI registry information",,"Implied Service Location","0","0",,"0","0","0","0","","sl_dba_name","{statedb}.sl","sl_code NPI, sl_dba_name Service_Location_DBA_Name, sl_name Service_Location_Name, taxonomy_cat_name Taxonomy_Cat_Name, street Address, zip_code Zip_Code, city City, county_name County_Name, state_abbr State","sl_code,sl_dba_name,sl_name,taxonomy_cat_name,street,zip_code,city,county_name,state_abbr","","NPI","`sl_code`","Name","NPI","20/3/2025 10:29:50","8","0","sl_code","C",,"0",
"like_sl_npi_spec_grp_code","12","sl","npi_spec_grp_name","npi_spec_grp_name","Implied Service Location NPI Specialty Group","Claim-level NPI specialty group associated with the best choice for where a service was performed on the individual claim for a patient.",,"Implied Service Location","0","0",,"0","0","0","0","sl_code","sl_npi_spec_grp_name","000_common.npi_spec_grp","distinct npi_spec_grp_name NPI_Specialty_Group_Name, npi_spec_grp_code NPI_Spec_Grp_Code","npi_spec_grp_name,npi_spec_grp_code",,"NPI_Spec_Grp_Code","`sl_npi_spec_grp_code`","NPI_Specialty_Group_Name",,"13/5/2025 11:07:48","8","0","sl_code","C",,"0",
"like_sl_npi_type_code","9","sl","npi_type_name","npi_type_name","Implied Service Location Entity Type","Claim-level entity type associated with the best choice for where a service was performed on the individual claim for a patient. Entity Type (Type 1= Individual; Type 2= Organization).",,"Implied Service Location","0","0",,"0","0","0","0",,,"`000_common`.npi_type","distinct npi_type NPI_Type, npi_type_name NPI_Type_Name","sl_npi_type",,"NPI_Type","`sl_npi_type`","NPI_Type",,"20/3/2025 10:23:09","8","0","sl_code","C",,"0",
"like_sl_taxonomy_cat","3","sl","taxonomy_cat","taxonomy_cat_name","Implied Service Location Taxonomy","Claim-level NPI taxonomy for the best choice for where a service was performed on the individual claim for a patient.",,"Implied Service Location","0","0",,"0","0","0","0","taxonomy_cat","`sl`.`taxonomy_cat_name`","`000_common`.npi_spec_grp","distinct taxonomy_cat_name Taxonomy_Cat_Name, taxonomy_cat Taxonomy_Cat","taxonomy_cat_name",,"Taxonomy_Cat",,"Taxonomy_Cat_Name","Taxonomy_Cat","20/3/2025 10:23:09","8","0","sl_code","C",,"0",
"like_work_procd_code","33","work_procdx","procd_name","procd_name","Work Procedure Detail",,,"Clinical","0","0",,"0","0","0","1",,"work_procd_code","000_common.procd","procd_code Procedure_Code, procd_name Procedure_Name, full_description Full_Description, procd_product_line_name Procedure_Product_Line_Name, procd_product_line_sub_name Procedure_Product_Line_Sub_Name, procd_type_code Procedure_Type_Code","work_procd_code,work_procd_name,px_product_line_name,px_product_line_sub_name",,"Procedure_Code","`work_procd_code`","Procedure_Name","procd_code","19/3/2025 10:26:11","12","0","work_procd_code","C",,"0",
"like_work_procd_code1","30","work_procd1","procd_name","procd_name","Primary Work Procedure","Claim-level procedure name with the highest Work RVU associated with the encounter.",,"Clinical","0","0",,"0","0","0","0",,"work_procd_code1","000_common.procd","procd_code Procedure_Code, procd_name Procedure_Name, full_description Full_Description, procd_product_line_name Procedure_Product_Line_Name, procd_product_line_sub_name Procedure_Product_Line_Sub_Name, procd_type_code Procedure_Type_Code","work_procd_code1,work_procd_name1,px_long_description1,px_product_line_name1,px_product_line_sub_name1",,"Procedure_Code","`work_procd_code1`","Procedure_Name","procd_name","18/2/2026 08:33:48","12","0","work_procd_code","C",,"0",
"like_work_px_product_line_code","34","work_procdx","procd_product_line_name","procd_product_line_name","Work Procedure Product Line Detail",,,"Clinical","0","0",,"0","0","0","1",,"work_px_product_line_name1","000_common.procd_product_line","procd_product_line_name Procedure_Product_Line_Name, procd_product_line_code","work_px_product_line_name1",,"procd_product_line_code","`work_px_product_line_code`","Procedure_Product_Line_Name","procd_product_line_code","19/3/2025 10:26:11","12","0","work_procd_code","C",,"0",
"like_work_px_product_line_code1","31","work_procd1","procd_product_line_name","procd_product_line_name","Primary Work Procedure Product Line","Claim-level procedure product line as defined by HCUP with the highest Work RVU associated with the encounter.",,"Clinical","0","0",,"0","0","0","0",,"work_px_product_line_name1","000_common.procd_product_line","procd_product_line_name Procedure_Product_Line_Name, procd_product_line_code","work_px_product_line_name1",,"procd_product_line_code","`work_px_product_line_code1`","Procedure_Product_Line_Name","procd_product_line_code","20/3/2025 10:23:09","12","0","work_procd_code","C",,"0",
"like_work_px_product_line_sub_code","35","work_procdx","procd_product_line_sub_name","procd_product_line_sub_name","Work Procedure Product Subline Detail",,,"Clinical","0","0",,"0","0","0","1",,"work_px_product_line_name1","000_common.procd_product_line","procd_product_line_name Procedure_Product_Line_Name, procd_product_line_code","work_px_product_line_name1",,"procd_product_line_code","`work_px_product_line_sub_code`","Procedure_Product_Line_Name","procd_product_line_code","19/3/2025 10:26:11","12","0","work_procd_code","C",,"0",
"like_work_px_product_line_sub_code1","32","work_procd1","procd_product_line_sub_name","procd_product_line_sub_name","Primary Work Procedure Product Subline","Claim-level procedure product subline as defined by HCUP with the highest Work RVU associated with the encounter.",,"Clinical","0","0",,"0","0","0","0",,"work_px_product_line_sub_name1","000_common.procd_product_line_sub","procd_product_line_sub_name Procedure_Product_Line_Sub_Name, procd_product_line_name Procedure_Product_Line_Name, procd_product_line_sub_code","work_px_product_line_sub_name1,px_product_line_name1",,"procd_product_line_sub_code","`work_px_product_line_sub_code1`","Procedure_Product_Line_Sub_Name","procd_product_line_sub_code","20/3/2025 10:23:09","12","0","work_procd_code","C",,"0",
"los","1","{table}","los","los","LOS (Days)",,"n0","Patient","0","0",,"1","0","0","0",,,"seq_1_to_2000","seq Days","los_total",,"Days","`los`",,,"20/6/2025 11:37:49","17","0","los","I",,"0",
"los_pct_grp1",,"group1table","los_total","concat(round(COALESCE(cachetable.los_total/group1table.los_total,0)*100,2),'%')","Percent {Group1} Days","Provides a subtotal Percentage of first grouping returned on days","p2","Common","0","1",,"0","0","1","0",,,,,,,,,,,"8/12/2025 08:33:25","1","0","los","I",,"0",
"los_pct_total",,"cachetable0","los_total","concat(round(COALESCE(cachetable.los_total/cachetable0.los_total,0)*100,2),'%')","Percent Total Days","Provides a percent of total days returned.","p2","Common","0","1",,"0","0","1","0",,,,,,,,,,,"17/12/2025 20:14:59","1","0","los","I",,"0",
"los_per_case",,"cachetable","los_total","round(COALESCE(cachetable.los_total/cachetable.case_count,0),2)","Average Days Per Case","The average days or length of stay per discharge case","n2","Common","0","1",,"0","0","1","0",,,,,,,,,,,"8/12/2025 16:58:48",,"0","los","I",,"0",
"los_total",,"{table}","los","round(sum({table}.los) / count(1) * count(distinct {table}.case_id),0)","Days","The total days assocaited with cases on report","n0","Common","0","1",,"0","0","0","0",,,,,,,,,,,"8/12/2025 08:33:25","1","0","los","I",,"0",
"male_total",,"{table}","gender_code","sum({table}.gender_code = 'M')","Male Total","Percentage of male discharges","n","Patient","0","1",,"0","1","0","0",,,,,,,,,,,"13/2/2026 12:36:41","3","0","gender_code","IOD",,"0",
"market_case_count",,"cachetable0","case_count","cachetable0.case_count","Market Level Case Totals","Total visits","n0","Common","0","1","0","0","0","1","0",,,,,,,,,,,"5/8/2026 16:49:43","1","0","case_id","OD",,"0",
"market_case_pct",,"cachetable","case_count","concat(round(COALESCE(cachetable.case_count/cachetable0.case_count,0)*100,2),'%')","Market Share Percent Cases","Percentage market share of visits","p2","Common","0","1","0","0","0","1","0",,,,,,,,,,,"5/8/2026 16:49:43","1","0","case_id","OD",,"0",
"market_charges_pct",,"cachetable","charges_total","concat(round(COALESCE(cachetable.charges_total/cachetable0.charges_total,0)*100,2),'%')","Market Share Percent Charges","Percentage market share of charges","p2","Common","0","1","0","0","0","1","0",,,,,,,,,,,"17/12/2025 20:14:59","1","0","charge","OD",,"0",
"market_charges_total",,"cachetable0","charges_total","cachetable0.charges_total","Market Level Charge Totals","Total charges","c0","Common","0","1","0","0","0","1","0",,,,,,,,,,,"9/12/2025 11:13:08","1","0","charge","OD",,"0",
"market_procd_count",,"cachetable0","procd_count_total","cachetable0.procd_count_total","Market Level Procedure Totals","Total procedure count","n0","Common","0","1","0","0","0","1","0",,,,,,,,,,,"9/12/2025 11:13:09","1","0","procd_count_total","OD",,"0",
"market_procd_pct",,"cachetable","procd_count_total","concat(round(COALESCE(cachetable.procd_count_total/cachetable0.procd_count_total,0)*100,2),'%')","Market Share Percent Procedures","Percentage market share of procedures","p2","Common","0","1","0","0","0","1","0",,,,,,,,,,,"17/12/2025 20:14:59","1","0","procd_count_total","OD",,"0",
"medicaid_cy",,"covered_lives","medicaid_cy","sum(medicaid_cy)","Current Year Medicaid",,"n0","Covered Lives","0","1",,"0","0","0","0",,,,,,,,,,,"13/6/2025 07:45:54","40","0","medicaid_cy","L",,"0",
"medicaid_cy5",,"covered_lives","medicaid_cy5","sum(medicaid_cy5)","Projected 5-Year Medicaid",,"n0","Covered Lives","0","1",,"0","0","0","0",,,,,,,,,,,"13/6/2025 07:45:51","40","0","medicaid_cy5","L",,"0",
"medical_surg_code","19","msdrg","medical_surg_code","medical_surg_code","MS-DRG Medical Surgical Type","Classification of medical or surgical MS-DRG",,"Clinical","1","0",,"0","0","0","0",,"medical_surg_code",,,,,,,,,"8/12/2025 08:33:25","12","0","medical_surg_code","I",,"0",
"medicare_cy",,"covered_lives","medicare_cy","sum(medicare_cy)","Current Year Medicare",,"n0","Covered Lives","0","1",,"0","0","0","0",,,,,,,,,,,"13/6/2025 07:46:04","40","0","medicare_cy","L",,"0",
"medicare_cy5",,"covered_lives","medicare_cy5","sum(medicare_cy5)","Projected 5-Year Medicare",,"n0","Covered Lives","0","1",,"0","0","0","0",,,,,,,,,,,"13/6/2025 07:46:06","40","0","medicare_cy5","L",,"0",
"medprovnumber ",,"hospital","medprovnumber ","medprovnumber ","Medicare Provider Number","The Medicare provider number associated with the facility on the discharge case",,"Provider","1","0",,"0","0","0","0",,,,,,,,,,,"8/12/2025 08:33:25","150","0","medprovnumber ","I",,"0",
"mort_total",,"{table}","mort_code","sum(mort_code)","Mortality Count",,"n0","Mortality","0","1",,"0","0","0","0",,,,,,,,,,,"24/10/2025 15:11:14","3","0","mort_code","I",,"0",
"mortality_index","3","inpatient_apr","rom_code","round(sum(inpatient_apr.rom_code )/count(inpatient.case_id),4)","ROM Index","A measure of change in Risk of Mortality where the average index is 1.00 and the weight is based on APR-DRGs in report","n2","Mortality","0","1",,"0","0","0","0",,,,,,,,,,,"17/2/2026 16:34:56",,"0","rom_code","A",,"0",
"mortality_index_aprdrg",,"cachetable","cms_mortality_aprdrg","round(COALESCE(cachetable.mort_total/cachetable.cms_mortality_aprdrg,0),4)","Mortality Index (APR-DRG)","A measure of change in mortality where the average index is 1.00 and the weight is based on APR-DRGs in the report.","n2","Mortality","0","1",,"0","0","1","0",,,,,,,,,,,"10/2/2026 06:09:59",,"0","mort_code","A",,"0",
"mortality_index_aprdrg_inl",,"cachetable","cms_mortality_aprdrg_inl","round(COALESCE(cachetable.mort_total/cachetable.cms_mortality_aprdrg_inl,0),4)","Mortality Index (APR-DRG, Inliers)",,"n2","Mortality","0","1",,"0","1","1","0",,,,,,,,,,,"2/12/2025 10:45:22",,"0","mort_code","X",,"0",
"mortality_index_msdrg",,"cachetable","cms_mortality_msdrg","round(COALESCE(cachetable.mort_total/cachetable.cms_mortality_msdrg,0),4)","Mortality Index (MS-DRG)","A measure of change in mortality where the average index is 1.00 and the weight is based on MS-DRGs in report","n2","Mortality","0","1",,"0","0","1","0",,,,,,,,,,,"8/12/2025 08:33:25",,"0","mort_code","I",,"0",
"mortality_index_msdrg_inl",,"cachetable","cms_mortality_msdrg_inl","round(COALESCE(cachetable.mort_total/cachetable.cms_mortality_msdrg_inl,0),4)","Mortality Index (MS-DRG, Inliers)",,"n2","Mortality","0","1",,"0","1","1","0",,,,,,,,,,,"2/12/2025 10:45:22",,"0","mort_code","X",,"0",
"mortality_pct","2","{table}","mort_total","concat(round(COALESCE(cachetable.mort_total/cachetable0.mort_total,0)*100,2),'%')","Percent Mortality",,"p2","Mortality","0","1",,"0","0","1","0",,,,,,,,,,,"28/1/2026 15:50:09",,"0","mort_code","I",,"0",
"mortality_pct","2","cachetable","mort_total","concat(round(COALESCE(cachetable.mort_total/cachetable.case_count,0)*100,2),'%')","Percent Mortality",,"p2","Mortality","0","1",,"0","0","1","0",,,,,,,,,,,"19/2/2026 11:30:34",,"0","mort_code","I",,"0",
"msdrg_code","17","msdrg","msdrg_code","msdrg_code","MS-DRG Code","Medicare Severity Diagnosis Related Groups (MSDRG) a classification system used to group inpatient hospital cases into categories based on principal diagnosis, secondary diagnoses, procedures, gender and discharge status.",,"Clinical","1","0",,"1","0","0","0",,,"000_common.msdrg","msdrg_code Msdrg_Code, msdrg_name Msdrg_Name, msdrg_specialty_name Specialty_Name, mdc_name  MDC_Name, medical_surg_code Med_Surg_Code","msdrg_code,msdrg_name,msdrg_specialty_name,msdrg_mdc_name,medical_surg_code",,"Msdrg_Code","`msdrg_code`","Msdrg_Code",,"10/2/2026 06:09:59","12","0","msdrg_code","IO",,"0",
"msdrg_mdc_code",,"msdrg","mdc_code","mdc_code","MS-DRG MDC Code",,,"Clinical","0","0",,"0","0","0","0",,,,,,,,,,,"10/2/2026 15:34:46","12","0","mdc_code","IO",,"0",
"msdrg_mdc_name","19","msdrg_mdc","mdc_name","mdc_name","MS-DRG MDC","Major Diagnostic Category (MDC) groups MS-DRGs into broad categories based on condition type and body region ",,"Clinical","1","0",,"1","0","0","1",,"msdrg_mdc_code","{statedb}.mdc","mdc_code MDC_Code,MDC_Name","msdrg_mdc_name",,"MDC_Code","`msdrg_mdc_code`","MDC_Name","MDC_Code","10/2/2026 15:34:48","12","0","mdc_name","IO",,"0",
"msdrg_med_surg","16","msdrg","medical_surg_code","medical_surg_code","MS-DRG Med/Surg Type","Medical Surgical Type",,"Clinical","1","0",,"0","0","0","1",,"medical_surg_code","000_common.msdrg","medical_surg_code Medical_Surgery_Code","medical_surg_code",,"medical_surg_code","`medical_surg_code`","Medical_Surg_Code",,"13/2/2026 10:39:37","12","0","medical_surg_code","IO",,"0",
"msdrg_name","16","msdrg","msdrg_name","msdrg_name","MS-DRG Name","Medicare Severity Diagnosis Related Groups (MSDRG) a classification system used to group inpatient hospital cases into categories based on principal diagnosis, secondary diagnoses, procedures, gender and discharge status",,"Clinical","1","0",,"1","0","0","1",,"msdrg_code","000_common.msdrg","msdrg_code Msdrg_Code, msdrg_name Msdrg_Name, msdrg_specialty_name Specialty_Name, mdc_name  MDC_Name, medical_surg_code Med_Surg_Code","msdrg_code,msdrg_name,msdrg_specialty_name,msdrg_mdc_name,medical_surg_code",,"Msdrg_Code","`msdrg_code`","Msdrg_Name","msdrg_code","8/12/2025 08:33:25","12","0","msdrg_name","IO",,"0",
"msdrg_name_claims",,"msdrg","msdrg_name","msdrg_name","MS-DRG",,,"Clinical","0","0",,"0","1","0","0",,"msdrg_code","000_common.msdrg m inner join 000_common.msdrg_specialty s on m.msdrg_specialty_name = s.msdrg_specialty_name inner join 000_common.mdc d on m.mdc_name = d.mdc_name","m.msdrg_code Msdrg_Code,m.msdrg_name Msdrg_Name,m.msdrg_specialty_name Msdrg_Specialty_Name, m.mdc_name MDC, m.medical_surg_code Med_Surg_Code","m.msdrg_code,m.msdrg_name,m.msdrg_specialty_name,m.msdrg_mdc_name,m.medical_surg_code","m.mdc_code = d.mdc_code and m.msdrg_specialty_code = s.msdrg_specialty_code","Msdrg_Code","`msdrg_code`","Msdrg_Name",,"5/11/2025 12:01:43","12","0","msdrg_name","I",,"0",
"msdrg_outlier_name","6","msdrg_outlier","outlier_name","outlier_name","Outlier (MS-DRG)",,,"Payor/Revenue","0","0",,"0","0","0","0",,"{table}.msdrg_outlier_code","{statedb}.outlier","outlier_code Outlier_Code, outlier_name Outlier_Name",",outlier_name",,"Outlier_Code","{table}.msdrg_outlier_code","Outlier_Name",,"16/10/2025 13:40:21","21","0","outlier_name","IO",,"0",
"msdrg_specialty_code",,"msdrg_specialty","msdrg_specialty_code","msdrg_specialty_code","MS-DRG Service Line Code",,,"Clinical","0","0",,"0","1","0","0",,,,,,,,,,,"3/11/2025 14:32:21","12","0","msdrg_specialty_code","IO",,"0",
"msdrg_specialty_name","18","msdrg_specialty","msdrg_specialty_name","msdrg_specialty_name","MS-DRG Service Line","High level proprietary grouping of MS-DRGs defined by Intellimed",,"Clinical","1","0",,"1","0","0","0",,"msdrg_specialty_code","000_common.msdrg_specialty","msdrg_specialty_name Msdrg_Specialty_Name, msdrg_specialty_abbr Msdrg_Specialty_Abbr,msdrg_specialty_code","msdrg_specialty_name,msdrg_specialty_abbr,",,"msdrg_specialty_code","`msdrg_specialty_code`","Msdrg_Specialty_Name","msdrg_specialty_code","6/1/2026 13:15:11","12","0","msdrg_specialty_name","IO",,"0",
"national_payment_aprdrg",,"aprdrg","national_payment","round(sum(aprdrg.national_payment)/count( inpatient.case_id),2)","National Payment (APR-DRG)",,"c0","APR-DRG","0","1",,"0","0","0","0",,,,,,,,,,,"8/12/2025 13:59:37",,"0","national_payment","A",,"1","{table}-utilization-cmi-aprdrg"
"national_payment_msdrg",,"msdrg","national_payment","round(sum(msdrg.national_payment)/count( inpatient.case_id),2)","National Payment (MS-DRG)","The average payment across the county for the mix of DRGs in report","c0","MS-DRG","0","1",,"0","0","0","0",,,,,,,,,,,"8/12/2025 13:59:37",,"0","national_payment","I",,"1","{table}-utilization-cmi-msdrg"
"non_ps1_pct",,"{table}","ps1_code","1-avg({table}.ps1_code)","P01 Non-Outpatient Surgical Percent","","p1","IL MO HSHS","0","1",,"0","0","0","0",,,,,,,,,,,"8/12/2025 08:33:25",,"0","ps1_code","I",,"0",
"non_ps1_total",,"{table}","ps1_code","sum(1-{table}.ps1_code)","P01 Non-Outpatient Surgical Count","","n0","IL MO HSHS","0","1",,"0","0","0","0",,,,,,,,,,,"8/12/2025 08:33:25",,"0","ps1_code","I",,"0",
"non_ps10_pct",,"{table}","ps10_code","1-avg({table}.ps10_code)","P10 Non-Intensive Care Neonatal-L2 Percent","","p1","IL MO HSHS","0","1",,"0","0","0","0",,,,,,,,,,,"8/12/2025 08:33:25",,"0","ps10_code","I",,"0",
"non_ps10_total",,"{table}","ps10_code","sum(1-{table}.ps10_code)","P10 Non-Intensive Care Neonatal-L2 Count","","n0","IL MO HSHS","0","1",,"0","0","0","0",,,,,,,,,,,"8/12/2025 08:33:25",,"0","ps10_code","I",,"0",
"non_ps11_pct",,"{table}","ps11_code","1-avg({table}.ps11_code)","P11 Non-Intensive Care Neonatal-L3 Percent","","p1","IL MO HSHS","0","1",,"0","0","0","0",,,,,,,,,,,"8/12/2025 08:33:25",,"0","ps11_code","I",,"0",
"non_ps11_total",,"{table}","ps11_code","sum(1-{table}.ps11_code)","P11 Non-Intensive Care Neonatal-L3 Count","","n0","IL MO HSHS","0","1",,"0","0","0","0",,,,,,,,,,,"8/12/2025 08:33:25",,"0","ps11_code","I",,"0",
"non_ps12_pct",,"{table}","ps12_code","1-avg({table}.ps12_code)","P12 Non-Swing Beds Percent","","p1","IL MO HSHS","0","1",,"0","0","0","0",,,,,,,,,,,"8/12/2025 08:33:25",,"0","ps12_code","I",,"0",
"non_ps12_total",,"{table}","ps12_code","sum(1-{table}.ps12_code)","P12 Non-Swing Beds Count","","n0","IL MO HSHS","0","1",,"0","0","0","0",,,,,,,,,,,"8/12/2025 08:33:25",,"0","ps12_code","I",,"0",
"non_ps13_pct",,"{table}","ps13_code","1-avg({table}.ps13_code)","P13 Non-Intensive Care Unit Percent","","p1","IL MO HSHS","0","1",,"0","0","0","0",,,,,,,,,,,"8/12/2025 08:33:25",,"0","ps13_code","I",,"0",
"non_ps13_total",,"{table}","ps13_code","sum(1-{table}.ps13_code)","P13 Non-Intensive Care Unit Count","","n0","IL MO HSHS","0","1",,"0","0","0","0",,,,,,,,,,,"8/12/2025 08:33:25",,"0","ps13_code","I",,"0",
"non_ps14_pct",,"{table}","ps14_code","1-avg({table}.ps14_code)","P14 Non-Intensive Care Neonatal-L4 Percent","","p1","IL MO HSHS","0","1",,"0","0","0","0",,,,,,,,,,,"8/12/2025 08:33:25",,"0","ps14_code","I",,"0",
"non_ps14_total",,"{table}","ps14_code","sum(1-{table}.ps14_code)","P14 Non-Intensive Care Neonatal-L4 Count","","n0","IL MO HSHS","0","1",,"0","0","0","0",,,,,,,,,,,"8/12/2025 08:33:25",,"0","ps14_code","I",,"0",
"non_ps15_pct",,"{table}","ps15_code","1-avg({table}.ps15_code)","P15 Non-Coronary Care Unit Percent","","p1","IL MO HSHS","0","1",,"0","0","0","0",,,,,,,,,,,"8/12/2025 08:33:25",,"0","ps15_code","I",,"0",
"non_ps15_total",,"{table}","ps15_code","sum(1-{table}.ps15_code)","P15 Non-Coronary Care Unit Count","","n0","IL MO HSHS","0","1",,"0","0","0","0",,,,,,,,,,,"8/12/2025 08:33:25",,"0","ps15_code","I",,"0",
"non_ps16_pct",,"{table}","ps16_code","1-avg({table}.ps16_code)","P16 Non-Inpatient Percent","","p1","IL MO HSHS","0","1",,"0","0","0","0",,,,,,,,,,,"8/12/2025 08:33:25",,"0","ps16_code","I",,"0",
"non_ps16_total",,"{table}","ps16_code","sum(1-{table}.ps16_code)","P16 Non-Inpatient Count","","n0","IL MO HSHS","0","1",,"0","0","0","0",,,,,,,,,,,"8/12/2025 08:33:25",,"0","ps16_code","I",,"0",
"non_ps2_pct",,"{table}","ps2_code","1-avg({table}.ps2_code)","P02 Non-Outpatient Emergency Department Percent","","p1","IL MO HSHS","0","1",,"0","0","0","0",,,,,,,,,,,"8/12/2025 08:33:25",,"0","ps2_code","I",,"0",
"non_ps2_total",,"{table}","ps2_code","sum(1-{table}.ps2_code)","P02 Non-Outpatient Emergency Department Count","","n0","IL MO HSHS","0","1",,"0","0","0","0",,,,,,,,,,,"8/12/2025 08:33:25",,"0","ps2_code","I",,"0",
"non_ps3_pct",,"{table}","ps3_code","1-avg({table}.ps3_code)","P03 Non-Currently Unused Percent","","p1","IL MO HSHS","0","1",,"0","0","0","0",,,,,,,,,,,"8/12/2025 08:33:25",,"0","ps3_code","I",,"0",
"non_ps3_total",,"{table}","ps3_code","sum(1-{table}.ps3_code)","P03 Non-Currently Unused Count","","n0","IL MO HSHS","0","1",,"0","0","0","0",,,,,,,,,,,"8/12/2025 08:33:25",,"0","ps3_code","I",,"0",
"non_ps4_pct",,"{table}","ps4_code","1-avg({table}.ps4_code)","P04 Non-Observation Care Percent","","p1","IL MO HSHS","0","1",,"0","0","0","0",,,,,,,,,,,"8/12/2025 08:33:25",,"0","ps4_code","I",,"0",
"non_ps4_total",,"{table}","ps4_code","sum(1-{table}.ps4_code)","P04 Non-Observation Care Count","","n0","IL MO HSHS","0","1",,"0","0","0","0",,,,,,,,,,,"8/12/2025 08:33:25",,"0","ps4_code","I",,"0",
"non_ps5_pct",,"{table}","ps5_code","1-avg({table}.ps5_code)","P05 Non-Imaging Percent","","p1","IL MO HSHS","0","1",,"0","0","0","0",,,,,,,,,,,"8/12/2025 08:33:25",,"0","ps5_code","I",,"0",
"non_ps5_total",,"{table}","ps5_code","sum(1-{table}.ps5_code)","P05 Non-Imaging Count","","n0","IL MO HSHS","0","1",,"0","0","0","0",,,,,,,,,,,"8/12/2025 08:33:25",,"0","ps5_code","I",,"0",
"non_ps6_pct",,"{table}","ps6_code","1-avg({table}.ps6_code)","P06 Non-Other Surgical Procedures Percent","","p1","IL MO HSHS","0","1",,"0","0","0","0",,,,,,,,,,,"8/12/2025 08:33:25",,"0","ps6_code","I",,"0",
"non_ps6_total",,"{table}","ps6_code","sum(1-{table}.ps6_code)","P06 Non-Other Surgical Procedures Count","","n0","IL MO HSHS","0","1",,"0","0","0","0",,,,,,,,,,,"8/12/2025 08:33:25",,"0","ps6_code","I",,"0",
"non_ps7_pct",,"{table}","ps7_code","1-avg({table}.ps7_code)","P07 Non-Diagnostics Percent","","p1","IL MO HSHS","0","1",,"0","0","0","0",,,,,,,,,,,"8/12/2025 08:33:25",,"0","ps7_code","I",,"0",
"non_ps7_total",,"{table}","ps7_code","sum(1-{table}.ps7_code)","P07 Non-Diagnostics Count","","n0","IL MO HSHS","0","1",,"0","0","0","0",,,,,,,,,,,"8/12/2025 08:33:25",,"0","ps7_code","I",,"0",
"non_ps8_pct",,"{table}","ps8_code","1-avg({table}.ps8_code)","P08 Non-Professional Fees Percent","","p1","IL MO HSHS","0","1",,"0","0","0","0",,,,,,,,,,,"8/12/2025 08:33:25",,"0","ps8_code","I",,"0",
"non_ps8_total",,"{table}","ps8_code","sum(1-{table}.ps8_code)","P08 Non-Professional Fees Count","","n0","IL MO HSHS","0","1",,"0","0","0","0",,,,,,,,,,,"8/12/2025 08:33:25",,"0","ps8_code","I",,"0",
"non_ps9_pct",,"{table}","ps9_code","1-avg({table}.ps9_code)","P09 Non-Rehabilitation Percent","","p1","IL MO HSHS","0","1",,"0","0","0","0",,,,,,,,,,,"8/12/2025 08:33:25",,"0","ps9_code","I",,"0",
"non_ps9_total",,"{table}","ps9_code","sum(1-{table}.ps9_code)","P09 Non-Rehabilitation Count","","n0","IL MO HSHS","0","1",,"0","0","0","0",,,,,,,,,,,"8/12/2025 08:33:25",,"0","ps9_code","I",,"0",
"npi_type",,"npi_type","npi_type","npi_type","NPI Type",,,"NPI Type","0","0",,"0","0","0","0",,,"`000_common`.npi_type","npi_type_name NPI_Type_Name, npi_type NPI_Type","npi_type_name,npi_type",,"NPI_Type","`npi_type`","NPI_Type_Name","NPI_Type","14/3/2025 11:22:47",,"0","npi_type","C",,"0",
"oper_degree",,"oper_physician","degree_abbr","degree_abbr","Operating Physician Practioner Type  Abbr",,,"Provider","0","0",,"1","0","0","0",,,"000_common.physician_degree","degree_abbr Degree_Abbr, Degree_Name","oper_degree","","Degree_Abbr","`oper_degree`","Degree_Name",,"13/6/2025 07:47:48","150","0","oper_physician_code","IO",,"0",
"oper_degree_name",,"oper_physician","degree_abbr","degree_name","Operating Physician Practioner Type","The type of degree held by the operating physician from the NPI registry",,"Provider","1","0",,"0","0","0","0",,"oper_physician.degree_code",,,,,,,,,"8/12/2025 08:33:26","150","0","oper_physician_code","IO",,"0",
"oper_group_prac_code",,"oper_physician","group_prac_code","group_prac_code","Operating Physician Group Practice Code",,,"Provider","0","0",,"0","0","0","0",,,,,,,,,,,"13/6/2025 07:47:48","150","0","oper_physician_code","IO",,"0",
"oper_group_prac_name",,"oper_physician","group_prac_name","group_prac_name","Operating Physician CMS Group Practice","The CMS group practice associated with the operating physician on the discharge case",,"Provider","1","0",,"1","0","0","1",,"oper_group_prac_code","{statedb}.group_prac","group_prac_code CMS_Group_Practice_Code, group_prac_name CMS_Group_Practice, State",",oper_group_prac_name,",,"CMS_Group_Practice_Code","`oper_group_prac_code`","CMS_Group_Practice","group_prac_code","11/2/2026 11:45:35","150","0","oper_physician_code","IO",,"0",
"oper_npi_spec_grp_code",,"oper_physician","npi_spec_grp_code","npi_spec_grp_code","Operating NPI Specialty Code",,,"Provider","0","0",,"0","0","0","0",,,,,,,,,,,"16/6/2025 16:16:59","150","0","oper_physician_code","IO",,"0",
"oper_npi_spec_grp_name",,"oper_physician","npi_spec_grp_name","npi_spec_grp_name","Operating NPI Specialty","The NPI specialty of the operating physician on the discharge case",,"Provider","1","0",,"1","0","0","1","oper_physician_code","oper_npi_spec_grp_code","`000_common`.npi_spec_grp","npi_spec_grp_code NPI_Specialty_Group_Code, npi_spec_grp_name NPI_Specialty_Group_Name","oper_npi_spec_grp_name",,"NPI_Specialty_Group_Code","`oper_npi_spec_grp_code`","NPI_Specialty_Group_Name","npi_spec_grp_code","11/2/2026 11:44:31","150","0","oper_physician_code","IO",,"0",
"oper_physician",,"oper_physician","physician_code","physician_code","Operating Physician ID","The NPI number of the operating physician on the discharge case",,"Provider","1","0",,"1","0","0","0",,,"{statedb}.physician p INNER JOIN {statedb}.physician_flag ON ({statedb}.physician_flag.physician_code = p.physician_code and ( ({statedb}.physician_flag.ip = {Papptype}) + ({statedb}.physician_flag.op*2  = {Papptype}) ) )","p.physician_code Physician_Code, physician_name Physician_Name, Last_Name, First_Name, specialty_grp_name Intellimed_Specialty, npi_spec_grp_name NPI_Specialty, degree_abbr Degree, group_prac_name Group_Practice, street Address, zip_code Zip, city City, county_name County, state_abbr State","attd_physician_code,attd_physician_name,last_name,first_name,specialty_grp_name,npi_spec_grp_name,degree_name,group_prac_name,street,zip_code,city,county_name,state_abbr",,"Physician_Code","`oper_physician`","Physician_Code",,"16/2/2026 14:28:13","150","0","oper_physician_code","IO",,"0",
"oper_physician_name",,"oper_physician","physician_name","physician_name","Operating Physician","The name of the operating physician on the discharge case",,"Provider","1","0",,"1","0","0","1",,"oper_physician_code","{statedb}.physician p INNER JOIN {statedb}.physician_flag ON ({statedb}.physician_flag.physician_code = p.physician_code and ( ({statedb}.physician_flag.ip = {Papptype}) + ({statedb}.physician_flag.op*2  = {Papptype}) ) )","p.physician_code Physician_Code, physician_name Physician_Name, Last_Name, First_Name, specialty_grp_name Intellimed_Specialty, npi_spec_grp_name NPI_Specialty, degree_abbr Degree, group_prac_name Group_Practice, street Address, zip_code Zip, city City, county_name County, state_abbr State","oper_physician_code,oper_physician_name,,,oper_specialty_grp_name,oper_npi_spec_grp_name,oper_degree_name,oper_group_prac_name,oper_zip_code,,,",,"Physician_Code","`oper_physician`","Physician_Name","physician_code","8/12/2025 08:33:25","150","0","oper_physician_code","IO","physician_code","0",
"oper_specialty_grp_code",,"oper_physician","specialty_grp_code","specialty_grp_code","Operating IM Specialty","The Intellimed specialty assigned to the operating physician on the discharge case based on the most performed MS-DRG service line",,"Provider","1","0",,"1","1","0","1",,,,,,,,,,,"8/12/2025 08:33:25","150","0","oper_physician_code","IO",,"0",
"oper_specialty_grp_name",,"oper_physician","specialty_grp_name","specialty_grp_name","Operating IM Specialty","The Intellimed specialty assigned to the operating physician on the discharge case based on the most performed MS-DRG service line",,"Provider","1","0",,"1","0","0","1",,"oper_specialty_grp_code","000_common.physician_spec_group","specialty_grp_code IM_Specialty_Group_Code, specialty_grp_name IM_Specialty_Group_Name","oper_specialty_grp_name",,"IM_Specialty_Group_Code","`oper_specialty_grp_code`","IM_Specialty_Group_Name","specialty_grp_code","13/2/2026 15:27:29","150","0","oper_physician_code","IO",,"0",
"oper_zip_code",,"oper_physician","zip_code","zip_code","Operating Physician Zip Code","The zip code of the NPI address of the operating physician on the discharge case",,"Provider","1","0",,"1","0","0","1",,,"{statedb}.zip","zip_code Zip_Code, zip_name Zip_Name, City, county_name County_Name, State, cbsa_name CBSA, zip_class ZipClass, zip_demo_base_name Zip_Demo_Base_Name","oper_zip_code",,"Zip_Code","`oper_zip_code`","Zip_Code","zip_code","16/2/2026 15:04:19","150","0","oper_physician_code","IO",,"0",
"out_case_count","1","{table}","case_id","count(distinct {table}.case_id)","Outpatient Cases","Number of hospital discharge cases","n0","Common","0","1",,"0","0","0","0","","","","","","","","","","","5/8/2026 16:49:43","1","0","case_id","O",,"1","{table}-inpatient"
"out_case_pct_total","4","cachetable","out_case_count","concat(round(COALESCE(cachetable.out_case_count/(cachetable.out_case_count+cachetable.inp_case_count),0)*100,2),'%')","Outpatient Percent Total Cases","Provides a percent of total visits returned.","p2","Common","0","1",,"0","0","1","0","","","","","","","","","","","5/8/2026 16:49:43","1","0","case_id","O",,"1","{table}-inpatient"
"out_charges_pct_total","5","cachetable","out_charges_total","concat(round(COALESCE(cachetable.out_charges_total/(cachetable.out_charges_total+cachetable.inp_charges_total),0)*100,2),'%')","Outpatient Percent Total Charges","Provides a percent of total charges returned.","p2","Common","0","1",,"0","0","1","0","","","","","","","","","","","9/2/2026 16:30:40","1","0","charge","O",,"1","{table}-inpatient"
"out_charges_per_case","3","{table}","charge","round(sum({table}.charge)/count({table}.case_id),2)","Outpatient Average Charge Per Case","The average charges per discharge case","c0","Common","0","1",,"0","0","0","0","","","","","","","","","","","5/8/2026 16:49:43","1","0","charge","O",,"1","{table}-inpatient"
"out_charges_total","2","{table}","charge","round(sum({table}.charge)*1.0,2)","Outpatient Charges","Total charges associated with cases on report (charges are reflective of hospital charge masters not reimbursed values)","c0","Common","0","1",,"0","0","0","0","","","","","","","","","","","9/2/2026 16:30:40","1","0","charge","O",,"1","{table}-inpatient"
"outlier_count_aprdrg",,"{table}","aprdrg_outlier","sum({table}.aprdrg_outlier)","Outlier Count (APR-DRG)","APR-DRG Outlier Count","n0","APR-DRG","0","1",,"0","0","0","0",,,"","","","","","","","","29/10/2025 14:43:41",,"0","aprdrg_outlier","X",,"0",
"outlier_count_msdrg",,"{table}","msdrg_outlier","sum({table}.msdrg_outlier)","Outlier Count (MS-DRG)",,"n0","MS-DRG","0","1",,"0","0","0","0",,,,,,,,,,,"24/7/2025 12:00:03",,"0","msdrg_outlier","X",,"0",
"outlier_index_aprdrg",,"cachetable","bench_outlier_aprdrg","COALESCE(cachetable.outlier_count_aprdrg/cachetable.bench_outlier_aprdrg,0)","Outlier Index (APR-DRG)","APR-DRG Outlier Index","n2","APR-DRG","0","1",,"0","0","1","0",,,"","","","","","","","","29/10/2025 14:43:29",,"0","aprdrg_outlier","X",,"0",
"outlier_index_msdrg",,"cachetable","bench_outlier_msdrg","COALESCE(cachetable.outlier_count_msdrg/cachetable.bench_outlier_msdrg,0)","Outlier Index (MS-DRG)",,"n2","MS-DRG","0","1",,"0","0","1","0",,,,,,,,,,,"24/7/2025 12:00:03",,"0","msdrg_outlier","X",,"0",
"pat_cbsa_code",,"pat_zip","cbsa_code","cbsa_code","Patient CBSA Code",,,"Patient","0","0",,"1","1","0","0",,,,,,,,,,,"20/6/2025 11:38:32","17","0","cbsa_code","BIOD",,"0",
"pat_cbsa_name","9","pat_zip","cbsa_name","cbsa_name","Patient CBSA","CBSA associated with the patient origin on a discharge case",,"Patient","1","0",,"1","0","0","1",,"pat_zip.cbsa_name","000_common.zip","distinct cbsa_code CBSA_Code,cbsa_name CBSA, State",",pat_cbsa_name,",,"CBSA_Code","`pat_cbsa_code`","CBSA","CBSA_Code","22/1/2026 13:06:51","17","1","cbsa_code","BIOD",,"0",
"pat_city","10","pat_zip","city","city","Patient City","City associated with the patient origin on a discharge case",,"Patient","1","0",,"1","0","0","1",,,"000_common.city","City, State","pat_city",,"City",,"City",,"8/12/2025 08:33:25","17","0","city","BIOD",,"0",
"pat_cityx","10","esri_zip","city","city","Patient City",,,"ESRI Demographics","1","0",,"1","0","0","1",,,"000_common.city","City, State","City",,"City","`esri`.`city`",,,"11/6/2025 13:37:47",,"0","city","S",,"0",
"pat_county","11","pat_zip","county_code","county_name","Patient County","County associated with the patient origin on a discharge case",,"Patient","1","0",,"1","0","0","1",,"`pat_zip`.`county_name`","000_common.county","county_code County_Code,county_name County_Name, state_code State","county_code,county_name,state_code",,"County_Code","`pat_county_code`","County_Name","County_Code","6/1/2026 13:33:57","17","1","county_name","BIOD",,"0",
"pat_county_code",,"pat_zip","county_code","county_code","Patient County Code",,,"Patient","0","0",,"0","0","0","0",,,,,,,,,"County_Name",,"13/6/2025 07:48:35","17","0","county_code","BIOD",,"0",
"pat_state","12","pat_zip","state","state","Patient State","State associated with the patient origin on a discharge case",,"Patient","1","0",,"1","0","0","1",,,"000_common.zip","distinct State","pat_state",,"State",,"State",,"22/1/2026 13:06:45","17","0","state","BIOD",,"0",
"pat_statex","12","esri","state","state","Patient State",,,"ESRI Demographics","1","0",,"1","0","0","1",,"`esri`,`state`",,,,,,"`esri`.`state`",,,"11/6/2025 10:02:44",,"0","state_code","S",,"0",
"pat_zip","13","pat_zip","zip_code","zip_code","Patient Zip Code","5-digit zip code of the patient origin on a claim.",,"Patient","1","0",,"1","0","0","1",,,"{statedb}.zip AS Z INNER JOIN {statedb}.zipflag AS ZF on ( Z.zip_code =ZF.zip_code AND ZF.patient_flag = 1)","Z.zip_code Zip_Code, Z.zip_name Zip_Name, City, Z.county_name County_Name, Z.`State` State, Z.cbsa_name CBSA, Z.zip_class Zip_Class, Z.zip_demo_base_name Zip_Demo_Base_Name","pat_zip,,pat_city,pat_county,pat_state,pat_cbsa_name,,pat_zip_demo_base_name",,"Zip_Code","`pat_zip`","Zip_Code",,"13/2/2026 10:13:59","17","0","zip_code","B",,"0",
"pat_zip_demo_base_name","14","pat_zip","zip_demo_base_name","zip_demo_base_name","Patient Zip Base","5-digit zip code and city of the patient origin on a discharge case",,"Patient","1","0",,"0","0","0","0",,"pat_zip.zip_demo_base_name","{statedb}.zip",,,,,,,,"8/12/2025 08:33:25","17","0","zip_demo_base_name","BIOD",,"0",
"patient_count",,"{table}","pat_id","count(distinct {table}.pat_id)","Patient Count","Provides a count of unique patients returned.","n0","Patient","0","1",,"0","0","0","0",,,,,,,,,,,"16/6/2025 06:34:24","3","0","pat_id","B",,"0",
"patient_percent",,"cachetable0","patient_count","concat(round(COALESCE(cachetable.patient_count/cachetable0.patient_count,0)*100,2),'%')","Patient Percent","Percentage of all unique patients on all claims returned","p2","Patient","0","1",,"0","1","1","0",,,,,,,,,,,"21/11/2025 15:15:04","3","0","pat_id","B",,"0",
"payor_code","2","{table}","payor_code","payor_code","Payor Code","Claim-level payor name provided on the claim form (Medicare A or B, Tricare, Aetna, Humana, BCBS, etc.)",,"Payor/Revenue","0","0",,"0","0","0","0",,,"{statedb}.payor","payor_name Payor_Name, is_payor_name Payor_Group, payor_code, payor_plan_type_name Payor_Plan_Type_Name","payor_name,is_payor_name,,payor_plan_type_name",,"payor_code","`payor_code`","Payor_Name","payor_code","16/10/2025 14:24:19","21","0","payor_code","B",,"0",
"payor_name","2","payor","payor_name","payor_name","Payor","Payor name provided on the claim form (Medicare A or B, Tricare, Aetna, Humana, BCBS, etc.)",,"Payor/Revenue","1","0",,"1","0","0","1",,,"{statedb}.payor","payor_name Payor_Name, is_payor_name Payor_Group, payor_code, payor_plan_type_name Payor_Plan_Type_Name","payor_name,is_payor_name,,payor_plan_type_name",,"payor_code","`payor_code`","Payor_Name","payor_code","16/10/2025 14:24:09","21","1","payor_name","B",,"0",
"payor_plan_type_code","2","{table}","payor_code","payor_code","Payor Code","Claim-level payor name provided on the claim form (Medicare A or B, Tricare, Aetna, Humana, BCBS, etc.)",,"Payor/Revenue","0","0",,"0","0","0","0",,,"{statedb}.payor","payor_name Payor_Name, is_payor_name Payor_Group, payor_code, payor_plan_type_name Payor_Plan_Type_Name","payor_name,is_payor_name,,payor_plan_type_name",,"payor_code","`payor_plan_type_code`","Payor_Plan_Type_Name","payor_code","16/10/2025 14:24:21","21","0","payor_code","B",,"0",
"payor_plan_type_name","3","payor","payor_plan_type_name","payor_plan_type_name","Payor Plan Type","Payor plan type provided on the claimr form (health plan type - Tricare Humana Military East, Carefirst BCBS, etc.)",,"Payor/Revenue","1","0",,"1","0","0","1",,,"{statedb}.payor","payor_plan_type_name Payor_Plan_Type_Name, payor_name Payor_Name, is_payor_name Payor_Group, payor_code","payor_plan_type_name, payor_name, is_payor_name, payor_code",,"payor_code","`payor_plan_type_code`","Payor_Plan_Type_Name","payor_code","16/10/2025 13:40:21","21","1","payor_plan_type_name","B",,"0",
"pct_female",,"{table}","gender_code","concat(round(sum({table}.gender_code = 'F')/count({table}.case_id)*100,2),'%')","Percent Female","Percentage of female discharges","p2","Patient","0","1",,"0","0","0","0",,,,,,,,,,,"12/1/2026 09:30:47","3","0","gender_code","IOD",,"0",
"pct_female",,"cachetable","female_total","concat(round(COALESCE(cachetable.female_total/cachetable.case_count)*100,2),'%')","Percent Female","Percentage of female discharges","p2","Patient","0","1",,"0","0","1","0",,,,,,,,,,,"13/2/2026 12:01:49","3","0","gender_code","IOD",,"0",
"pct_male",,"{table}","gender_code","concat(round(sum({table}.gender_code = 'M')/count({table}.case_id)*100,2),'%')","Percent Male","Percentage of male discharges","p2","Patient","0","1",,"0","0","0","0",,,,,,,,,,,"12/1/2026 09:29:33","3","0","gender_code","IOD",,"0",
"pct_male",,"cachetable","male_total","concat(round(COALESCE(cachetable.male_total/cachetable.case_count)*100,2),'%')","Percent Male","Percentage of male discharges","p2","Patient","0","1",,"0","0","1","0",,,,,,,,,,,"13/2/2026 12:01:47","3","0","gender_code","IOD",,"0",
"period_abbr","5","period","period_code","period_abbr","Period Abbr","Groups encounters or claims based on the service date year and month provided on the claim form (format YYYYMM) where a unique patient is counted once per month.","*","Time","0","0",,"0","0","0","0",,,"{statedb}.period","period.period_code Period_Code, Period_Name, Period_Abbr, Quarter, Year, Start_Date, End_Date","period_code,period_name,,quarter,year",,"Period_Code","`period_code`","Period_Abbr",,"6/1/2026 13:51:15","25","0","period_code","IOD",,"0",
"period_code","1","period","period_code","period_code","Period Code","Discharge year and quarter associated with an inpatient case, outpatient visit, or emergency room visit (format YYYYQ).","*","Time","1","0",,"1","0","0","0",,,"{statedb}.period","period.period_code Period_Code, Period_Name, Period_Abbr, Quarter, Year, Start_Date, End_Date","period_code,period_name,,quarter,year","{flag1}","Period_Code","`period_code`","Period_Code",,"10/2/2026 06:09:59","25","0","period_code","BIOD",,"0",
"period_name","2","period","period_name","period_name","Period","Long description of the discharge year and quarter associated with an inpatient case, outpatient visit, or emergency room visit (e.g., 2025 1st Quarter).",,"Time","1","0",,"0","0","0","1",,"period_name",,,,,,,,,"10/2/2026 06:09:59","25","0","period_name","BIOD",,"0",
"pop_cy",,"covered_lives","pop_cy","sum(pop_cy)","Current Year Population","Current year ESRI population","n0","Covered Lives","0","1",,"0","0","0","0",,,,,,,,,,,"8/12/2025 08:33:25","40","0","pop_cy","L",,"0",
"pop_cy",,"zip_pop","pop_cy","round(sum(pop_cy)/count(distinct {table}.case_id),0)","Current Year Population","Current year ESRI population","n0","Use Rate","0","1",,"0","0","0","0",,,,,,,,,,,"8/12/2025 13:44:32","0","0","pop_cy","IO",,"1","{table}-use-rate-and-projection"
"pop_cy5",,"covered_lives","pop_cy5","sum(pop_cy5)","Projected 5-Year Population","Projected 5-Year ESRI population","n0","Covered Lives","0","1",,"0","0","0","0",,,,,,,,,,,"8/12/2025 08:33:25","40","0","pop_cy5","L",,"0",
"pop_cy5",,"zip_pop","pop_cy5","round(sum(pop_cy5)/count(distinct {table}.case_id),0)","Projected 5-Year Population","Projected 5-Year ESRI population","n0","Use Rate","0","1",,"0","0","0","0",,,,,,,,,,,"8/12/2025 13:44:32","0","0","pop_cy5","IO",,"1","{table}-use-rate-and-projection"
"pos_code","999","pos","pos_code","pos_code","Place of Service Code"," NPI Registry reference; Usage: for selecting claims based on the geocoded longitude associated with the Provider Facility's NPI registry information",,"Place of Service","0","0",,"0","1","0","0",,,,,,,,,,,"20/3/2025 10:29:50","24","0","pos_code","C",,"0",
"pos_county","14","pos_zip","county_code","county_code","Place of Service County"," County reference table; Usage: for selecting claims based on the county where services were rendered, when available (not all claims include Place of Service information)",,"Place of Service","1","0",,"1","1","0","1","pos_code","`pos_zip`.`county_name`","000_common.county","County_Name, State_Code, County_Code","pos_county",,"County_Code","`pos_county`","County_Name","County_Code","28/10/2025 15:54:06","24","0","pos_code","C",,"0",
"pos_type_code","18","pos","pos_type_code","pos_type_code","Place of Service Type Code"," Claims data; Usage: for selecting claims based on the CMS place of service type code where services were rendered, when available (not all claims include Place of Service information and type codes are often entered incorrectly)",,"Place of Service","1","0",,"0","1","0","0",,,"000_common.pos_type","pos_type_name Place_of_Service_Type_Name, pos_type_code Pos_Type_Code","pos_type_name,pos_type_code",,"Pos_Type_Code","`pos_type_code`","Place_of_Service_Type_Name",,"5/6/2025 15:09:13","24","0","pos_code","C",,"0",
"pos_type_name","17","pos_type","pos_type_name","pos_type_name","Place of Service Type"," Claims data; Usage: for selecting claims based on the CMS place of service type code where services were rendered, when available (not all claims include Place of Service information and type codes are often entered incorrectly)",,"Place of Service","1","0",,"1","1","0","0",,"pos_type_code","000_common.pos_type","pos_type_name Place_of_Service_Type_Name, pos_type_code Code","pos_type_name,pos_type_code",,"Code","`pos_type_code`","Place_of_Service_Type_Name","","20/3/2025 10:29:50","24","0","pos_code","C",,"0",
"proc_count",,"{table}","cpt_count","sum({table}.cpt_count)","Procedure Count","Total procedure count",,"Common","0","1",,"0","0","0","0",,,,,,,,,,,"8/12/2025 08:33:25","0","0","cpt_count","O",,"0",
"procd_code","25","procd","procd_code","procd_code","Procedure Code Detail","Discharge procedure codes that match selected codes regardless of position on discharge (multiple procedures per discharge).",,"Clinical","1","0","1","1","0","0","0",,"procd_code","000_common.procd","procd_code Procedure_Code, procd_name Procedure_Name, full_description Full_Description, procd_product_line_name Procedure_Product_Line_Name, procd_product_line_sub_name Procedure_Product_Line_Sub_Name, procd_type_code Procedure_Type_Code","procd_code,procd_name,px_long_description,px_product_line_name,px_product_line_sub_name",,"Procedure_Code","`procd_code`","Procedure_Name",,"10/2/2026 06:09:59","12","0","procd_code","CIOD",,"0",
"procd_code1","20","procd1","procd_code","procd_code","Primary Procedure Code","The code of the first procedure on a discharge-case",,"Clinical","1","0",,"1","0","0","0",,"procd_code1","000_common.procd","procd_code Procedure_Code, procd_name Procedure_Name, full_description Full_Description, procd_product_line_name Procedure_Product_Line_Name, procd_product_line_sub_name Procedure_Product_Line_Sub_Name, procd_type_code Procedure_Type_Code","procd_code1,procd_name1,px_long_description1,px_product_line_name1,px_product_line_sub_name1",,"Procedure_Code","`procd_code1`","Procedure_Name","procd_code","11/2/2026 16:58:04","12","0","procd_code","CIOD",,"0",
"procd_count",,"{table}","procd_count","sum({table}.procd_count)","Procedure Count","Total procedure count",,"Common","0","1",,"0","0","0","0",,,,,,,,,,,"6/4/2026 14:24:23","0","0","procd_count","OD",,"0",
"procd_count_total",,"{table}","procd_count","sum({table}.procd_count)","Procedures","Total Procedures","n0","Common","0","1",,"0","1","0","0",,,,,,,,,,,"13/4/2026 16:14:12",,"0","procd_count","OD",,"0",
"procd_encounter_work_long_code","20","procd2","long_description","long_description","Encounter Procedure Description","",,"Encounter Clinical","0","0",,"0","0","0","0","","procd2.full_description","000_common.procd","procd_code Procedure_Code, procd_name Procedure_Name, full_description Full_Description, procd_product_line_name Procedure_Product_Line_Name, procd_product_line_sub_name Procedure_Product_Line_Sub_Name, procd_type_code Procedure_Type_Code","encounter_work_procd_long_code,encounter_work_procd_name,px_long_description2,px_product_line_name2,px_product_line_sub_name2","","Procedure_Code","","Procedure_Name","","19/3/2025 10:42:45","9","0","encounter_work_procd_code","E",,"0",
"procd_long_code","25","procd","procd_code","procd_code","Procedure Description Detail","Claim-	
Claim-level procedure description detail, regardless of position on a claim (multiple procedures per claim).procedure description detail",,"Clinical","0","0","0","0","0","0","0",,"procd_code","000_common.procd","procd_code Procedure_Code, procd_name Procedure_Name, full_description Full_Description, procd_product_line_name Procedure_Product_Line_Name, procd_product_line_sub_name Procedure_Product_Line_Sub_Name, procd_type_code Procedure_Type_Code","procd_code,procd_name,px_long_description,px_product_line_name,px_product_line_sub_name",,"Procedure_Code","`procd_long_code`","Procedure_Name",,"12/9/2025 11:58:17","12","0","procd_code","CIOD",,"0",
"procd_long_code1","20","{table}","procd_code","procd_code","Primary Procedure Code","Claim-level procedure code on a claim with the highest total RVU.",,"Clinical","0","0",,"0","0","0","0",,"procd_long_code1","000_common.procd","procd_code Procedure_Code, procd_name Procedure_Name, full_description Full_Description, procd_product_line_name Procedure_Product_Line_Name, procd_product_line_sub_name Procedure_Product_Line_Sub_Name, procd_type_code Procedure_Type_Code","procd_long_code1,procd_name1,px_long_description1,px_product_line_name1,px_product_line_sub_name1",,"Procedure_Code","`procd_long_code1`","Procedure_Name",,"13/6/2025 07:50:21","12","0","procd_code","CIOD",,"0",
"procd_long_code1","20","procd1","long_description","procd_code","Primary Procedure Description","Claim-level procedure description on a claim with the highest total RVU.",,"Clinical","0","0",,"0","0","0","0",,"procd1.full_description","000_common.procd","procd_code Procedure_Code, procd_name Procedure_Name, full_description Full_Description, procd_product_line_name Procedure_Product_Line_Name, procd_product_line_sub_name Procedure_Product_Line_Sub_Name, procd_type_code Procedure_Type_Code","procd_long_code1,procd_name1,px_long_description1,px_product_line_name1,px_product_line_sub_name1",,"Procedure_Code",,"Procedure_Name",,"4/11/2025 09:17:55","12","0","procd_code","CIOD",,"0",
"procd_name","26","procd","procd_name","procd_name","Procedure Detail","Discharge procedure names that match selected names regardless of position on discharge (multiple procedures per discharge).",,"Clinical","1","0","0","1","0","0","0",,"procd_code","000_common.procd","procd_code Procedure_Code, procd_name Procedure_Name, full_description Full_Description, procd_product_line_name Procedure_Product_Line_Name, procd_product_line_sub_name Procedure_Product_Line_Sub_Name, procd_type_code Procedure_Type_Code","procd_code,procd_name,px_product_line_name,px_product_line_sub_name",,"Procedure_Code","`procd_code`","Procedure_Name","procd_code","12/2/2026 10:30:48","12","1","procd_code","CIOD",,"0",
"procd_name1","21","procd1","procd_name","procd_name","Primary Procedure","The name of the first procedure on a discharge-case",,"Clinical","1","0",,"1","0","0","0",,"procd_code1","000_common.procd","procd_code Procedure_Code, procd_name Procedure_Name, full_description Full_Description, procd_product_line_name Procedure_Product_Line_Name, procd_product_line_sub_name Procedure_Product_Line_Sub_Name, procd_type_code Procedure_Type_Code","procd_code1,procd_name1,px_product_line_name1,px_product_line_sub_name1",,"Procedure_Code","`procd_code1`","Procedure_Name","procd_code","12/2/2026 10:30:49","12","1","procd_code","CIOD",,"0",
"procd_pct_total",,"cachetable0","procd_count_total","concat(round(COALESCE(cachetable.procd_count_total/cachetable0.procd_count_total,0) *100,2),'%')","Percent Total Procedures","Provides a percent of total procedures returned","p2","Common","0","1",,"0","0","1","0",,,,,,,,,,,"17/12/2025 20:14:59","1","0","procd_count_total","O",,"0",
"procd_rate_per1000",,"cachetable","procd_count_total","round(coalesce((cachetable.procd_count_total / cachetable.pop_cy) * 1000), 0),2)","Annual Procedure Rate per 1000","Annual procedures per 1000 population","n4","Procedure","0","1",,"0","0","1","1",,,,,,,,,,,"9/12/2025 08:54:43","45","0","procd_count_total","O",,"0",
"provider_facility_npi_code","2","provider_facility_npi","provider_facility_npi_code","provider_facility_npi_code","Provider Facility NPI","Claim-level NPI number for the Provider Facility provided on the inbound Institutional claim.",,"Provider Facility","0","0",,"0","0","0","1","provider_facility_npi_code","provider_facility_npi_code","{statedb}.provider_facility_npi","provider_facility_npi_code Provider_Facility_NPI_Code, provider_facility_npi_name Provider_Facility_NPI_Name, street Address, zip_code Zip_Code, City, county_name County_Name, state_abbr State","provider_facility_npi_code,provider_facility_npi_name,,facility_zip_code,facility_city,facility_county,",,"Provider_Facility_NPI_Code","`provider_facility_npi_code`","Provider_Facility_NPI_Name","Provider_Facility_NPI_Code","20/3/2025 10:23:09","10","0","provider_facility_npi_code","C",,"0",
"ps1",,"ps1","ps","ps_description","P01 Outpatient Surgical","",,"IL MO HSHS","1","0",,"1","0","0","0",,,"{statedb}.ps1","ps_description PS_Description, ps","ps1",,"ps","{table}.ps1_code","Description","ps","8/12/2025 08:33:25",,"0","ps1","I",,"0",
"ps1_pct",,"{table}","ps1_code","avg({table}.ps1_code)","P01 Outpatient Surgical Percent","","p1","IL MO HSHS","0","1",,"0","0","0","0",,,,,,,,,,,"8/12/2025 08:33:25",,"0","ps1_code","I",,"0",
"ps1_total",,"{table}","ps1_code","sum({table}.ps1_code)","P01 Outpatient Surgical Count","","n0","IL MO HSHS","0","1",,"0","0","0","0",,,,,,,,,,,"8/12/2025 08:33:25",,"0","ps1_code","I",,"0",
"ps10",,"ps10","ps","ps_description","P10 Intensive Care Neonatal-L2","",,"IL MO HSHS","1","0",,"1","0","0","0",,,"{statedb}.ps10","ps_description PS_Description, ps","ps10",,"ps","{table}.ps10_code","Description","ps","8/12/2025 08:33:25",,"0","ps10","I",,"0",
"ps10_pct",,"{table}","ps10_code","avg({table}.ps10_code)","P10 Intensive Care Neonatal-L2 Percent","","p1","IL MO HSHS","0","1",,"0","0","0","0",,,,,,,,,,,"8/12/2025 08:33:25",,"0","ps10_code","I",,"0",
"ps10_total",,"{table}","ps10_code","sum({table}.ps10_code)","P10 Intensive Care Neonatal-L2 Count","","n0","IL MO HSHS","0","1",,"0","0","0","0",,,,,,,,,,,"8/12/2025 08:33:25",,"0","ps10_code","I",,"0",
"ps11",,"ps11","ps","ps_description","P11 Intensive Care Neonatal-L3","",,"IL MO HSHS","1","0",,"1","0","0","0",,,"{statedb}.ps11","ps_description PS_Description, ps","ps11",,"ps","{table}.ps11_code","Description","ps","8/12/2025 08:33:25",,"0","ps11","I",,"0",
"ps11_pct",,"{table}","ps11_code","avg({table}.ps11_code)","P11 Intensive Care Neonatal-L3 Percent","","p1","IL MO HSHS","0","1",,"0","0","0","0",,,,,,,,,,,"8/12/2025 08:33:25",,"0","ps11_code","I",,"0",
"ps11_total",,"{table}","ps11_code","sum({table}.ps11_code)","P11 Intensive Care Neonatal-L3 Count","","n0","IL MO HSHS","0","1",,"0","0","0","0",,,,,,,,,,,"8/12/2025 08:33:25",,"0","ps11_code","I",,"0",
"ps12",,"ps12","ps","ps_description","P12 Swing Beds","",,"IL MO HSHS","1","0",,"1","0","0","0",,,"{statedb}.ps12","ps_description PS_Description, ps","ps12",,"ps","{table}.ps12_code","Description","ps","8/12/2025 08:33:25",,"0","ps12","I",,"0",
"ps12_pct",,"{table}","ps12_code","avg({table}.ps12_code)","P12 Swing Beds Percent","","p1","IL MO HSHS","0","1",,"0","0","0","0",,,,,,,,,,,"8/12/2025 08:33:25",,"0","ps12_code","I",,"0",
"ps12_total",,"{table}","ps12_code","sum({table}.ps12_code)","P12 Swing Beds Count",,"n0","IL MO HSHS","0","1",,"0","0","0","0",,,,,,,,,,,"5/12/2025 12:59:39",,"0","ps12_code","I",,"0",
"ps13",,"ps13","ps","ps_description","P13 Intensive Care Unit","",,"IL MO HSHS","1","0",,"1","0","0","0",,,"{statedb}.ps13","ps_description PS_Description, ps","ps13",,"ps","{table}.ps13_code","Description","ps","8/12/2025 08:33:25",,"0","ps13","I",,"0",
"ps13_pct",,"{table}","ps13_code","avg({table}.ps13_code)","P13 Intensive Care Unit Percent","","p1","IL MO HSHS","0","1",,"0","0","0","0",,,,,,,,,,,"8/12/2025 08:33:25",,"0","ps13_code","I",,"0",
"ps13_total",,"{table}","ps13_code","sum({table}.ps13_code)","P13 Intensive Care Unit Count","","n0","IL MO HSHS","0","1",,"0","0","0","0",,,,,,,,,,,"8/12/2025 08:33:25",,"0","ps13_code","I",,"0",
"ps14",,"ps14","ps","ps_description","P14 Intensive Care Neonatal-L4","",,"IL MO HSHS","1","0",,"1","0","0","0",,,"{statedb}.ps14","ps_description PS_Description, ps","ps14",,"ps","{table}.ps14_code","Description","ps","8/12/2025 08:33:25",,"0","ps14","I",,"0",
"ps14_pct",,"{table}","ps14_code","avg({table}.ps14_code)","P14 Intensive Care Neonatal-L4 Percent","","p1","IL MO HSHS","0","1",,"0","0","0","0",,,,,,,,,,,"8/12/2025 08:33:25",,"0","ps14_code","I",,"0",
"ps14_total",,"{table}","ps14_code","sum({table}.ps14_code)","P14 Intensive Care Neonatal-L4 Count","","n0","IL MO HSHS","0","1",,"0","0","0","0",,,,,,,,,,,"8/12/2025 08:33:25",,"0","ps14_code","I",,"0",
"ps15",,"ps15","ps","ps_description","P15 Coronary Care Unit","",,"IL MO HSHS","1","0",,"1","0","0","0",,,"{statedb}.ps15","ps_description PS_Description, ps","ps15",,"ps","{table}.ps15_code","Description","ps","8/12/2025 08:33:25",,"0","ps15","I",,"0",
"ps15_pct",,"{table}","ps15_code","avg({table}.ps15_code)","P15 Coronary Care Unit Percent","","p1","IL MO HSHS","0","1",,"0","0","0","0",,,,,,,,,,,"8/12/2025 08:33:25",,"0","ps15_code","I",,"0",
"ps15_total",,"{table}","ps15_code","sum({table}.ps15_code)","P15 Coronary Care Unit Count","","n0","IL MO HSHS","0","1",,"0","0","0","0",,,,,,,,,,,"8/12/2025 08:33:25",,"0","ps15_code","I",,"0",
"ps16",,"ps16","ps","ps_description","P16 Inpatient","",,"IL MO HSHS","1","0",,"1","0","0","0",,,"{statedb}.ps16","ps_description PS_Description, ps","ps16",,"ps","{table}.ps16_code","Description","ps","8/12/2025 08:33:25",,"0","ps16","I",,"0",
"ps16_pct",,"{table}","ps16_code","avg({table}.ps16_code)","P16 Inpatient Percent","","p1","IL MO HSHS","0","1",,"0","0","0","0",,,,,,,,,,,"8/12/2025 08:33:25",,"0","ps16_code","I",,"0",
"ps16_total",,"{table}","ps16_code","sum({table}.ps16_code)","P16 Inpatient Count","","n0","IL MO HSHS","0","1",,"0","0","0","0",,,,,,,,,,,"8/12/2025 08:33:25",,"0","ps16_code","I",,"0",
"ps2",,"ps2","ps","ps_description","P02 Outpatient Emergency Department","",,"IL MO HSHS","1","0",,"1","0","0","0",,,"{statedb}.ps2","ps_description PS_Description, ps","ps2",,"ps","{table}.ps2_code","Description","ps","8/12/2025 08:33:25",,"0","ps2","I",,"0",
"ps2_pct",,"{table}","ps2_code","avg({table}.ps2_code)","P02 Outpatient Emergency Department Percent","","p1","IL MO HSHS","0","1",,"0","0","0","0",,,,,,,,,,,"8/12/2025 08:33:25",,"0","ps2_code","I",,"0",
"ps2_total",,"{table}","ps2_code","sum({table}.ps2_code)","P02 Outpatient Emergency Department Count","","n0","IL MO HSHS","0","1",,"0","0","0","0",,,,,,,,,,,"8/12/2025 08:33:25",,"0","ps2_code","I",,"0",
"ps3",,"ps3","ps","ps_description","P03 Currently Unused","",,"IL MO HSHS","1","0",,"1","0","0","0",,,"{statedb}.ps3","ps_description PS_Description, ps","ps3",,"ps","{table}.ps3_code","Description","ps","8/12/2025 08:33:25",,"0","ps3","I",,"0",
"ps3_pct",,"{table}","ps3_code","avg({table}.ps3_code)","P03 Currently Unused Percent","","p1","IL MO HSHS","0","1",,"0","0","0","0",,,,,,,,,,,"8/12/2025 08:33:25",,"0","ps3_code","I",,"0",
"ps3_total",,"{table}","ps3_code","sum({table}.ps3_code)","P03 Currently Unused Count","","n0","IL MO HSHS","0","1",,"0","0","0","0",,,,,,,,,,,"8/12/2025 08:33:25",,"0","ps3_code","I",,"0",
"ps4",,"ps4","ps","ps_description","P04 Observation Care","",,"IL MO HSHS","1","0",,"1","0","0","0",,,"{statedb}.ps4","ps_description PS_Description, ps","ps4",,"ps","{table}.ps4_code","Description","ps","8/12/2025 08:33:25",,"0","ps4","I",,"0",
"ps4_pct",,"{table}","ps4_code","avg({table}.ps4_code)","P04 Observation Care Percent","","p1","IL MO HSHS","0","1",,"0","0","0","0",,,,,,,,,,,"8/12/2025 08:33:25",,"0","ps4_code","I",,"0",
"ps4_total",,"{table}","ps4_code","sum({table}.ps4_code)","P04 Observation Care Count","","n0","IL MO HSHS","0","1",,"0","0","0","0",,,,,,,,,,,"8/12/2025 08:33:25",,"0","ps4_code","I",,"0",
"ps5",,"ps5","ps","ps_description","P05 Imaging","",,"IL MO HSHS","1","0",,"1","0","0","0",,,"{statedb}.ps5","ps_description PS_Description, ps","ps5",,"ps","{table}.ps5_code","Description","ps","8/12/2025 08:33:25",,"0","ps5","I",,"0",
"ps5_pct",,"{table}","ps5_code","avg({table}.ps5_code)","P05 Imaging Percent","","p1","IL MO HSHS","0","1",,"0","0","0","0",,,,,,,,,,,"8/12/2025 08:33:25",,"0","ps5_code","I",,"0",
"ps5_total",,"{table}","ps5_code","sum({table}.ps5_code)","P05 Imaging Count","","n0","IL MO HSHS","0","1",,"0","0","0","0",,,,,,,,,,,"8/12/2025 08:33:25",,"0","ps5_code","I",,"0",
"ps6",,"ps6","ps","ps_description","P06 Other Surgical Procedures","",,"IL MO HSHS","1","0",,"1","0","0","0",,,"{statedb}.ps6","ps_description PS_Description, ps","ps6",,"ps","{table}.ps6_code","Description","ps","8/12/2025 08:33:25",,"0","ps6","I",,"0",
"ps6_pct",,"{table}","ps6_code","avg({table}.ps6_code)","P06 Other Surgical Procedures Percent","","p1","IL MO HSHS","0","1",,"0","0","0","0",,,,,,,,,,,"8/12/2025 08:33:25",,"0","ps6_code","I",,"0",
"ps6_total",,"{table}","ps6_code","sum({table}.ps6_code)","P06 Other Surgical Procedures Count","","n0","IL MO HSHS","0","1",,"0","0","0","0",,,,,,,,,,,"8/12/2025 08:33:25",,"0","ps6_code","I",,"0",
"ps7",,"ps7","ps","ps_description","P07 Diagnostics","",,"IL MO HSHS","1","0",,"1","0","0","0",,,"{statedb}.ps7","ps_description PS_Description, ps","ps7",,"ps","{table}.ps7_code","Description","ps","8/12/2025 08:33:25",,"0","ps7","I",,"0",
"ps7_pct",,"{table}","ps7_code","avg({table}.ps7_code)","P07 Diagnostics Percent","","p1","IL MO HSHS","0","1",,"0","0","0","0",,,,,,,,,,,"8/12/2025 08:33:25",,"0","ps7_code","I",,"0",
"ps7_total",,"{table}","ps7_code","sum({table}.ps7_code)","P07 Diagnostics Count","","n0","IL MO HSHS","0","1",,"0","0","0","0",,,,,,,,,,,"8/12/2025 08:33:25",,"0","ps7_code","I",,"0",
"ps8",,"ps8","ps","ps_description","P08 Professional Fees","",,"IL MO HSHS","1","0",,"1","0","0","0",,,"{statedb}.ps8","ps_description PS_Description, ps","ps8",,"ps","{table}.ps8_code","Description","ps","8/12/2025 08:33:25",,"0","ps8","I",,"0",
"ps8_pct",,"{table}","ps8_code","avg({table}.ps8_code)","P08 Professional Fees Percent","","p1","IL MO HSHS","0","1",,"0","0","0","0",,,,,,,,,,,"8/12/2025 08:33:25",,"0","ps8_code","I",,"0",
"ps8_total",,"{table}","ps8_code","sum({table}.ps8_code)","P08 Professional Fees Count","","n0","IL MO HSHS","0","1",,"0","0","0","0",,,,,,,,,,,"8/12/2025 08:33:25",,"0","ps8_code","I",,"0",
"ps9",,"ps9","ps","ps_description","P09 Rehabilitation","",,"IL MO HSHS","1","0",,"1","0","0","0",,,"{statedb}.ps9","ps_description PS_Description, ps","ps9",,"ps","{table}.ps9_code","Description","ps","8/12/2025 08:33:25",,"0","ps9","I",,"0",
"ps9_pct",,"{table}","ps9_code","avg({table}.ps9_code)","P09 Rehabilitation Percent","","p1","IL MO HSHS","0","1",,"0","0","0","0",,,,,,,,,,,"8/12/2025 08:33:25",,"0","ps9_code","I",,"0",
"ps9_total",,"{table}","ps9_code","sum({table}.ps9_code)","P09 Rehabilitation Count","","n0","IL MO HSHS","0","1",,"0","0","0","0",,,,,,,,,,,"8/12/2025 08:33:25",,"0","ps9_code","I",,"0",
"px_category_description","8","px_category","px_category_description","px_category_description","Procedure Category",,,"Clinical","0","0",,"0","1","0","0",,"px_category_code",,,,,,,,,"13/6/2025 07:51:09","12","0","procd_code","CIOD",,"0",
"px_distinct_count",,"procd_{table}","procd_code","count( distinct procd_{table}.procd_code)","Distinct Procedure Codes","Count of unique procedure codes per grouping","n0","Clinical","0","1",,"0","0","0","0",,,,,,,,,,,"12/1/2026 14:47:02","12","0","procd_code","D",,"0",
"px_long_description","27","procd","long_description","long_description","Procedure Description Detail","Discharge procedure descriptions that match selected codes regardless of position on discharge (multiple procedures per discharge).",,"Clinical","1","0","1","1","0","0","1",,"procd_code","000_common.procd","procd_code Procedure_Code, procd_name Procedure_Name, full_description Full_Description, procd_product_line_name Procedure_Product_Line_Name, procd_product_line_sub_name Procedure_Product_Line_Sub_Name, procd_type_code Procedure_Type_Code","procd_code,procd_name,px_product_line_name,px_product_line_sub_name",,"Procedure_Code","`procd_long_code`","Procedure_Name","procd_code","17/2/2026 14:11:01","12","1","procd_code","CIOD",,"0",
"px_long_description1","22","procd1","long_description","long_description","Primary Procedure Description","The description of the first procedure on a discharge-case",,"Clinical","1","0",,"1","0","0","1",,"procd1.full_description","000_common.procd","procd_code Procedure_Code, procd_name Procedure_Name, full_description Full_Description, procd_product_line_name Procedure_Product_Line_Name, procd_product_line_sub_name Procedure_Product_Line_Sub_Name, procd_type_code Procedure_Type_Code","procd_long_code1,procd_name1,px_product_line_name1,px_product_line_sub_name1",,"Procedure_Code","`procd_long_code1`","Procedure_Name","procd_code","17/2/2026 14:12:07","12","1","procd_code","CIOD",,"0",
"px_long_description2","22","procd2","long_description","long_description","Encounter Work Procedure Long Description"," Procedure reference table; Usage: for selecting claims based on the product subline associated with the Encounter procedure code on the claim",,"Encounter Clinical","0","0",,"0","0","0","1","","procd2.full_description","000_common.procd","procd_code Procedure_Code, procd_name Procedure_Name, full_description Full_Description, procd_product_line_name Procedure_Product_Line_Name, procd_product_line_sub_name Procedure_Product_Line_Sub_Name, procd_type_code Procedure_Type_Code","encounter_work_procd_long_code,encounter_work_procd_name,px_product_line_name2,px_product_line_sub_name2","","Procedure_Code","`encounter_work_procd_code`","Procedure_Name","","14/10/2025 12:21:28","9","1","encounter_work_procd_code","E",,"0",
"px_product_line_code","28","procd","procd_product_line_code","procd_product_line_code","Procedure Product Line Detail Code",,,"Clinical","0","0",,"0","0","0","1",,"px_product_line_code","000_common.procd_product_line","procd_product_line_name Procedure_Product_Line_Name, procd_product_line_code","px_product_line_name",,"procd_product_line_code","`px_product_line_code`","Procedure_Product_Line_Name","procd_product_line_code","13/6/2025 07:51:16","12","0","procd_code","CIOD",,"0",
"px_product_line_code1",,"procd1","procd_product_line_code","procd_product_line_code","Primary Procedure Product Line Code","Claim-level primary procedure product line code as defined by HCUP associated with the procedure on a claim with the highest total RVU.",,"Clinical","0","0",,"0","0","0","0",,,,,,,,,,,"16/6/2025 15:30:28","12","0","procd_code","CIOD",,"0",
"px_product_line_code2",,"procd2","procd_product_line_code","procd_product_line_code","Encounter Work Procedure Product Line Code","",,"Encounter Clinical","0","0",,"0","0","0","0","",,"","","","","","","","","27/8/2025 14:48:42","9","0","encounter_work_procd_code","E",,"0",
"px_product_line_name","28","procd","procd_product_line_name","procd_product_line_name","Procedure Product Line Detail","Discharge procedure product lines that match selected product lines regardless of position on discharge (multiple procedures per discharge). As defined by HCUP.",,"Clinical","1","0","1","1","0","0","1",,"px_product_line_code","000_common.procd_product_line","procd_product_line_name Procedure_Product_Line_Name, procd_product_line_code","px_product_line_name",,"procd_product_line_code","`px_product_line_code`","Procedure_Product_Line_Name","procd_product_line_code","10/2/2026 06:09:59","12","1","procd_code","CIOD",,"0",
"px_product_line_name1","23","procd1","procd_product_line_name","procd_product_line_name","Primary Procedure Product Line","Discharge first procedure product line as defined by HCUP.",,"Clinical","1","0",,"1","0","0","1",,"px_product_line_code1","000_common.procd_product_line","procd_product_line_name Procedure_Product_Line_Name, procd_product_line_code","px_product_line_name1",,"procd_product_line_code","`px_product_line_code1`","Procedure_Product_Line_Name","procd_product_line_code","10/2/2026 06:09:59","12","1","procd_code","CIOD",,"0",
"px_product_line_name2","23","procd2","procd_product_line_name","procd_product_line_name","Encounter Work Procedure Product Line","Encounter-level procedure product line as defined by HCUP with the highest Work RVU associated with the encounter.",,"Encounter Clinical","1","0",,"1","0","0","1","","px_product_line_code2","000_common.procd_product_line","procd_product_line_name Procedure_Product_Line_Name, procd_product_line_code","px_product_line_name2","","procd_product_line_code","`px_product_line_code2`","Procedure_Product_Line_Name","procd_product_line_code","23/4/2025 12:05:18","9","1","encounter_work_procd_code","E",,"0",
"px_product_line_sub_code","29","procd","procd_product_line_sub_code","procd_product_line_sub_code","Procedure Product Subline Detail Code",,,"Clinical","0","0",,"0","0","0","1",,"px_product_line_sub_code","000_common.procd_product_line_sub","procd_product_line_sub_name Procedure_Product_Line_Sub_Name, procd_product_line_name Procedure_Product_Line_Name, procd_product_line_sub_code","px_product_line_sub_name,px_product_line_name",,"procd_product_line_sub_code","`px_product_line_sub_code`","Procedure_Product_Line_Sub_Name","procd_product_line_sub_code","13/6/2025 07:51:26","12","0","procd_code","CIOD",,"0",
"px_product_line_sub_code1",,"procd1","procd_product_line_sub_code","procd_product_line_sub_code","Primary Procedure Product Subline Code",,,"Clinical","0","0",,"0","0","0","0",,"px_product_line_sub_code1",,,,,"procd_product_line_sub_code",,,,"13/6/2025 07:51:33","12","0","procd_code","CIOD",,"0",
"px_product_line_sub_code2",,"procd2","procd_product_line_sub_code","procd_product_line_sub_code","Encounter Procedure Product Subline Code","",,"Encounter Clinical","0","0",,"0","0","0","0","","px_product_line_sub_code2","","","","","procd_product_line_sub_code","","","","19/3/2025 10:42:46","9","0","encounter_work_procd_code","E",,"0",
"px_product_line_sub_name","29","procd","procd_product_line_sub_name","procd_product_line_sub_name","Procedure Product Subline Detail","Discharge procedure product sublines that match selected product sublines regardless of position on discharge (multiple procedures per discharge). As defined by HCUP.",,"Clinical","1","0","1","1","0","0","1",,"px_product_line_sub_code","000_common.procd_product_line_sub","procd_product_line_sub_name Procedure_Product_Line_Sub_Name, procd_product_line_name Procedure_Product_Line_Name, procd_product_line_sub_code","px_product_line_sub_name,px_product_line_name",,"procd_product_line_sub_code","`px_product_line_sub_code`","Procedure_Product_Line_Sub_Name","procd_product_line_sub_code","10/2/2026 06:09:59","12","1","procd_code","CIOD",,"0",
"px_product_line_sub_name1","24","procd1","procd_product_line_sub_name","procd_product_line_sub_name","Primary Procedure Product Subline","Discharge first procedure product subline as defined by HCUP.",,"Clinical","1","0",,"1","0","0","1",,"px_product_line_sub_code1","000_common.procd_product_line_sub","procd_product_line_sub_name Procedure_Product_Line_Sub_Name, procd_product_line_name Procedure_Product_Line_Name, procd_product_line_sub_code","px_product_line_sub_name1,px_product_line_name1",,"procd_product_line_sub_code","`px_product_line_sub_code1`","Procedure_Product_Line_Sub_Name","procd_product_line_sub_code","10/2/2026 06:09:59","12","1","procd_code","CIOD",,"0",
"px_product_line_sub_name2","24","procd2","procd_product_line_sub_name","procd_product_line_sub_name","Encounter Work Procedure Product Subline","Encounter-level procedure product subline as defined by HCUP with the highest Work RVU associated with the encounter.",,"Encounter Clinical","1","0",,"1","0","0","1","","px_product_line_sub_code2","000_common.procd_product_line_sub","procd_product_line_sub_name Procedure_Product_Line_Sub_Name, procd_product_line_name Procedure_Product_Line_Name, procd_product_line_sub_code","px_product_line_sub_name2,px_product_line_name2","","procd_product_line_sub_code","`px_product_line_sub_code2`","Procedure_Product_Line_Sub_Name","procd_product_line_sub_code","23/4/2025 12:05:39","9","1","encounter_work_procd_code","E",,"0",
"px_specialty_description",,"px_specialty","px_specialty_description","px_specialty_description","Procedure Provider Specialty",,,"Clinical","0","0",,"0","1","0","0","px_subcategory_code","px_specialty_code",,,,,,,,,"20/6/2025 11:30:13","12","0","procd_code","CIOD",,"0",
"px_subcategory_code",,"px_subcategory","px_subcategory_code","px_subcategory_code","Procedure Subcategory Code"," CCS",,"Clinical","0","0",,"0","1","0","0","procd_code",,,,,,,,,,"20/6/2025 11:30:12","12","0","procd_code","CIOD",,"0",
"px_subcategory_description",,"px_subcategory","px_subcategory_description","px_subcategory_description","Procedure Subcategory"," CCS",,"Clinical","0","0",,"0","1","0","0","px_subcategory_code","px_subcategory_code",,,,,,,,,"20/6/2025 11:30:11","12","0","procd_code","CIOD",,"0",
"qoq","16","periodx","period_code","{table}.period_code","Quarter over Quarter Trending",,,"Time","1","0",,"0","0","0","0",,,,,,,,,,,"10/9/2025 13:57:55","25","0","qoq","B",,"0",
"qrter_case_one",,"{table}","case_id","sum({table}.period_code in ( {period10} )) * (sum(({table}.period_code in ( {period10} ))) > {cell_size})","Quarter Cases (1st Period)","First period on case trended report","n0","Trended","0","1",,"0","0","0","0","","","","","","","","","","","12/2/2026 11:44:27","14","0","case_id","I",,"1","{table}-trended-market-share-qrter-case"
"qrter_case_one_pct_grp1",,"group1table","qrter_case_one","concat(round(COALESCE(cachetable.qrter_case_one/group1table.qrter_case_one,0)*100,2),'%')","Quarter Percent {Group1} (1st Period) Cases","Provides a subtotal Percentage of first column returned.","p2","Trended","0","1",,"0","0","1","0","","","","","","","","","","","12/2/2026 11:44:27","1","0","case_id","IOD",,"1","{table}-trended-market-share-qrter-case"
"qrter_case_ratio_one",,"cachetable0","qrter_case_one","concat(round(coalesce(cachetable.qrter_case_one/cachetable0.qrter_case_one,0)*100,2),'%')","Quarter Cases Percent (1st Period)","First two periods on case percent trended report","p2","Trended","0","1",,"0","0","1","0","","","","","","","","","","","12/2/2026 11:44:27","11","0","case_id","IOD",,"1","{table}-trended-market-share-qrter-case"
"qrter_case_ratio_three",,"cachetable0","qrter_case_three","concat(round(coalesce(cachetable.qrter_case_three/cachetable0.qrter_case_three,0)*100,2),'%')","Quarter Cases Percent (3rd Period)","Third two periods on case percent trended report","p2","Trended","0","1",,"0","0","1","0","","","","","","","","","","","12/2/2026 11:41:53","10","0","case_id","IOD",,"1","{table}-trended-market-share-qrter-case"
"qrter_case_ratio_two",,"cachetable0","qrter_case_two","concat(round(coalesce(cachetable.qrter_case_two/cachetable0.qrter_case_two,0)*100,2),'%')","Quarter Cases Percent (2nd Period)","Second two periods on case percent trended report","p2","Trended","0","1",,"0","0","1","0","","","","","","","","","","","12/2/2026 11:42:47","9","0","case_id","IOD",,"1","{table}-trended-market-share-qrter-case"
"qrter_case_three",,"{table}","case_id","sum(({table}.period_code in ( {period12} ))) * (sum(({table}.period_code in ( {period12} ))) > {cell_size})","Quarter Cases (3rd Period)","Third period on case trended report","n0","Trended","0","1",,"0","0","0","0","","","","","","","","","","","12/2/2026 11:41:53","16","0","case_id","IOD",,"1","{table}-trended-market-share-qrter-case"
"qrter_case_three_pct_grp1",,"group1table","qrter_case_three","concat(round(COALESCE(cachetable.qrter_case_three/group1table.qrter_case_three,0)*100,2),'%')","Quarter Percent {Group1} (3rd Period) Cases","Provides a subtotal Percentage of third column returned.","p2","Trended","0","1",,"0","0","1","0","","","","","","","","","","","12/2/2026 11:41:53","1","0","case_id","IOD",,"1","{table}-trended-market-share-qrter-case"
"qrter_case_two",,"{table}","case_id","sum(({table}.period_code in ( {period11} ))) * (sum(({table}.period_code in ( {period11} ))) > {cell_size})","Quarter Cases (2nd Period)","Second period on case trended report","n0","Trended","0","1",,"0","0","0","0","","","","","","","","","","","12/2/2026 11:42:47","15","0","case_id","IOD",,"1","{table}-trended-market-share-qrter-case"
"qrter_case_two_pct_grp1",,"group1table","qrter_case_two","concat(round(COALESCE(cachetable.qrter_case_two/group1table.qrter_case_two,0)*100,2),'%')","Quarter Percent {Group1} (2nd Period) Cases","Provides a subtotal Percentage of second column returned.","p2","Trended","0","1",,"0","0","1","0","","","","","","","","","","","12/2/2026 11:42:48","1","0","case_id","IOD",,"1","{table}-trended-market-share-qrter-case"
"qrter_charge_one",,"{table}","charge","round(sum(({table}.period_code in ( {period10} )) * ({table}.charge) ),2) * (sum(({table}.period_code in ( {period10} ))) > {cell_size})","Quarter Charges (1st Period)","First two periods on charge trended report","n0","Trended","0","1",,"0","0","0","0","","","","","","","","","","","12/2/2026 11:44:27","14","0","charge","IOD",,"1","{table}-trended-market-share-qrter-charge"
"qrter_charge_one_pct_grp1",,"group1table","qrter_charge_one","concat(round(COALESCE(cachetable.qrter_charge_one/group1table.qrter_charge_one,0)*100,2),'%')","Quarter Percent {Group1} (1st Period) Charges","Provides a subtotal Percentage of first column returned.","p2","Trended","0","1",,"0","0","1","0","","","","","","","","","","","12/2/2026 11:44:27","1","0","charge","IOD",,"1","{table}-trended-market-share-qrter-charge"
"qrter_charge_ratio_one",,"cachetable0","qrter_charge_one","concat(round(coalesce(cachetable.qrter_charge_one/cachetable0.qrter_charge_one,0)*100,2),'%')","Quarter Charges Percent (1st Period)","First two periods on charge percent trended report","p2","Trended","0","1",,"0","0","1","0","","","","","","","","","","","12/2/2026 11:44:27","11","0","charge","IOD",,"1","{table}-trended-market-share-qrter-charge"
"qrter_charge_ratio_three",,"cachetable0","qrter_charge_three","concat(round(coalesce(cachetable.qrter_charge_three/cachetable0.qrter_charge_three,0)*100,2),'%')","Quarter Charges Percent (3rd Period)","Third two periods on charge percent trended report","p2","Trended","0","1",,"0","0","1","0","","","","","","","","","","","12/2/2026 11:41:53","10","0","charge","IOD",,"1","{table}-trended-market-share-qrter-charge"
"qrter_charge_ratio_two",,"cachetable0","qrter_charge_two","concat(round(coalesce(cachetable.qrter_charge_two/cachetable0.qrter_charge_two,0)*100,2),'%')","Quarter Charges Percent (2nd Period)","Second two periods on charge percent trended report","p2","Trended","0","1",,"0","0","1","0","","","","","","","","","","","12/2/2026 11:42:47","9","0","charge","IOD",,"1","{table}-trended-market-share-qrter-charge"
"qrter_charge_three",,"{table}","charge","round(sum(({table}.period_code in ( {period12} )) * ({table}.charge) ),2) * (sum(({table}.period_code in ( {period12} ))) > {cell_size})","Quarter Charges (3rd Period)","Third two periods on charge trended report","n0","Trended","0","1",,"0","0","0","0","","","","","","","","","","","12/2/2026 11:41:53","16","0","charge","IOD",,"1","{table}-trended-market-share-qrter-charge"
"qrter_charge_three_pct_grp1",,"group1table","qrter_charge_three","concat(round(COALESCE(cachetable.qrter_charge_three/group1table.qrter_charge_three,0)*100,2),'%')","Quarter Percent {Group1} (3rd Period) Charges","Provides a subtotal Percentage of third column returned.","p2","Trended","0","1",,"0","0","1","0","","","","","","","","","","","12/2/2026 11:41:53","1","0","charge","IOD",,"1","{table}-trended-market-share-qrter-charge"
"qrter_charge_two",,"{table}","charge","round(sum(({table}.period_code in ( {period11} )) * ({table}.charge) ),2) * (sum(({table}.period_code in ( {period11} ))) > {cell_size})","Quarter Charges (2nd Period)","Second two periods on charge trended report","n0","Trended","0","1",,"0","0","0","0","","","","","","","","","","","12/2/2026 11:42:47","15","0","charge","IOD",,"1","{table}-trended-market-share-qrter-charge"
"qrter_charge_two_pct_grp1",,"group1table","qrter_charge_two","concat(round(COALESCE(cachetable.qrter_charge_two/group1table.qrter_charge_two,0)*100,2),'%')","Quarter Percent {Group1} (2nd Period) Charges","Provides a subtotal Percentage of second column returned.","p2","Trended","0","1",,"0","0","1","0","","","","","","","","","","","12/2/2026 11:42:48","1","0","charge","IOD",,"1","{table}-trended-market-share-qrter-charge"
"qrter_days_one",,"{table}","los","sum(({table}.period_code in ( {period10} )) * ({table}.los)) * (sum(({table}.period_code in ( {period10} ))) > {cell_size})","Quarter Days (1st Period)","First period on days trended report","n0","Trended","0","1",,"0","0","0","0","","","","","","","","","","","12/2/2026 11:44:27","14","0","los","I",,"1","{table}-trended-market-share-qrter-days"
"qrter_days_one_pct_grp1",,"group1table","qrter_days_one","concat(round(COALESCE(cachetable.qrter_days_one/group1table.qrter_days_one,0)*100,2),'%')","Quarter Percent {Group1} (1st Period) Days","Provides a subtotal Percentage of first column returned.","p2","Trended","0","1",,"0","0","1","0","","","","","","","","","","","12/2/2026 11:44:27","1","0","los","I",,"1","{table}-trended-market-share-qrter-days"
"qrter_days_ratio_one",,"cachetable0","qrter_days_one","concat(round(coalesce(cachetable.qrter_days_one/cachetable0.qrter_days_one,0)*100,2),'%')","Quarter Days Percent (1st Period)","First two periods on days percent trended report","p2","Trended","0","1",,"0","0","1","0","","","","","","","","","","","12/2/2026 11:44:27","11","0","los","I",,"1","{table}-trended-market-share-qrter-days"
"qrter_days_ratio_three",,"cachetable0","qrter_days_three","concat(round(coalesce(cachetable.qrter_days_three/cachetable0.qrter_days_three,0)*100,2),'%')","Quarter Days Percent (3rd Period)","Third two periods on days percent trended report","p2","Trended","0","1",,"0","0","1","0","","","","","","","","","","","12/2/2026 11:41:53","10","0","los","I",,"1","{table}-trended-market-share-qrter-days"
"qrter_days_ratio_two",,"cachetable0","qrter_days_two","concat(round(coalesce(cachetable.qrter_days_two/cachetable0.qrter_days_two,0)*100,2),'%')","Quarter Days Percent (2nd Period)","Second two periods on days percent trended report","p2","Trended","0","1",,"0","0","1","0","","","","","","","","","","","12/2/2026 11:42:48","9","0","los","I",,"1","{table}-trended-market-share-qrter-days"
"qrter_days_three",,"{table}","los","sum(({table}.period_code in ( {period12} )) * ({table}.los)) * (sum(({table}.period_code in ( {period12} ))) > {cell_size})","Quarter Days (3rd Period)","third period on days trended report","n0","Trended","0","1",,"0","0","0","0","","","","","","","","","","","12/2/2026 11:41:53","16","0","los","I",,"1","{table}-trended-market-share-qrter-days"
"qrter_days_three_pct_grp1",,"group1table","qrter_days_three","concat(round(COALESCE(cachetable.qrter_days_three/group1table.qrter_days_three,0)*100,2),'%')","Quarter Percent {Group1} (3rd Period) Days","Provides a subtotal Percentage of third column returned.","p2","Trended","0","1",,"0","0","1","0","","","","","","","","","","","12/2/2026 11:41:53","1","0","los","I",,"1","{table}-trended-market-share-qrter-days"
"qrter_days_two",,"{table}","los","sum(({table}.period_code in ( {period11} )) * ({table}.los)) * (sum(({table}.period_code in ( {period11} ))) > {cell_size})","Quarter Days (2nd Period)","Second period on days trended report","n0","Trended","0","1",,"0","0","0","0","","","","","","","","","","","12/2/2026 11:42:48","15","0","los","I",,"1","{table}-trended-market-share-qrter-days"
"qrter_days_two_pct_grp1",,"group1table","qrter_days_two","concat(round(COALESCE(cachetable.qrter_days_two/group1table.qrter_days_two,0)*100,2),'%')","Quarter Percent {Group1} (2nd Period) Days","Provides a subtotal Percentage of second column returned.","p2","Trended","0","1",,"0","0","1","0","","","","","","","","","","","12/2/2026 11:42:48","1","0","los","I",,"1","{table}-trended-market-share-qrter-days"
"qrter_procd_one",,"{table}","procd_count","sum(({table}.period_code in ( {period10} )) * {table}.procd_count) * (sum(({table}.period_code in ( {period10} ))) > {cell_size})","Quarter Procedures (1st Period)","First two periods on cases trended report","n0","Trended","0","1",,"0","0","0","0","","","","","","","","","","","12/2/2026 11:44:27","8","0","procd_count","OD",,"1","{table}-trended-market-share-qrter-procd"
"qrter_procd_one_pct_grp1",,"group1table","qrter_procd_one","concat(round(COALESCE(cachetable.qrter_procd_one/group1table.qrter_procd_one,0)*100,2),'%')","Quarter Percent {Group1} (1st Period) Procedures","Provides a subtotal Percentage of first column returned.","p2","Trended","0","1",,"0","0","1","0","","","","","","","","","","","12/2/2026 11:44:27","1","0","procd_count","OD",,"1","{table}-trended-market-share-qrter-procd"
"qrter_procd_ratio_one",,"cachetable0","qrter_procd_one","concat(round(coalesce(cachetable.qrter_procd_one/cachetable0.qrter_procd_one,0)*100,2),'%')","Quarter Procedures Percent (1st Period)","First four periods on cases Percent trended report","p2","Trended","0","1",,"0","0","1","0","","","","","","","","","","","12/2/2026 11:44:27","11","0","procd_count","OD",,"1","{table}-trended-market-share-qrter-procd"
"qrter_procd_ratio_three",,"cachetable0","qrter_procd_three","concat(round(coalesce(cachetable.qrter_procd_three/cachetable0.qrter_procd_three,0)*100,2),'%')","Quarter Procedures Percent (3rd Period)","Third four periods on cases percent trended report","p2","Trended","0","1",,"0","0","1","0","","","","","","","","","","","12/2/2026 11:41:53","10","0","procd_count","OD",,"1","{table}-trended-market-share-qrter-procd"
"qrter_procd_ratio_two",,"cachetable0","qrter_procd_two","concat(round(coalesce(cachetable.qrter_procd_two/cachetable0.qrter_procd_two,0)*100,2),'%')","Quarter Procedures Percent (2nd Period)","Second four periods on cases percent trended report","p2","Trended","0","1",,"0","0","1","0","","","","","","","","","","","12/2/2026 11:42:48","9","0","procd_count","OD",,"1","{table}-trended-market-share-qrter-procd"
"qrter_procd_three",,"{table}","procd_count","sum(({table}.period_code in ( {period12} )) * {table}.procd_count) * (sum(({table}.period_code in ( {period12} ))) > {cell_size})","Quarter Procedures (3rd Period)","Third two periods on cases trended report","n0","Trended","0","1",,"0","0","0","0","","","","","","","","","","","12/2/2026 11:41:53","10","0","procd_count","OD",,"1","{table}-trended-market-share-qrter-procd"
"qrter_procd_three_pct_grp1",,"group1table","qrter_procd_three","concat(round(COALESCE(cachetable.qrter_procd_three/group1table.qrter_procd_three,0)*100,2),'%')","Quarter Percent {Group1} (3rd Period) Procedures","Provides a subtotal Percentage of third column returned.","p2","Trended","0","1",,"0","0","1","0","","","","","","","","","","","12/2/2026 11:41:53","1","0","procd_count","OD",,"1","{table}-trended-market-share-qrter-procd"
"qrter_procd_two",,"{table}","procd_count","sum(({table}.period_code in ( {period11} )) * {table}.procd_count) * (sum(({table}.period_code in ( {period11} ))) > {cell_size})","Quarter Procedures (2nd Period)","Second two periods on cases trended report","n0","Trended","0","1",,"0","0","0","0","","","","","","","","","","","12/2/2026 11:42:48","9","0","procd_count","OD",,"1","{table}-trended-market-share-qrter-procd"
"qrter_procd_two_pct_grp1",,"group1table","qrter_procd_two","concat(round(COALESCE(cachetable.qrter_procd_two/group1table.qrter_procd_two,0)*100,2),'%')","Quarter Percent {Group1} (2nd Period) Procedures","Provides a subtotal Percentage of second column returned.","p2","Trended","0","1",,"0","0","1","0","","","","","","","","","","","12/2/2026 11:42:48","1","0","procd_count","OD",,"1","{table}-trended-market-share-qrter-procd"
"qrter_visit_one",,"{table}","case_id","sum(({table}.period_code in ( {period10} ))) * (sum(({table}.period_code in ( {period10} ))) > {cell_size})","Quarter Cases (1st Period)","First two periods on cases trended report","n0","Trended","0","1",,"0","0","0","0","","","","","","","","","","","5/8/2026 16:49:43","8","0","case_id","OD",,"1","{table}-trended-market-share-qrter-visit"
"qrter_visit_one_pct_grp1",,"group1table","qrter_visit_one","concat(round(COALESCE(cachetable.qrter_visit_one/group1table.qrter_visit_one,0)*100,2),'%')","Quarter Percent {Group1} (1st Period) Cases","Provides a subtotal Percentage of first column returned.","p2","Trended","0","1",,"0","0","1","0","","","","","","","","","","","5/8/2026 16:49:43","1","0","case_id","OD",,"1","{table}-trended-market-share-qrter-visit"
"qrter_visit_ratio_one",,"cachetable0","qrter_visit_one","concat(round(coalesce(cachetable.qrter_visit_one/cachetable0.qrter_visit_one,0)*100,2),'%')","Quarter Cases Percent (1st Period)","First two periods on case percent trended report","p2","Trended","0","1",,"0","0","1","0","","","","","","","","","","","5/8/2026 16:49:43","11","0","case_id","OD",,"1","{table}-trended-market-share-qrter-visit"
"qrter_visit_ratio_three",,"cachetable0","qrter_visit_three","concat(round(coalesce(cachetable.qrter_visit_three/cachetable0.qrter_visit_three,0)*100,2),'%')","Quarter Cases Percent (3rd Period)","Third two periods on case percent trended report","p2","Trended","0","1",,"0","0","1","0","","","","","","","","","","","5/8/2026 16:49:43","10","0","case_id","OD",,"1","{table}-trended-market-share-qrter-visit"
"qrter_visit_ratio_two",,"cachetable0","qrter_visit_two","concat(round(coalesce(cachetable.qrter_visit_two/cachetable0.qrter_visit_two,0)*100,2),'%')","Quarter Cases Percent (2nd Period)","Second two periods on case percent trended report","p2","Trended","0","1",,"0","0","1","0","","","","","","","","","","","5/8/2026 16:49:43","9","0","case_id","OD",,"1","{table}-trended-market-share-qrter-visit"
"qrter_visit_three",,"{table}","case_id","sum(({table}.period_code in ( {period12} ))) * (sum(({table}.period_code in ( {period12} ))) > {cell_size})","Quarter Cases (3rd Period)","Third two periods on cases trended report","n0","Trended","0","1",,"0","0","0","0","","","","","","","","","","","5/8/2026 16:49:43","10","0","case_id","OD",,"1","{table}-trended-market-share-qrter-visit"
"qrter_visit_three_pct_grp1",,"group1table","qrter_visit_three","concat(round(COALESCE(cachetable.qrter_visit_three/group1table.qrter_visit_three,0)*100,2),'%')","Quarter Percent {Group1} (3rd Period) Cases","Provides a subtotal Percentage of third column returned.","p2","Trended","0","1",,"0","0","1","0","","","","","","","","","","","5/8/2026 16:49:43","1","0","case_id","OD",,"1","{table}-trended-market-share-qrter-visit"
"qrter_visit_two",,"{table}","case_id","sum(({table}.period_code in ( {period11} ))) * (sum(({table}.period_code in ( {period11} ))) > {cell_size})","Quarter Cases (2nd Period)","Second two periods on cases trended report","n0","Trended","0","1",,"0","0","0","0","","","","","","","","","","","5/8/2026 16:49:43","9","0","case_id","OD",,"1","{table}-trended-market-share-qrter-visit"
"qrter_visit_two_pct_grp1",,"group1table","qrter_visit_two","concat(round(COALESCE(cachetable.qrter_visit_two/group1table.qrter_visit_two,0)*100,2),'%')","Quarter Percent {Group1} (2nd Period) Cases","Provides a subtotal Percentage of second column returned.","p2","Trended","0","1",,"0","0","1","0","","","","","","","","","","","5/8/2026 16:49:43","1","0","case_id","OD",,"1","{table}-trended-market-share-qrter-visit"
"quarter","3","period","quarter","quarter","Period Quarter","Groups encounters or claims based on the quarter associated with the service date provided on the claim form where a unique patient is counted once per quarter.",,"Time","1","0",,"1","0","0","0","period_code",,"(select Quarter, CONCAT('Quarter ', RIGHT(CAST(Quarter AS CHAR), 1)) AS Period_Codes, Year from {statedb}.period group by Quarter, Year) g","Quarter, Period_Codes, Year","quarter",,"Quarter","`quarter`","Quarter",,"12/2/2026 11:15:26","25","0","quarter","BIOD",,"0",
"referral_count",,"{table}","referring_physician_code","count(distinct case when {table}.referring_physician_code <=4 then null else {table}.case_id end)","Explicit Referral Claim Count","Claim-level number of claims with referring physicians.","n0","Referrals","0","1",,"0","0","0","0",,,,,,,,,,,"28/8/2025 10:16:13","11","0","referring_physician_code","B",,"0",
"referral_type",,"{table}","referring_physician_code","case when implied_referring_days > 0 then 'implicit' when implied_referring_physician_code is null then 'none' else 'explicit' end","Referral Type","Explicit, Implicit or None",,"(N/A)","0","0",,"0","1","0","0",,,,,,,,,,,"14/3/2025 11:21:27",,"0","referring_physician_code","C",,"0",
"referring_address",,"referring_physician","street","street","Explicit Referring Physician Address","Claim-level NPI address of the physician that was explicitly listed on the claim as the referring physician.",,"Referring Physician - Explicit","1","0",,"0","0","0","1","referring_physician_code",,,,,,"street",,,,"20/3/2025 10:23:09","4","0","referring_physician_code","C",,"0",
"referring_affiliation_dba_code",,"referring_physician","affiliation_dba_name","affiliation_dba_name","Explicit Referring Physician DBA",,,"Referring Physician - Explicit","0","0",,"0","0","0","0",,,,,,,,,,,"19/3/2025 10:38:46","4","0","referring_physician_code","C",,"0",
"referring_affiliation_dba_name",,"referring_physician","affiliation_dba_name","affiliation_dba_name","Explicit Referring Physician IM Group Practice"," NPI group practice feed; Usage: for selecting claims based on the name associated with the referring physician's most recent group practice affiliation (not all claims have a referring physician indicated or inferred)",,"Referring Physician - Explicit","1","0",,"1","0","0","1",,"`referring_physician`.`affiliation_dba_name`","`{statedb}`.affiliation","affiliation_dba_name IM_Group_Practice, affiliation_code","affiliation_dba_name, ",,"affiliation_code","`referring_affiliation_dba_code`","IM_Group_Practice","affliation_code","20/3/2025 10:29:50","4","1","referring_physician_code","C",,"0",
"referring_city",,"referring_physician","city","city","Explicit Referring Physician City State","Claim-level city and state of the NPI address of the physician that was explicitly listed on the claim as the referring physician.",,"Referring Physician - Explicit","1","0",,"1","0","0","1","referring_physician_code",,"{statedb}.zip","distinct City, State","referring_city","physician","City",,,,"20/3/2025 10:23:09","4","0","referring_physician_code","C",,"0",
"referring_count",,"{table}","referring_physician_code","count(distinct case when {table}.referring_physician_code <=4 then null else {table}.referring_physician_code end)","Explicit Referral Physician Count","Claim-level number of unique referring physicians as included on the claim form.","n0","Referrals","0","1",,"0","0","0","0",,,,,,,,,,,"28/8/2025 10:16:57","11","0","referring_physician_code","B",,"0",
"referring_county",,"referring_physician","county_code","county_name","Explicit Referring Physician County","Claim-level county of the NPI address of the physician that was explicitly listed on the claim as the referring physician.",,"Referring Physician - Explicit","1","0",,"1","0","0","1","referring_physician_code","`referring_physician`.`county_name`","000_common.county","County_Name, State_Code, County_Code","referring_county",,"County_Code","`referring_county_code`","County_Name","County_Code","2/12/2025 11:28:59","4","1","referring_physician_code","C",,"0",
"referring_county_code",,"referring_physician","county_code","county_code","Explicit Referring Physician County","Claim-level county of the NPI address of the physician that was explicitly listed on the claim as the referring physician.",,"Referring Physician - Explicit","0","0",,"0","0","0","0","referring_physician_code","`referring_physician`.`county_name`","000_common.county","County_Name, State_Code, County_Code","referring_county",,"County_Code","`referring_county_code`","County_Name","County_Code","28/10/2025 15:54:06","4","1","referring_physician_code","C",,"0",
"referring_degree",,"referring_physician","degree_abbr","degree_name","Explicit Referring Physician Degree","Claim-level degree from the NPI registry of the physician that was explicitly listed on the claim as the referring physician.",,"Referring Physician - Explicit","1","0",,"1","0","0","1","referring_physician_code",,"000_common.physician_degree","Degree_Abbr, Degree_Name, degree_code","referring_degree",,"Degree_Abbr","`referring_degree_code`",,"degree_code","2/12/2025 08:38:37","4","0","referring_physician_code","C",,"0",
"referring_degree_code",,"referring_physician","degree_abbr","degree_abbr","Explicit Referring Physician Degree","Claim-level degree from the NPI registry of the physician that was explicitly listed on the claim as the referring physician.",,"Referring Physician - Explicit","0","0",,"0","0","0","0","referring_physician_code",,"000_common.physician_degree","Degree_Abbr, Degree_Name, degree_code","referring_degree",,"Degree_Abbr","`referring_degree_code`",,"degree_code","2/12/2025 08:38:36","4","0","referring_physician_code","C",,"0",
"referring_group_name",,"referring_physician","group_prac_name","group_prac_name","Explicit Referring Physician CMS Group Practice"," NPI group practice feed; Usage: for selecting claims based on the name associated with the referring physician's most recent group practice affiliation (not all claims have a referring physician indicated or inferred)",,"Referring Physician - Explicit","1","0",,"1","0","0","1",,"referring_group_prac_code","{statedb}.group_prac","group_prac_name CMS_Group_Practice, State, group_prac_code","referring_group_name,,",,"group_prac_code","`referring_group_prac_code`","CMS_Group_Practice","group_prac_code","20/3/2025 10:29:50","4","1","referring_physician_code","C",,"0",
"referring_group_prac_code",,"referring_physician","group_prac_code","group_prac_code","Explicit Referring Physician Group Practice",,,"Referring Physician - Explicit","0","0",,"0","0","0","0",,,,,,,,,,,"19/3/2025 10:38:46","4","0","referring_physician_code","C",,"0",
"referring_hosp_pct",,"referring_physician","hospital_pct","hospital_pct","Referring Physician Hospital Percent"," Discharge data; Usage: for grouping and selecting claims based on the hospital where the majority of cases are performed using physician-identified discharge volumes, for referring physicians",,"Provider","1","0",,"1","1","0","0",,,,,,,,,,,"20/3/2025 10:29:50","15","0","referring_physician_code","C",,"0",
"referring_hospital",,"referring_physician","primary_hospital_name","primary_hospital_name","Referring Physician Hospital"," Discharge data; Usage: for grouping and selecting claims based on the hospital where the majority of cases are performed using physician-identified discharge volumes, for referring physicians",,"Provider","1","0",,"1","1","0","1",,,"{statedb}.hospital,000_common.county","distinct hospital_name Hospital_Name, bed_count Beds, Street, City, county_name County_Name, hospital.state_code State, Zip_Code, hospital_system_name Hospital_System_Name, medprovnumber Med_Provider_Num, hospital.hospital_code hospital_code",,"hospital.county_code=county.county_code and {flag1}",,,,"hospital_code","20/3/2025 10:29:50","15","0","referring_physician_code","C",,"0",
"referring_lat",,"referring_physician","latitude","latitude","Explicit Referring Physician Latitude","Claim-level latitude of the NPI address of the physician that was explicitly listed on the claim as the referring physician.",,"Referring Physician - Explicit","1","0",,"0","0","0","0","referring_physician_code",,,,,,,,,,"20/3/2025 10:23:09","4","0","referring_physician_code","C",,"0",
"referring_long",,"referring_physician","longitude","longitude","Explicit Referring Physician Longitude","Claim-level longitude of the NPI address of the physician that was explicitly listed on the claim as the referring physician.",,"Referring Physician - Explicit","1","0",,"0","0","0","0","referring_physician_code",,,,,,,,,,"20/3/2025 10:23:09","4","0","referring_physician_code","C",,"0",
"referring_name",,"referring_physician","physician_code","physician_name","Explicit Referring Physician","Claim-level name of the physician that was explicitly listed on the claim as the referring physician.",,"Referring Physician - Explicit","1","0",,"1","0","0","1",,"referring_physician_code","{statedb}.physician","physician_code NPI, physician_name Physician_Name, Last_Name, First_Name, specialty_grp_name Intellimed_Specialty, npi_spec_grp_name NPI_Specialty, degree_abbr Degree, group_prac_name CMS_Group_Practice, affiliation_dba_name IM_Group_Practice, street Address, zip_code Zip, city City, county_name County, state_abbr State","referring_physician_code,referring_name,,,,referring_npi_spec_grp_name,referring_degree,referring_group_name,referring_zip_code,referring_city,referring_county,","claim=1","NPI","`referring_physician_code`","Physician_Name","physician_code","11/2/2026 16:27:12","4","1","referring_physician_code","C","physician_code","0",
"referring_npi_spec_grp_code",,"referring_physician","npi_spec_grp_code","npi_spec_grp_code","",,,"(N/A)","0","0",,"1","1","0","0",,,,,,,,,,,"14/3/2025 11:21:56",,"0","referring_physician_code","C",,"0",
"referring_npi_spec_grp_name",,"referring_physician","npi_spec_grp_name","npi_spec_grp_name","Explicit Referring Physician NPI Specialty","Claim-level NPI specialty of the physician that was explicitly listed on the claim as the referring physician.",,"Referring Physician - Explicit","1","0",,"1","0","0","1","referring_physician_code","referring_npi_spec_grp_code","`000_common`.npi_spec_grp","taxonomy_cat_name Taxonomy_Cat_Name, npi_spec_grp_name NPI_Specialty_Group_Name, npi_spec_grp_code"," ,referring_npi_spec_grp_name, ",,"npi_spec_grp_code","`referring_npi_spec_grp_code`","NPI_Specialty_Group_Name","npi_spec_grp_code","20/3/2025 10:23:09","4","1","referring_physician_code","C",,"0",
"referring_npi_type",,"referring_physician","npi_type_name","npi_type_name","Explicit Referring Physician Entity Type"," NPI Registry reference; Usage: for selecting claims based on the entity type associated with the referring physician's NPI registry information (1 = physicians, 2 = organizations)",,"Referring Physician - Explicit","1","0",,"1","0","0","1",,,"`000_common`.npi_type","npi_type NPI_Type, npi_type_name NPI_Type_Name","referring_npi_type",,"NPI_Type","`referring_npi_type_code`","NPI_Type_Name",,"14/4/2025 08:28:23","4","1","referring_physician_code","C",,"0",
"referring_npi_type_code",,"referring_physician","npi_type","npi_type","Explicit Referring Physician Entity Type",,,"Referring Physician - Explicit","0","0",,"0","0","0","0",,,"`000_common`.npi_type","npi_type NPI_Type, npi_type_name NPI_Type_Name","referring_npi_type",,"NPI_Type","`referring_npi_type`",,,"19/3/2025 10:38:46","4","0","referring_physician_code","C",,"0",
"referring_office_address",,"referring_office","address1","address1","Referring Group Practice Address"," NPI group practice feed; Usage: for selecting claims based on the street address associated with the referring physician's most recent group practice affiliation (not all claims have a referring physician indicated or inferred)",,"(N/A)","0","0",,"0","1","0","1","referring_physician_code",,,,,,"ADDRESS1",,,,"12/8/2025 07:56:30",,"0","referring_physician_code","C",,"0",
"referring_office_city",,"referring_office","city","city","Referring Group Practice City State"," NPI group practice feed; Usage: for selecting claims based on the city and state associated with the referring physician's most recent group practice affiliation (not all claims have a referring physician indicated or inferred)",,"(N/A)","0","0",,"0","1","0","1","referring_physician_code",,,,,,"CITY",,,,"12/8/2025 07:56:33",,"0","referring_physician_code","C",,"0",
"referring_office_code",,"referring_office","aileronorgid","aileronorgid","Referring Group Practice",,,"(N/A)","0","0",,"0","1","0","0","referring_physician_code",,,,,,,,"referring_office_orgname",,"12/8/2025 07:56:36",,"0","referring_physician_code","C",,"0",
"referring_office_orgname",,"referring_office","orgname","orgname","Referring Group Office"," NPI group practice feed; Usage: for selecting claims based on the name associated with the referring physician's most recent group practice affiliation (not all claims have a referring physician indicated or inferred)",,"(N/A)","0","0",,"0","1","0","1","referring_physician_code",,,,,,"ORGNAME",,,,"12/8/2025 07:56:38",,"0","referring_office_orgname","C",,"0",
"referring_office_zip_code",,"referring_office","zip","zip","Referring Group Practice Zip"," NPI group practice feed; Usage: for selecting claims based on the zip code associated with the referring physician's most recent group practice affiliation (not all claims have a referring physician indicated or inferred)",,"(N/A)","0","0",,"0","1","0","1","referring_physician_code",,,,,,"ZIP",,,,"12/8/2025 07:56:46",,"0","referring_physician_code","C",,"0",
"referring_percent",,"{table}","referring_physician_code","concat(round(count(distinct {table}.referring_physician_code)/sum(count(distinct {table}.referring_physician_code))*100,2),'%')","Explicit Referral Physician Percent","Percentage of referring physicians for all claims returned","p2","Referrals","0","1",,"0","1","0","0",,,,,,,,,,,"21/11/2025 15:16:37","11","0","referring_physician_code","B",,"0",
"referring_phone",,"referring_physician","phone_number","phone_number","Explicit Referring Physician Phone","Claim-level phone number from the NPI registry of the physician that was explicitly listed on the claim as the referring physician.",,"Referring Physician - Explicit","1","0",,"0","0","0","1","referring_physician_code",,,,,,,,,,"20/3/2025 10:23:09","4","0","referring_physician_code","C",,"0",
"referring_physician_code",,"{table}","referring_physician_code","referring_physician_code","Explicit Referring Physician NPI","Claim-level NPI number of the physician that was explicitly listed on the claim as the referring physician.",,"Referring Physician - Explicit","1","0",,"1","0","0","1",,,"{statedb}.physician","physician_code NPI, physician_name Physician_Name, Last_Name, First_Name, specialty_grp_name Intellimed_Specialty, npi_spec_grp_name NPI_Specialty, degree_abbr Degree, group_prac_name CMS_Group_Practice, affiliation_dba_name IM_Group_Practice, street Address, zip_code Zip, city City, county_name County, state_abbr State","referring_physician_code,referring_name,,,,referring_npi_spec_grp_name,referring_degree,referring_group_name,referring_zip_code,referring_city,referring_county,","claim=1","NPI","`referring_physician_code`","NPI","physician_code","11/2/2026 16:29:23","4","0","referring_physician_code","C",,"0",
"referring_prac_count",,"referring_physician","group_prac_code","count(distinct referring_physician.group_prac_code)","Explicit Referral Group Practice Count","Claim-level number of unique referring group practices as included on the claims form.","n0","Referrals","0","1",,"0","0","0","0",,,,,,,,,,,"20/3/2025 10:23:09","11","0","referring_physician_code","B",,"0",
"referring_spec_grp_code",,"referring_physician","npi_spec_grp_code","npi_spec_grp_code","",,,"Referring Physician","0","0",,"1","1","0","0",,,,,,,,,,,"14/3/2025 11:22:06","30","0","referring_physician_code","C",,"0",
"referring_specialty_primary",,"referring_physician",,"xreferring_specialty_primary","Referring Primary NPI Specialty",,,"(N/A)","0","0",,"0","1","0","0","referring_physician_code",,,,,,"specialty_grp_name",,,,"14/3/2025 11:21:27",,"0","referring_physician_code","C",,"0",
"referring_system",,"referring_physician","primary_hospital_system_name","primary_hospital_system_name","Referring Physician Hospital System"," Discharge data; Usage: for grouping and selecting claims based on the hospital system where the majority of cases are performed using physician-identified discharge volumes, for referring physicians",,"Provider","1","0",,"1","1","0","1",,,"hospital_system",,,,"hospital_system_name",,,,"20/3/2025 10:29:50","15","0","referring_physician_code","C",,"0",
"referring_system_pct",,"referring_physician","hospital_system_pct","hospital_system_pct","Referring Physician Hospital System Percent"," Discharge data; Usage: for grouping and selecting claims based on the hospital system where the majority of cases are performed using physician-identified discharge volumes, for referring physcians",,"Provider","1","0",,"1","1","0","0",,,,,,,,,,,"20/3/2025 10:29:50","15","0","referring_physician_code","C",,"0",
"referring_taxonomy_cat_code",,"referring_physician","taxonomy_cat","taxonomy_cat","Explicit Referring Physician Taxonomy","Claim-level taxonomy from the NPI registry of the physician that was explicitly listed on the claim as the referring physician.",,"Referring Physician - Explicit","0","0",,"0","0","0","1",,,,,,,,,,,"20/3/2025 10:23:09","4","0","referring_physician_code","C",,"0",
"referring_taxonomy_cat_name",,"referring_physician","taxonomy_cat","taxonomy_cat_name","Explicit Referring Physician Taxonomy","Claim-level taxonomy from the NPI registry of the physician that was explicitly listed on the claim as the referring physician.",,"Referring Physician - Explicit","1","0",,"1","0","0","1",,"`referring_physician`.`taxonomy_cat_name`","`000_common`.npi_spec_grp","distinct taxonomy_cat_name Taxonomy_Cat_Name, taxonomy_cat Taxonomy_Cat","referring_taxonomy_cat_name",,"Taxonomy_Cat","`referring_taxonomy_cat_code`","Taxonomy_Cat_Name","Taxonomy_Cat","1/12/2025 11:02:43","4","1","referring_physician_code","C",,"0",
"referring_zip_code",,"referring_physician","zip_code","zip_code","Explicit Referring Physician Zip","Claim-level zip code of the NPI address of the physician that was explicitly listed on the claim as the referring physician.",,"Referring Physician - Explicit","1","0",,"1","0","0","1","referring_physician_code",,"(SELECT zip_code , zip_name , City , county_name , State, cbsa_name , zip_class , zip_demo_base_name  FROM {statedb}.zip WHERE zip_code_flag = 'Y' )z","zip_code Zip_Code, zip_name Zip_Name, City, county_name County_Name, State, cbsa_name CBSA, zip_class Zip_Class, zip_demo_base_name Zip_Demo_Base_Name","referring_zip_code,,referring_city,referring_county,,,",,"Zip_Code","`referring_zip_code`","Zip_Code",,"22/1/2026 11:52:09","4","0","referring_physician_code","C",,"0",
"rendering_address",,"rendering_physician","street","street","Rendering Physician Address","Claim-level NPI address of the physician who rendered the procedure on the claim.",,"Rendering Physician","1","0",,"0","0","0","1","rendering_physician_code",,,,,,"street",,,,"20/3/2025 10:23:09","3","0","rendering_physician_code","C",,"0",
"rendering_affiliation_code",,"rendering_physician","affiliation_code","affiliation_code","Rendering Physician Affiliation",,,"Rendering Physician","0","0",,"0","0","0","0",,,,,,,,,,,"19/3/2025 10:36:15","3","0","rendering_physician_code","C",,"0",
"rendering_affiliation_dba_code",,"rendering_physician","affiliation_dba_name","affiliation_dba_name","Rendering Affiliation DBA ",,,"Rendering Physician","0","0",,"0","0","0","0",,,,,,,,,,,"19/3/2025 10:36:15","3","1","rendering_physician_code","C",,"0",
"rendering_affiliation_dba_name",,"rendering_physician","affiliation_dba_name","affiliation_dba_name","Rendering Physician IM Group Practice"," The group practice name associated with the physician’s most recent group practice affiliation, based on a proprietary methodology for group practice affiliation.",,"Rendering Physician","1","0",,"1","0","0","1","rendering_physician_code","`rendering_physician`.`affiliation_dba_name`","`{statedb}`.affiliation","affiliation_dba_name IM_Group_Practice, affiliation_code","affiliation_dba_name, ",,"affiliation_code","`rendering_affiliation_code`","IM_Group_Practice","affiliation_code","20/3/2025 10:29:50","3","1","rendering_physician_code","C",,"0",
"rendering_affiliation_name",,"rendering_physician","affiliation_name","affiliation_name","Rendering Physician Affiliation",,,"Rendering Physician","0","0",,"0","0","0","0",,"rendering_affiliation_code","{statedb}.affiliation","affiliation_name Affiliation_Name, IM Group Practice, affiliation_code","affiliation_name,,",,"affiliation_code","`rendering_affiliation_code`","Affiliation_Name","affiliation_code","19/3/2025 10:36:15","3","1","rendering_physician_code","C",,"0",
"rendering_city",,"rendering_physician","city","city","Rendering Physician City State","Claim-level city and state of the NPI address of the physician who rendered the procedure on the claim.",,"Rendering Physician","1","0",,"1","0","0","1","rendering_physician_code",,"{statedb}.zip","distinct City, State","rendering_city","physician","City",,,,"20/3/2025 10:23:09","3","0","rendering_physician_code","C",,"0",
"rendering_count",,"{table}","rendering_physician_code","count(distinct {table}.rendering_physician_code)","Rendering Physician Count","Provides a count of unique rendering physicians.","n0","Rendering Physician","0","1",,"0","0","0","0","rendering_physician_code",,,,,,,,,,"20/3/2025 10:23:09","9","0","rendering_physician_code","B",,"0",
"rendering_county",,"rendering_physician","county_code","county_name","Rendering Physician County","Claim-level county of the NPI address of the physician who rendered the procedure on the claim.",,"Rendering Physician","1","0",,"1","0","0","1","rendering_physician_code","`rendering_physician`.`county_name`","000_common.county","County_Name, State_Code, County_Code","rendering_county",,"County_Code","`rendering_county_code`","County_Name","County_Code","28/10/2025 15:54:06","3","1","rendering_physician_code","C",,"0",
"rendering_county_code",,"rendering_physician","county_code","county_code","Rendering Physician County Code",,,"Rendering Physician","0","0",,"0","0","0","0",,"rendering_county_code","000_common.county","County_Name, State_Code, County_Code","rendering_county",,"County_Code","`rendering_county_code`","County_Name","County_Code","28/10/2025 15:54:06","3","0","rendering_physician_code","C",,"0",
"rendering_degree",,"rendering_physician","degree_abbr","degree_name","Rendering Physician Degree","Claim-level degree from the NPI registry of the physician who rendered the procedure on the claim.",,"Rendering Physician","1","0",,"1","0","0","1","rendering_physician_code","`rendering_physician`.`degree_name`","000_common.physician_degree","Degree_Abbr, Degree_Name, degree_code","rendering_degree",,"Degree_Abbr","`rendering_degree_code`",,"degree_code","14/4/2025 08:28:37","3","1","rendering_physician_code","C",,"0",
"rendering_degree_code",,"rendering_physician","degree_abbr","degree_abbr","Rendering Physician Degree","Claim-level degree from the NPI registry of the physician who rendered the procedure on the claim.",,"Rendering Physician","0","0",,"0","0","0","0",,"rendering_degree_code","000_common.physician_degree","Degree_Abbr, Degree_Name, degree_code","rendering_degree",,"Degree_Abbr","`rendering_degree_code`","Degree_Name","degree_code","20/3/2025 10:23:09","3","0","rendering_physician_code","C",,"0",
"rendering_full_address",,"rendering_physician",,"xrendering_full_address","Rendering Physician Full Address"," NPI Registry reference; Usage: for selecting claims based on the full address associated with the rendering physician's NPI registry information",,"Rendering Physician","1","0",,"0","0","0","1","rendering_physician_code",,,,,,,,,,"20/3/2025 10:29:50","3","0","rendering_physician_code","C",,"0",
"rendering_group_name",,"rendering_physician","group_prac_name","group_prac_name","Rendering Physician CMS Group Practice"," The group practice name associated with the physician’s most recent group practice affiliation, based on the CMS group practice feed.",,"Rendering Physician","1","0",,"1","0","0","1",,"rendering_group_prac_code","{statedb}.group_prac","group_prac_name CMS_Group_Practice, State, group_prac_code","referring_group_name,,",,"group_prac_code","`rendering_group_prac_code`","CMS_Group_Practice","group_prac_code","20/3/2025 10:29:50","3","1","rendering_physician_code","C",,"0",
"rendering_group_prac_code",,"rendering_physician","group_prac_code","group_prac_code","Rendering Physician Group Practice",,,"Rendering Physician","0","0",,"0","0","0","0",,,,,,,,,,,"19/3/2025 10:35:45","3","0","rendering_physician_code","C",,"0",
"rendering_hosp_pct",,"rendering_physician","hospital_pct","hospital_pct","Rendering Physician Hospital Percent"," Discharge data; Usage: for grouping and selecting claims based on the hospital where the majority of cases are performed using physician-identified discharge volumes, for rendering physicians",,"Provider","1","0",,"1","1","0","0",,,,,,,,,,,"20/3/2025 10:29:50","15","0","rendering_physician_code","C",,"0",
"rendering_hospital",,"rendering_physician","primary_hospital_name","primary_hospital_name","Rendering Physician Hospital"," Discharge data; Usage: for grouping and selecting claims based on the hospital where the majority of cases are performed using physician-identified discharge volumes, for rendering physicians",,"Rendering Physician","1","0",,"1","1","0","1",,,"hospital",,,,"hospital_name",,,,"20/3/2025 10:29:50","3","0","rendering_physician_code","C",,"0",
"rendering_lat",,"rendering_physician","latitude","latitude","Rendering Physician Latitude","Claim-level latitude of the NPI address of the physician who rendered the procedure on the claim.",,"Rendering Physician","1","0",,"0","0","0","0","rendering_physician_code",,,,,,,,,,"20/3/2025 10:23:09","3","0","rendering_physician_code","C",,"0",
"rendering_long",,"rendering_physician","longitude","longitude","Rendering Physician Longitude","Claim-level longitude of the NPI address of the physician who rendered the procedure on the claim.",,"Rendering Physician","1","0",,"0","0","0","0","rendering_physician_code",,,,,,,,,,"20/3/2025 10:23:09","3","0","rendering_physician_code","C",,"0",
"rendering_name",,"rendering_physician","physician_name","physician_name","Rendering Physician","Claim-level name of the physician who rendered the procedure on the claim.",,"Rendering Physician","1","0",,"1","0","0","1",,"rendering_physician_code","{statedb}.physician","physician_code NPI, physician_name Physician_Name, Last_Name, First_Name, specialty_grp_name Intellimed_Specialty, npi_spec_grp_name NPI_Specialty, degree_abbr Degree, group_prac_name CMS_Group_Practice, affiliation_dba_name IM_Group_Practice, street Address, zip_code Zip, city City, county_name County, state_abbr State","rendering_physician_code,rendering_name,,,,rendering_npi_spec_grp_name,rendering_degree,rendering_group_name,rendering_zip_code,rendering_city,rendering_county,","claim=1","NPI","`rendering_physician_code`","Physician_Name","physician_code","11/2/2026 16:54:45","3","1","rendering_physician_code","C","physician_code","0",
"rendering_npi_spec_grp_code",,"rendering_physician","npi_spec_grp_code","npi_spec_grp_code","Rendering Physician NPI Specialty","Claim-level NPI specialty of the physician who rendered the procedure on the claim.",,"Rendering Physician","0","0",,"0","0","0","0",,,,,,,,,,,"20/3/2025 10:23:09","3","0","rendering_physician_code","C",,"0",
"rendering_npi_spec_grp_name",,"rendering_physician","npi_spec_grp_name","npi_spec_grp_name","Rendering Physician NPI Specialty","Claim-level NPI specialty of the physician who rendered the procedure on the claim.",,"Rendering Physician","1","0",,"1","0","0","1","rendering_physician_code","rendering_npi_spec_grp_code","`000_common`.npi_spec_grp","npi_spec_grp_name NPI_Specialty_Group_Name, taxonomy_cat_name Taxonomy_Cat_Name, npi_spec_grp_code","rendering_npi_spec_grp_name,,",,"npi_spec_grp_code","`rendering_npi_spec_grp_code`","NPI_Specialty_Group_Name","npi_spec_grp_code","20/3/2025 10:23:09","3","1","rendering_physician_code","C",,"0",
"rendering_npi_type",,"rendering_physician","npi_type_name","npi_type_name","Rendering Physician Entity Type","Claim-level entity type of the physician who rendered the procedure on the claim. Entity Type (Type 1= Individual; Type 2= Organization).",,"Rendering Physician","1","0",,"1","0","0","1",,,"`000_common`.npi_type","npi_type NPI_Type, npi_type_name NPI_Type_Name","npi_type_name,npi_type",,"NPI_Type","`rendering_npi_type_code`","NPI_Type_Name","NPI_Type","14/4/2025 08:28:44","3","1","rendering_physician_code","C",,"0",
"rendering_npi_type_code",,"rendering_physician","npi_type","npi_type","Rendering Physician Entity Type","Claim-level entity type of the physician who rendered the procedure on the claim. Entity Type (Type 1= Individual; Type 2= Organization).",,"Rendering Physician","0","0",,"0","0","0","0",,,"`000_common`.npi_type","npi_type NPI_Type, npi_type_name NPI_Type_Name","npi_type_name,npi_type",,"NPI_Type","`rendering_npi_type`","NPI_Type_Name","NPI_Type","20/3/2025 10:23:09","3","0","rendering_physician_code","C",,"0",
"rendering_office_address",,"rendering_office","address1","address1","Rendering Group Practice Address"," NPI group practice feed; Usage: for selecting claims based on the street address associated with the rendering physician's most recent group practice affiliation",,"(N/A)","0","0",,"0","1","0","1","rendering_physician_code",,,,,,"ADDRESS1",,,,"11/8/2025 11:39:13",,"0","rendering_physician_code","C",,"0",
"rendering_office_city",,"rendering_office","city","city","Rendering Group Practice City State"," NPI group practice feed; Usage: for selecting claims based on the city and state associated with the rendering physician's most recent group practice affiliation",,"(N/A)","0","0",,"0","1","0","1","rendering_physician_code",,,,,,"CITY",,,,"11/8/2025 11:39:06",,"0","rendering_physician_code","C",,"0",
"rendering_office_code",,"rendering_office","aileronorgid","aileronorgid","Rendering Group Practice Code"," NPI group practice feed; Usage: for selecting claims based on the city and state associated with the rendering physician's most recent group practice affiliation",,"(N/A)","0","0",,"0","1","0","0",,,,,,,,,"rendering_office_orgname",,"11/8/2025 11:39:03",,"0","rendering_physician_code","C",,"0",
"rendering_office_orgname",,"rendering_office","orgname","orgname","Rendering Group Office"," NPI group practice feed; Usage: for selecting claims based on the name associated with the rendering physician's most recent group practice affiliation",,"(N/A)","0","0",,"0","1","0","1","rendering_physician_code",,,,,,"ORGNAME",,,,"11/8/2025 11:38:54",,"0","rendering_physician_code","C",,"0",
"rendering_office_zip_code",,"rendering_office","zip","zip","Rendering Group Practice Zip"," NPI group practice feed; Usage: for selecting claims based on the zip code associated with the rendering physician's most recent group practice affiliation",,"(N/A)","0","0",,"0","1","0","1","rendering_physician_code",,"(SELECT zip_code , zip_name , City , county_name , State, cbsa_name , zip_class , zip_demo_base_name  FROM {statedb}.zip WHERE zip_code_flag = 'Y' )z","zip_code Zip_Code, zip_name Zip_Name, City City, county_name County_Name, State, cbsa_name CBSA, zip_class Zip_Class, zip_demo_base_name Zip_Demo_Base_Name","rendering_zip_code,,rendering_city,rendering_county,,,",,"ZIP",,,,"22/1/2026 11:52:09",,"0","rendering_physician_code","C",,"0",
"rendering_percent",,"{table}","rendering_physician_code","concat(round(count(distinct {table}.rendering_physician_code)/sum(count(distinct {table}.rendering_physician_code))*100,2),'%')","Rendering Physician Percent","Percentage of rendering physicians for all claims returned","p2","Rendering Physician","0","1",,"0","1","0","0",,,,,,,,,,,"21/11/2025 15:16:37","9","0","rendering_physician_code","B",,"0",
"rendering_phone",,"rendering_physician","phone_number","phone_number","Rendering Physician Phone","Claim-level phone number from the NPI registry of the physician who rendered the procedure on the claim.",,"Rendering Physician","1","0",,"0","0","0","1","rendering_physician_code",,,,,,,,,,"20/3/2025 10:23:09","3","0","rendering_physician_code","C",,"0",
"rendering_physician_code",,"{table}","rendering_physician_code","rendering_physician_code","Rendering Physician NPI","Claim-level NPI number of the physician who rendered the procedure on the claim.",,"Rendering Physician","1","0",,"1","0","0","1",,,"{statedb}.physician","physician_code NPI, physician_name Physician_Name, Last_Name, First_Name, specialty_grp_name Intellimed_Specialty, npi_spec_grp_name NPI_Specialty, degree_abbr Degree, group_prac_name CMS_Group_Practice, affiliation_dba_name IM_Group_Practice, street Address, zip_code Zip, city City, county_name County, state_abbr State","rendering_physician_code,rendering_name,,,,rendering_npi_spec_grp_name,rendering_degree,rendering_group_name,rendering_zip_code,rendering_city,rendering_county,","claim=1","NPI","`rendering_physician_code`","NPI","physician_code","11/2/2026 16:20:14","3","0","rendering_physician_code","C",,"0",
"rendering_physician_name_code",,"{table}","rendering_physician_code","rendering_physician_code","Rendering Physician","Claim-level name of the physician who rendered the procedure on the claim.",,"Rendering Physician","0","0",,"0","0","0","0",,,"{statedb}.physician","physician_code Physician_Code, physician_name Physician_Name, Last_Name, First_Name, specialty_grp_name Intellimed_Specialty, npi_spec_grp_name NPI_Specialty, degree_abbr Degree, group_prac_name Group_Practice, street Address, zip_code Zip, city City, county_name County, state_abbr State","rendering_physician_code,rendering_name,,,,rendering_npi_spec_grp_name,rendering_degree,rendering_group_name,rendering_zip_code,rendering_city,rendering_county,","claim=1","Physician_Code","`rendering_physician_name_code`","Physician_Code",,"20/3/2025 10:23:09","3","0","rendering_physician_code","C",,"0",
"rendering_prac_count",,"rendering_physician","group_prac_code","count(distinct rendering_physician.group_prac_code)","Rendering Group Practice Count","Provides a count of unique rendering group practices.","n0","Rendering Physician","0","1",,"0","0","0","0",,,,,,,,,,,"20/3/2025 10:23:09","9","0","rendering_physician_code","B",,"0",
"rendering_spec_grp_code",,"rendering_physician","npi_spec_grp_code","npi_spec_grp_code",,,,"Rendering Physician","0","0",,"0","1","0","0",,,,,,,,,,,"19/3/2025 10:35:45","3","0","rendering_physician_code","C",,"0",
"rendering_specialty_primary",,"rendering_physician",,"xrendering_specialty_primary","Rendering Primary NPI Specialty",,,"(N/A)","0","0",,"0","1","0","0","rendering_physician_code",,,,,,"specialty_grp_name",,,,"14/3/2025 11:21:40",,"0","rendering_physician_code","C",,"0",
"rendering_system",,"rendering_physician","primary_hospital_system_name","primary_hospital_system_name","Rendering Physician Hospital System"," Discharge data; Usage: for grouping and selecting claims based on the hospital system where the majority of cases are performed using physician-identified discharge volumes, for rendering physcians",,"Rendering Physician","1","0",,"1","1","0","1",,,"hospital_system",,,,"hospital_system_name",,,,"20/3/2025 10:29:50","3","0","rendering_physician_code","C",,"0",
"rendering_system_pct",,"rendering_physician","hospital_system_pct","hospital_system_pct","Rendering Physician Hospital System Percent"," Discharge data; Usage: for grouping and selecting claims based on the hospital system where the majority of cases are performed using physician-identified discharge volumes, for rendering physcians",,"Provider","1","0",,"1","1","0","0",,,,,,,,,,,"7/5/2025 09:04:31","15","0","rendering_physician_code","C",,"0",
"rendering_taxonomy_cat",,"rendering_physician","taxonomy_cat","taxonomy_cat_name","Rendering Physician Taxonomy","Claim-level taxonomy from the NPI registry of the physician who rendered the procedure on the claim.",,"Rendering Physician","1","0",,"1","0","0","1",,"`rendering_physician`.`taxonomy_cat_name`","`000_common`.npi_spec_grp","distinct taxonomy_cat_name Taxonomy_Cat_Name, taxonomy_cat Taxonomy_Cat","rendering_taxonomy_cat_name",,"Taxonomy_Cat","`rendering_taxonomy_cat_code`","Taxonomy_Cat_Name","Taxonomy_Cat","1/12/2025 11:15:41","3","1","rendering_physician_code","C",,"0",
"rendering_taxonomy_cat_code",,"rendering_physician","taxonomy_cat","taxonomy_cat","Rendering Physician Taxonomy","Claim-level taxonomy from the NPI registry of the physician who rendered the procedure on the claim.",,"Rendering Physician","0","0",,"0","0","0","0",,,,,,,,,,,"20/3/2025 10:23:09","3","0","rendering_physician_code","C",,"0",
"rendering_zip_code",,"rendering_physician","zip_code","zip_code","Rendering Physician Zip","Claim-level zip code of the NPI address of the physician who rendered the procedure on the claim.",,"Rendering Physician","1","0",,"1","0","0","1","rendering_physician_code",,"(SELECT zip_code , zip_name , City , county_name , State, cbsa_name , zip_class , zip_demo_base_name  FROM {statedb}.zip WHERE zip_code_flag = 'Y' )z","zip_code Zip_Code, zip_name Zip_Name, City, county_name County_Name, State, cbsa_name CBSA, zip_class Zip_Class, zip_demo_base_name Zip_Demo_Base_Name","rendering_zip_code,,rendering_city,rendering_county,,,",,"Zip_Code","`rendering_zip_code`","Zip_Code",,"22/1/2026 11:52:09","3","0","rendering_physician_code","C",,"0",
"rev_code",,"rev_{table}","rev_{table}_code","rev_{table}_code","Revenue Detail Code",,,"Payor/Revenue","0","0","1","0","1","0","0",,,,,,,,,,,"20/11/2025 15:44:15","21","0","rev_code","I",,"0",
"rev_codes_inpatient_code","5","rev_codes_inpatient","rev_codes_inpatient_code","rev_codes_inpatient_code","Revenue Detail",,,"Payor/Revenue","0","0","0","0","0","0","0",,,,,,,,"`rev_codes_inpatient_code`",,,"11/2/2026 12:40:49","21","0","rev_codes_inpatient_code","I",,"0",
"rev_codes_inpatient_name","5","rev_codes_inpatient","rev_codes_inpatient_code","rev_codes_inpatient_name","Revenue Detail","The category of revenue detail on an inpatient discharge case",,"Payor/Revenue","1","0","1","1","0","0","1",,"rev_codes_inpatient.rev_codes_inpatient_code","{statedb}.rev_codes_inpatient","rev_codes_inpatient_code Revenue_Type_Code,rev_codes_inpatient_name Revenue_Type","rev_codes_inpatient_name",,"Revenue_Type_Code","`rev_codes_inpatient_code`","Revenue_Type","rev_codes_inpatient_code","11/2/2026 13:47:56","21","0","rev_codes_inpatient_name","I",,"0",
"rev_codes_name","5","rev_codes_{table}","rev_codes_{table}_name","rev_codes_{table}_name","Revenue Detail","The category of revenue detail on a discharge case",,"Payor/Revenue","1","0","1","1","0","0","1",,"rev_codes_{table}.rev_codes_{table}_code","{statedb}.rev_codes_{table}","rev_codes_{table}_code Revenue_Type_Code,rev_codes_{table}_name Revenue_Type",",rev_codes_name",,"Revenue_Type_Code","`rev_code`","Revenue_Type","Revenue_Type_Code","6/1/2026 13:38:00","21","0","rev_codes_name","IO",,"0",
"rev_codes_outpatient_code","5","rev_codes_outpatient","rev_codes_outpatient_code","rev_codes_outpatient_code","Revenue Detail",,,"Payor/Revenue","0","0","0","0","0","0","0",,,,,,"",,"`rev_codes_outpatient_code`",,,"11/2/2026 12:40:45","21","0","rev_codes_outpatient_code","O",,"0",
"rev_codes_outpatient_name","5","rev_codes_outpatient","rev_codes_outpatient_code","rev_codes_outpatient_name","Revenue Detail","The category of revenue detail on an outpatient discharge case",,"Payor/Revenue","1","0","1","1","0","0","1",,"rev_codes_outpatient.rev_codes_outpatient_code","{statedb}.rev_codes_outpatient","rev_codes_outpatient_name Revenue_Type, rev_codes_outpatient_code","rev_codes_outpatient_name","","rev_codes_outpatient_code","`rev_codes_outpatient_code`","Revenue_Type","rev_codes_outpatient_code","11/2/2026 13:48:00","21","0","rev_codes_outpatient_name","O",,"0",
"rev_inpatient_code",,"rev_inpatient","rev_inpatient_code","rev_inpatient_code","Revenue Detail Code",,,"Payor/Revenue","0","0","1","0","1","0","0",,,,,,,,,,,"20/11/2025 15:44:10","21","0","rev_code","I",,"0",
"rev_outpatient_code",,"rev_outpatient","rev_outpatient_code","rev_outpatient_code","Revenue Detail Code",,,"Payor/Revenue","0","0","1","0","1","0","0",,,,,,,,,,,"20/11/2025 15:44:20","21","0","rev_code","O",,"0",
"revenue_pct_grp1",,"group1table","revenue","concat(round(COALESCE(cachetable.revenue_total/group1table.revenue_total,0)*100,2),'%')","Percent {Group1} Detail Charges","Provides a subtotal Percentage of first grouping returned on detail charges","p2","Common","0","1","1","0","0","1","0",,,,,,,,,,,"18/12/2025 11:41:01","1","0","revenue","IO",,"0",
"revenue_pct_total",,"cachetable0","revenue","concat(round(COALESCE(cachetable.revenue_total/cachetable0.revenue_total,0)*100,2),'%')","Percent Total Detail Charges","Provides a percent of total detail charges returned.","p2","Common","0","1","1","0","0","1","0",,,,,,,,,,,"18/12/2025 11:41:13","1","0","revenue","IO",,"0",
"revenue_total",,"rev_{table}x","revenue_amount","sum(revenue_amount)","Total Detail Charges","The total detail charges assocaited with cases on report","c0","Common","0","1","1","0","0","0","0",,,,,,,,,,,"8/12/2025 08:33:25","1","0","revenue_amount","IO",,"0",
"rom_bench",,"inpatient_apr","rom_code","round(sum(inpatient_apr.rom_code)/count(inpatient.case_id),4)","Comp Bench ROM","The competitive benchmark for Risk of Mortatity comparing against the full dataset based on APRDRG severity","n2","MS-DRG","0","1",,"0","0","0","0",,,,,,,,,,,"19/12/2025 14:35:19",,"0","rom_code","I",,"0",
"rom_code",,"{table}_apr","rom_code","rom_code","ROM","The Risk of Mortality (ROM) score is a 1–4 system in APR-DRGs that estimates a patient’s chance of in-hospital death, classified into categories such as minor, moderate, major, or extreme. ","n2","Mortality","1","0",,"0","0","0","0",,,,,,,,,,,"16/2/2026 14:30:52","160","0","rom_code","A",,"0",
"semi_case_one",,"{table}","case_id","sum({table}.period_code in ( {period7},{period8} )) * (sum(({table}.period_code in ( {period7},{period8} ))) > {cell_size})","Semi Cases (1st Two Periods)","First two periods on case trended report","n0","Trended","0","1",,"0","0","0","0","","","","","","","","","","","12/2/2026 11:40:04","14","0","case_id","I",,"1","{table}-trended-market-share-semi-case"
"semi_case_one_pct_grp1",,"group1table","semi_case_one","concat(round(COALESCE(cachetable.semi_case_one/group1table.semi_case_one,0)*100,2),'%')","Semi Percent {Group1} (1st Two Periods) Cases","Provides a subtotal Percentage of first column returned.","p2","Trended","0","1",,"0","0","1","0","","","","","","","","","","","12/2/2026 11:40:04","1","0","case_id","IOD",,"1","{table}-trended-market-share-semi-case"
"semi_case_ratio_one",,"cachetable0","semi_case_one","concat(round(coalesce(cachetable.semi_case_one/cachetable0.semi_case_one,0)*100,2),'%')","Semi Cases Percent (1st Two Periods)","First two periods on case percent trended report","p2","Trended","0","1",,"0","0","1","0","","","","","","","","","","","12/2/2026 11:40:04","11","0","case_id","IOD",,"1","{table}-trended-market-share-semi-case"
"semi_case_ratio_three",,"cachetable0","semi_case_three","concat(round(coalesce(cachetable.semi_case_three/cachetable0.semi_case_three,0)*100,2),'%')","Semi Cases Percent (3rd Two Periods)","Third two periods on case percent trended report","p2","Trended","0","1",,"0","0","1","0","","","","","","","","","","","12/2/2026 11:37:05","10","0","case_id","IOD",,"1","{table}-trended-market-share-semi-case"
"semi_case_ratio_two",,"cachetable0","semi_case_two","concat(round(coalesce(cachetable.semi_case_two/cachetable0.semi_case_two,0)*100,2),'%')","Semi Cases Percent (2nd Two Periods)","Second two periods on case percent trended report","p2","Trended","0","1",,"0","0","1","0","","","","","","","","","","","12/2/2026 11:38:46","9","0","case_id","IOD",,"1","{table}-trended-market-share-semi-case"
"semi_case_three",,"{table}","case_id","sum(({table}.period_code in ( {period11},{period12} ))) * (sum(({table}.period_code in ( {period11},{period12} ))) > {cell_size})","Semi Cases (3rd Two Periods)","Third two periods on case trended report","n0","Trended","0","1",,"0","0","0","0","","","","","","","","","","","12/2/2026 11:37:04","16","0","case_id","I",,"1","{table}-trended-market-share-semi-case"
"semi_case_three_pct_grp1",,"group1table","semi_case_three","concat(round(COALESCE(cachetable.semi_case_three/group1table.semi_case_three,0)*100,2),'%')","Semi Percent {Group1} (3rd Two Periods) Cases","Provides a subtotal Percentage of third column returned.","p2","Trended","0","1",,"0","0","1","0","","","","","","","","","","","12/2/2026 11:37:05","1","0","case_id","IOD",,"1","{table}-trended-market-share-semi-case"
"semi_case_two",,"{table}","case_id","sum(({table}.period_code in ( {period9},{period10} ))) * (sum(({table}.period_code in ( {period9},{period10} ))) > {cell_size})","Semi Cases (2nd Two Periods)","Second two periods on case trended report","n0","Trended","0","1",,"0","0","0","0","","","","","","","","","","","12/2/2026 11:38:46","15","0","case_id","I",,"1","{table}-trended-market-share-semi-case"
"semi_case_two_pct_grp1",,"group1table","semi_case_two","concat(round(COALESCE(cachetable.semi_case_two/group1table.semi_case_two,0)*100,2),'%')","Semi Percent {Group1} (2nd Two Periods) Cases","Provides a subtotal Percentage of second column returned.","p2","Trended","0","1",,"0","0","1","0","","","","","","","","","","","12/2/2026 11:38:46","1","0","case_id","IOD",,"1","{table}-trended-market-share-semi-case"
"semi_charge_one",,"{table}","charge","round(sum(({table}.period_code in ( {period7},{period8} )) * ({table}.charge) ),2) * (sum(({table}.period_code in ( {period7},{period8} ))) > {cell_size})","Semi Charges (1st Two Periods)","First two periods on charge trended report","n0","Trended","0","1",,"0","0","0","0","","","","","","","","","","","12/2/2026 11:40:04","14","0","charge","IOD",,"1","{table}-trended-market-share-semi-charge"
"semi_charge_one_pct_grp1",,"group1table","semi_charge_one","concat(round(COALESCE(cachetable.semi_charge_one/group1table.semi_charge_one,0)*100,2),'%')","Semi Percent {Group1} (1st Two Periods) Charges","Provides a subtotal Percentage of first column returned.","p2","Trended","0","1",,"0","0","1","0","","","","","","","","","","","12/2/2026 11:40:04","1","0","charge","IOD",,"1","{table}-trended-market-share-semi-charge"
"semi_charge_ratio_one",,"cachetable0","semi_charge_one","concat(round(coalesce(cachetable.semi_charge_one/cachetable0.semi_charge_one,0)*100,2),'%')","Semi Charges Percent (1st Two Periods)","First two periods on charge percent trended report","p2","Trended","0","1",,"0","0","1","0","","","","","","","","","","","12/2/2026 11:40:04","11","0","charge","IOD",,"1","{table}-trended-market-share-semi-charge"
"semi_charge_ratio_three",,"cachetable0","semi_charge_three","concat(round(coalesce(cachetable.semi_charge_three/cachetable0.semi_charge_three,0)*100,2),'%')","Semi Charges Percent (3rd Two Periods)","Third two periods on charge percent trended report","p2","Trended","0","1",,"0","0","1","0","","","","","","","","","","","12/2/2026 11:37:05","10","0","charge","IOD",,"1","{table}-trended-market-share-semi-charge"
"semi_charge_ratio_two",,"cachetable0","semi_charge_two","concat(round(coalesce(cachetable.semi_charge_two/cachetable0.semi_charge_two,0)*100,2),'%')","Semi Charges Percent (2nd Two Periods)","Second two periods on charge percent trended report","p2","Trended","0","1",,"0","0","1","0","","","","","","","","","","","12/2/2026 11:38:46","9","0","charge","IOD",,"1","{table}-trended-market-share-semi-charge"
"semi_charge_three",,"{table}","charge","round(sum(({table}.period_code in ( {period11},{period12} )) * ({table}.charge) ),2) * (sum(({table}.period_code in ( {period11},{period12} ))) > {cell_size})","Semi Charges (3rd Two Periods)","Third two periods on charge trended report","n0","Trended","0","1",,"0","0","0","0","","","","","","","","","","","12/2/2026 11:37:05","16","0","charge","IOD",,"1","{table}-trended-market-share-semi-charge"
"semi_charge_three_pct_grp1",,"group1table","semi_charge_three","concat(round(COALESCE(cachetable.semi_charge_three/group1table.semi_charge_three,0)*100,2),'%')","Semi Percent {Group1} (3rd Two Periods) Charges","Provides a subtotal Percentage of third column returned.","p2","Trended","0","1",,"0","0","1","0","","","","","","","","","","","12/2/2026 11:37:05","1","0","charge","IOD",,"1","{table}-trended-market-share-semi-charge"
"semi_charge_two",,"{table}","charge","round(sum(({table}.period_code in ( {period9},{period10} )) * ({table}.charge) ),2) * (sum(({table}.period_code in ( {period9},{period10} ))) > {cell_size})","Semi Charges (2nd Two Periods)","Second two periods on charge trended report","n0","Trended","0","1",,"0","0","0","0","","","","","","","","","","","12/2/2026 11:38:46","15","0","charge","IOD",,"1","{table}-trended-market-share-semi-charge"
"semi_charge_two_pct_grp1",,"group1table","semi_charge_two","concat(round(COALESCE(cachetable.semi_charge_two/group1table.semi_charge_two,0)*100,2),'%')","Semi Percent {Group1} (2nd Two Periods) Charges","Provides a subtotal Percentage of second column returned.","p2","Trended","0","1",,"0","0","1","0","","","","","","","","","","","12/2/2026 11:38:46","1","0","charge","IOD",,"1","{table}-trended-market-share-semi-charge"
"semi_days_one",,"{table}","los","sum(({table}.period_code in ( {period7},{period8} )) * ({table}.los) ) * (sum(({table}.period_code in ( {period7},{period8} ))) > {cell_size})","Semi Days (1st Two Periods)","First two periods on days trended report","n0","Trended","0","1",,"0","0","0","0",,,,,,,,,,,"12/2/2026 11:40:04","14","0","los","I",,"1","{table}-trended-market-share-semi-days"
"semi_days_one_pct_grp1",,"group1table","semi_days_one","concat(round(COALESCE(cachetable.semi_days_one/group1table.semi_days_one,0)*100,2),'%')","Semi Percent {Group1} (1st Two Periods) Days","Provides a subtotal Percentage of first column returned.","p2","Trended","0","1",,"0","0","1","0","","","","","","","","","","","12/2/2026 11:40:04","1","0","los","I",,"1","{table}-trended-market-share-semi-days"
"semi_days_ratio_one",,"cachetable0","semi_days_one","concat(round(coalesce(cachetable.semi_days_one/cachetable0.semi_days_one,0)*100,2),'%')","Semi Days Percent (1st Two Periods)","First two periods on days percent trended report","p2","Trended","0","1",,"0","0","1","0","","","","","","","","","","","12/2/2026 11:40:04","11","0","los","I",,"1","{table}-trended-market-share-semi-days"
"semi_days_ratio_three",,"cachetable0","semi_days_three","concat(round(coalesce(cachetable.semi_days_three/cachetable0.semi_days_three,0)*100,2),'%')","Semi Days Percent (3rd Two Periods)","Third two periods on days percent trended report","p2","Trended","0","1",,"0","0","1","0","","","","","","","","","","","12/2/2026 11:37:05","10","0","los","I",,"1","{table}-trended-market-share-semi-days"
"semi_days_ratio_two",,"cachetable0","semi_days_two","concat(round(coalesce(cachetable.semi_days_two/cachetable0.semi_days_two,0)*100,2),'%')","Semi Days Percent (2nd Two Periods)","Second two periods on days percent trended report","p2","Trended","0","1",,"0","0","1","0","","","","","","","","","","","12/2/2026 11:38:46","9","0","los","I",,"1","{table}-trended-market-share-semi-days"
"semi_days_three",,"{table}","los","sum(({table}.period_code in ( {period11},{period12} )) * ({table}.los) ) * (sum(({table}.period_code in ( {period11},{period12} ))) > {cell_size})","Semi Days (3rd Two Periods)","Third two periods on days trended report","n0","Trended","0","1",,"0","0","0","0",,,,,,,,,,,"12/2/2026 11:37:05","16","0","los","I",,"1","{table}-trended-market-share-semi-days"
"semi_days_three_pct_grp1",,"group1table","semi_days_three","concat(round(COALESCE(cachetable.semi_days_three/group1table.semi_days_three,0)*100,2),'%')","Semi Percent {Group1} (3rd Two Periods) Days","Provides a subtotal Percentage of third column returned.","p2","Trended","0","1",,"0","0","1","0","","","","","","","","","","","12/2/2026 11:37:05","1","0","los","I",,"1","{table}-trended-market-share-semi-days"
"semi_days_two",,"{table}","los","sum(({table}.period_code in ( {period9},{period10} )) * ({table}.los) ) * (sum(({table}.period_code in ( {period9},{period10} ))) > {cell_size})","Semi Days (2nd Two Periods)","Second two periods on days trended report","n0","Trended","0","1",,"0","0","0","0",,,,,,,,,,,"12/2/2026 11:38:46","15","0","los","I",,"1","{table}-trended-market-share-semi-days"
"semi_days_two_pct_grp1",,"group1table","semi_days_two","concat(round(COALESCE(cachetable.semi_days_two/group1table.semi_days_two,0)*100,2),'%')","Semi Percent {Group1} (2nd Two Periods) Days","Provides a subtotal Percentage of second column returned.","p2","Trended","0","1",,"0","0","1","0","","","","","","","","","","","12/2/2026 11:38:46","1","0","los","I",,"1","{table}-trended-market-share-semi-days"
"semi_procd_one",,"{table}","procd_count","sum(({table}.period_code in ( {period7},{period8} )) * {table}.procd_count) * (sum(({table}.period_code in ( {period7},{period8} ))) > {cell_size})","Semi Procedures (1st Two Periods)","First two periods on cases trended report","n0","Trended","0","1",,"0","0","0","0","","","","","","","","","","","12/2/2026 11:40:04","8","0","procd_count","OD",,"1","{table}-trended-market-share-semi-procd"
"semi_procd_one_pct_grp1",,"group1table","semi_procd_one","concat(round(COALESCE(cachetable.semi_procd_one/group1table.semi_procd_one,0)*100,2),'%')","Semi Percent {Group1} (1st Two Periods) Procedures","Provides a subtotal Percentage of first column returned.","p2","Trended","0","1",,"0","0","1","0","","","","","","","","","","","12/2/2026 11:40:04","1","0","procd_count","OD",,"1","{table}-trended-market-share-semi-procd"
"semi_procd_ratio_one",,"cachetable0","semi_procd_one","concat(round(coalesce(cachetable.semi_procd_one/cachetable0.semi_procd_one,0)*100,2),'%')","Semi Procedures Percent (1st Two Periods)","First four periods on cases Percent trended report","p2","Trended","0","1",,"0","0","1","0","","","","","","","","","","","12/2/2026 11:40:04","11","0","procd_count","OD",,"1","{table}-trended-market-share-semi-procd"
"semi_procd_ratio_three",,"cachetable0","semi_procd_three","concat(round(coalesce(cachetable.semi_procd_three/cachetable0.semi_procd_three,0)*100,2),'%')","Semi Procedures Percent (3rd Two Periods)","Third four periods on cases percent trended report","p2","Trended","0","1",,"0","0","1","0","","","","","","","","","","","12/2/2026 11:37:05","10","0","procd_count","OD",,"1","{table}-trended-market-share-semi-procd"
"semi_procd_ratio_two",,"cachetable0","semi_procd_two","concat(round(coalesce(cachetable.semi_procd_two/cachetable0.semi_procd_two,0)*100,2),'%')","Semi Procedures Percent (2nd Two Periods)","Second four periods on cases percent trended report","p2","Trended","0","1",,"0","0","1","0","","","","","","","","","","","12/2/2026 11:38:46","9","0","procd_count","OD",,"1","{table}-trended-market-share-semi-procd"
"semi_procd_three",,"{table}","procd_count","sum(({table}.period_code in ( {period11},{period12} )) * {table}.procd_count) * (sum(({table}.period_code in ( {period11},{period12} ))) > {cell_size})","Semi Procedures  (3rd Two Periods)","Third two periods on cases trended report","n0","Trended","0","1",,"0","0","0","0","","","","","","","","","","","12/2/2026 11:37:05","10","0","procd_count","OD",,"1","{table}-trended-market-share-semi-procd"
"semi_procd_three_pct_grp1",,"group1table","semi_procd_three","concat(round(COALESCE(cachetable.semi_procd_three/group1table.semi_procd_three,0)*100,2),'%')","Semi Percent {Group1} (3rd Two Periods) Procedures","Provides a subtotal Percentage of third column returned.","p2","Trended","0","1",,"0","0","1","0","","","","","","","","","","","12/2/2026 11:37:05","1","0","procd_count","OD",,"1","{table}-trended-market-share-semi-procd"
"semi_procd_two",,"{table}","procd_count","sum(({table}.period_code in ( {period9},{period10} )) * {table}.procd_count) * (sum(({table}.period_code in ( {period9},{period10} ))) > {cell_size})","Semi Procedures (2nd Two Periods)","Second two periods on cases trended report","n0","Trended","0","1",,"0","0","0","0","","","","","","","","","","","12/2/2026 11:38:46","9","0","procd_count","OD",,"1","{table}-trended-market-share-semi-procd"
"semi_procd_two_pct_grp1",,"group1table","semi_procd_two","concat(round(COALESCE(cachetable.semi_procd_two/group1table.semi_procd_two,0)*100,2),'%')","Semi Percent {Group1} (2nd Two Periods) Procedures","Provides a subtotal Percentage of second column returned.","p2","Trended","0","1",,"0","0","1","0","","","","","","","","","","","12/2/2026 11:38:46","1","0","procd_count","OD",,"1","{table}-trended-market-share-semi-procd"
"semi_visit_one",,"{table}","case_id","sum(({table}.period_code in ( {period7},{period8} ))) * (sum(({table}.period_code in ( {period7},{period8} ))) > {cell_size})","Semi Cases (1st Two Periods)","First two periods on cases trended report","n0","Trended","0","1",,"0","0","0","0","","","","","","","","","","","5/8/2026 16:49:43","8","0","case_id","OD",,"1","{table}-trended-market-share-semi-visit"
"semi_visit_one_pct_grp1",,"group1table","semi_visit_one","concat(round(COALESCE(cachetable.semi_visit_one/group1table.semi_visit_one,0)*100,2),'%')","Semi Percent {Group1} (1st Two Periods) Cases","Provides a subtotal Percentage of first column returned.","p2","Trended","0","1",,"0","0","1","0","","","","","","","","","","","5/8/2026 16:49:43","1","0","case_id","OD",,"1","{table}-trended-market-share-semi-visit"
"semi_visit_ratio_one",,"cachetable0","semi_visit_one","concat(round(coalesce(cachetable.semi_visit_one/cachetable0.semi_visit_one,0)*100,2),'%')","Semi Cases Percent (1st Two Periods)","First two periods on case percent trended report","p2","Trended","0","1",,"0","0","1","0","","","","","","","","","","","5/8/2026 16:49:43","11","0","case_id","OD",,"1","{table}-trended-market-share-semi-visit"
"semi_visit_ratio_three",,"cachetable0","semi_visit_three","concat(round(coalesce(cachetable.semi_visit_three/cachetable0.semi_visit_three,0)*100,2),'%')","Semi Cases Percent (3rd Two Periods)","Third two periods on case percent trended report","p2","Trended","0","1",,"0","0","1","0","","","","","","","","","","","5/8/2026 16:49:43","10","0","case_id","OD",,"1","{table}-trended-market-share-semi-visit"
"semi_visit_ratio_two",,"cachetable0","semi_visit_two","concat(round(coalesce(cachetable.semi_visit_two/cachetable0.semi_visit_two,0)*100,2),'%')","Semi Cases Percent (2nd Two Periods)","Second two periods on case percent trended report","p2","Trended","0","1",,"0","0","1","0","","","","","","","","","","","5/8/2026 16:49:43","9","0","case_id","OD",,"1","{table}-trended-market-share-semi-visit"
"semi_visit_three",,"{table}","case_id","sum(({table}.period_code in ( {period11},{period12} ))) * (sum(({table}.period_code in ( {period11},{period12} ))) > {cell_size})","Semi Cases  (3rd Two Periods)","Third two periods on cases trended report","n0","Trended","0","1",,"0","0","0","0","","","","","","","","","","","5/8/2026 16:49:43","10","0","case_id","OD",,"1","{table}-trended-market-share-semi-visit"
"semi_visit_three_pct_grp1",,"group1table","semi_visit_three","concat(round(COALESCE(cachetable.semi_visit_three/group1table.semi_visit_three,0)*100,2),'%')","Semi Percent {Group1} (3rd Two Periods) Cases","Provides a subtotal Percentage of third column returned.","p2","Trended","0","1",,"0","0","1","0","","","","","","","","","","","5/8/2026 16:49:43","1","0","case_id","OD",,"1","{table}-trended-market-share-semi-visit"
"semi_visit_two",,"{table}","case_id","sum(({table}.period_code in ( {period9},{period10} ))) * (sum(({table}.period_code in ( {period9},{period10} ))) > {cell_size})","Semi Cases (2nd Two Periods)","Second two periods on cases trended report","n0","Trended","0","1",,"0","0","0","0","","","","","","","","","","","5/8/2026 16:49:43","9","0","case_id","OD",,"1","{table}-trended-market-share-semi-visit"
"semi_visit_two_pct_grp1",,"group1table","semi_visit_two","concat(round(COALESCE(cachetable.semi_visit_two/group1table.semi_visit_two,0)*100,2),'%')","Semi Percent {Group1} (2nd Two Periods) Cases","Provides a subtotal Percentage of second column returned.","p2","Trended","0","1",,"0","0","1","0","","","","","","","","","","","5/8/2026 16:49:43","1","0","case_id","OD",,"1","{table}-trended-market-share-semi-visit"
"sev_adj_aprdrg",,"hospital_aprdrg_all","relative_weight","round(sum(hospital_aprdrg_all.relative_weight)/count(inpatient.case_id),2)","Sev Adj (APR-DRG)",,"n2","APR-DRG","0","1",,"0","0","0","0",,,,,,,,,,,"8/12/2025 13:59:45",,"0","relative_weight","A",,"1","{table}-utilization-cmi-aprdrg"
"sev_adj_aprdrg_inl",,"hospital_aprdrg_inl","relative_weight","round(sum(hospital_aprdrg_inl.relative_weight)/count(inpatient.case_id),2)","Sev Adj (APR-DRG, Inliers)",,"n2","APR-DRG","0","1",,"0","1","0","0",,,,,,,,,,,"18/11/2025 09:21:41",,"0","relative_weight","X",,"0",
"sev_adj_msdrg",,"hospital_msdrg_all","relative_weight","round(sum(hospital_msdrg_all.relative_weight)/count(inpatient.case_id),2)","MS-DRG Avg Relative Weight","The sum of the relative weight divided by the number of cases on the report. The relative weight is set by the hospital, the MS-DRG and the period.","n2","MS-DRG","0","1",,"0","0","0","0",,,,,,,,,,,"19/12/2025 14:16:20",,"0","relative_weight","I",,"1","{table}-utilization-cmi-msdrg"
"sev_adj_msdrg_inl",,"hospital_msdrg_inl","relative_weight","round(sum(hospital_msdrg_inl.relative_weight)/count(inpatient.case_id),2)","Sev Adj (MS-DRG, Inliers)",,"n2","MS-DRG","0","1",,"0","1","0","0",,,,,,,,,,,"18/11/2025 09:21:41",,"0","relative_weight","X",,"0",
"sev_adj_procd_all",,"hospital_procd_all","relative_weight","round(sum(hospital_procd_all.relative_weight)/count(outpatient.case_id),2)","Sev Adj (Procedures)","The sum of the relative weight divided by the number of cases on the report. The relative weight is set by the hospital, the kinds of procedures and the period.","n2","Procedure","0","1",,"0","0","0","0",,,,,,,,,,,"9/12/2025 08:54:38",,"0","relative_weight","O",,"0",
"severity_adj_mix",,"hospital_aprdrg_all","relative_weight","round(sum(hospital_aprdrg_all.relative_weight)/count(inpatient.case_id),4)","Severity Adjusted Mix","The Severity Adjusted Mix is the sum of the relative weight divided by the number of cases on the report. The relative weight is set by the hospital, the APRDRG and the period.",,"APR-DRG","0","1",,"0","0","0","0",,,,,,,,,,,"8/12/2025 16:59:39","0","0","relative_weight","A",,"0",
"severity_avail","17","{table}","procd_code","coalesce(sum({table}.procd_code not in ('99281','G0380','99282','G0381','99283','G0382','99284','G0383','99285','G0384')),0)","No Severity/Available","Total emergency visits with no level code","n0","ED Severity","0","1",,"0","0","0","0",,,,,,,,,,,"10/2/2026 10:39:07",,"0","procd_code","D",,"1","{table}-severity"
"severity_total","16","{table}","procd_code","coalesce(sum({table}.procd_code in ('99281','G0380','99282','G0381','99283','G0382','99284','G0383','99285','G0384')),0)","Severity Level I-V Total Cases","Total visits coded emergency level I-V","n0","ED Severity","0","1",,"0","0","0","0",,,,,,,,,,,"5/8/2026 16:49:43",,"0","procd_code","D",,"1","{table}-severity"
"severity1_avg_charge","3","{table}","procd_code","coalesce(round(sum(({table}.procd_code in('99281','G0380'))*charge)/sum({table}.procd_code in('99281','G0380')),2),0)","Severity Level I Average Charge","Average charge for emergency level I visits","c0","ED Severity","0","1",,"0","0","0","0",,,,,,,,,,,"10/2/2026 10:39:07",,"0","procd_code","D",,"1","{table}-severity"
"severity1_pct","2","cachetable","severity1_total","concat(round(coalesce((cachetable.severity1_total)/(cachetable.severity_total),0)*100,2),'%')","Severity Level I Percent","Percentage of emergency level I visits","p2","ED Severity","0","1",,"0","0","1","0",,,,,,,,,,,"13/4/2026 12:07:54",,"0","procd_code","D",,"1","{table}-severity"
"severity1_total","1","{table}","procd_code","coalesce(sum({table}.procd_code in ('99281','G0380')),0)","Severity Level I Cases","Total visits coded as emergency level I","n0","ED Severity","0","1",,"0","0","0","0",,,,,,,,,,,"5/8/2026 16:49:43",,"0","procd_code","D",,"1","{table}-severity"
"severity2_avg_charge","6","{table}","procd_code","coalesce(round(sum(({table}.procd_code in('99282','G0381'))*charge)/sum({table}.procd_code in('99282','G0381')),2),0)","Severity Level II Average Charge","Average charge for emergency level II visits","c0","ED Severity","0","1",,"0","0","0","0",,,,,,,,,,,"10/2/2026 10:39:07",,"0","procd_code","D",,"1","{table}-severity"
"severity2_pct","5","cachetable","severity2_total","concat(round(coalesce((cachetable.severity2_total)/(cachetable.severity_total),0)*100,2),'%')","Severity Level II Percent","Percentage of emergency level II visits","p2","ED Severity","0","1",,"0","0","1","0",,,,,,,,,,,"13/4/2026 12:07:59",,"0","procd_code","D",,"1","{table}-severity"
"severity2_total","4","{table}","procd_code","coalesce(sum({table}.procd_code in ('99282','G0381')),0)","Severity Level II Cases","Total visits coded as emergency level II","n0","ED Severity","0","1",,"0","0","0","0",,,,,,,,,,,"5/8/2026 16:49:43",,"0","procd_code","D",,"1","{table}-severity"
"severity3_avg_charge","9","{table}","procd_code","coalesce(round(sum(({table}.procd_code in('99283','G0382'))*charge)/sum({table}.procd_code in('99283','G0382')),2),0)","Severity Level III Average Charge","Average charge for emergency level III visits","c0","ED Severity","0","1",,"0","0","0","0",,,,,,,,,,,"10/2/2026 10:39:07",,"0","procd_code","D",,"1","{table}-severity"
"severity3_pct","8","cachetable","severity3_total","concat(round(coalesce((cachetable.severity3_total)/(cachetable.severity_total),0)*100,2),'%')","Severity Level III Percent","Percentage of emergency level III visits","p2","ED Severity","0","1",,"0","0","1","0",,,,,,,,,,,"13/4/2026 12:08:03",,"0","procd_code","D",,"1","{table}-severity"
"severity3_total","7","{table}","procd_code","coalesce(sum({table}.procd_code in ('99283','G0382')),0)","Severity Level III Cases","Total visits coded as emergency level III","n0","ED Severity","0","1",,"0","0","0","0",,,,,,,,,,,"5/8/2026 16:49:43",,"0","procd_code","D",,"1","{table}-severity"
"severity4_avg_charge","12","{table}","procd_code","coalesce(round(sum(({table}.procd_code in('99284','G0383'))*charge)/sum({table}.procd_code in('99284','G0383')),2),0)","Severity Level IV Average Charge","Average charge for emergency level IV visits","c0","ED Severity","0","1",,"0","0","0","0",,,,,,,,,,,"10/2/2026 10:39:07",,"0","procd_code","D",,"1","{table}-severity"
"severity4_pct","11","cachetable","severity4_total","concat(round(coalesce((cachetable.severity4_total)/(cachetable.severity_total),0)*100,2),'%')","Severity Level IV Percent","Percentage of emergency level IV visits","p2","ED Severity","0","1",,"0","0","1","0",,,,,,,,,,,"13/4/2026 12:08:09",,"0","procd_code","D",,"1","{table}-severity"
"severity4_total","10","{table}","procd_code","coalesce(sum({table}.procd_code in ('99284','G0383')),0)","Severity Level IV Cases","Total visits coded as emergency level IV","n0","ED Severity","0","1",,"0","0","0","0",,,,,,,,,,,"5/8/2026 16:49:43",,"0","procd_code","D",,"1","{table}-severity"
"severity5_avg_charge","15","{table}","procd_code","coalesce(round(sum(({table}.procd_code in('99285','G0384'))*charge)/sum({table}.procd_code in('99285','G0384')),2),0)","Severity Level V Average Charge","Average charge for emergency level V visits","c0","ED Severity","0","1",,"0","0","0","0",,,,,,,,,,,"10/2/2026 10:39:07",,"0","procd_code","D",,"1","{table}-severity"
"severity5_pct","14","cachetable","severity5_total","concat(round(coalesce((cachetable.severity5_total)/(cachetable.severity_total),0)*100,2),'%')","Severity Level V Percent","Percentage of emergency level V visits","p2","ED Severity","0","1",,"0","0","1","0",,,,,,,,,,,"13/4/2026 12:08:14",,"0","procd_code","D",,"1","{table}-severity"
"severity5_total","13","{table}","procd_code","coalesce(sum({table}.procd_code in ('99285','G0384')),0)","Severity Level V Cases","Total visits coded as emergency level V","n0","ED Severity","0","1",,"0","0","0","0",,,,,,,,,,,"5/8/2026 16:49:43",,"0","procd_code","D",,"1","{table}-severity"
"shared_pat",,"{table}","referring_physician_code","count(distinct case when {table}.referring_physician_code <=4 then null else {table}.pat_id end)","Explicit Referral Shared Patients","Claim-level count of unique shared patients between rendering and an explicit referring physician.","n0","Referrals","0","1",,"0","0","0","0",,,,,,,,,,,"28/8/2025 10:33:53","11","0","referring_physician_code","B",,"0",
"sl_address","6","sl","street","street","Implied Service Location Address","Claim-level NPI address for the best choice for where a service was performed on the individual claim for a patient.",,"Implied Service Location","1","0",,"0","0","0","1","","sl_address","{statedb}.sl","distinct sl_name Service_Location_Name, street Address","","","","","","","15/4/2025 11:57:42","8","0","sl_code","C",,"0",
"sl_city","7","sl","city","city","Implied Service Location City State","Claim-level city and state of the NPI address for the best choice for where a service was performed on the individual claim for a patient.",,"Implied Service Location","1","0",,"1","0","0","1","sl_code","sl_city","{statedb}.zip","distinct City, State","city,state_abbr","","City","`sl_city`",,,"15/4/2025 11:57:48","8","0","sl_code","C",,"0",
"sl_code","1","{table}","sl_code","sl_code","Implied Service Location NPI","Claim-level  NPI number for the best choice for where a service was performed on the individual claim for a patient.",,"Implied Service Location","1","0",,"1","0","0","1","","sl_code","{statedb}.sl","sl_code NPI, sl_name Implied_Service_Location_Name, sl_dba_name Implied_Service_Location_DBA_Name, taxonomy_cat_name Taxonomy_Cat_Name, street Address, zip_code Zip_Code, city City, county_name County_Name, state_abbr State","sl_code,sl_name,sl_dba_name,taxonomy_cat_name,street,zip_code,city,county_name,state_abbr","","NPI","`sl_code`","NPI","sl_code","18/2/2026 08:36:06","8","0","sl_code","C",,"0",
"sl_county","10","sl","county_code","county_name","Implied Service Location County ","Claim-level county of the NPI address for the best choice for where a service was performed on the individual claim for a patient.",,"Implied Service Location","1","0",,"1","0","0","1",,"`sl`.`county_name`","000_common.county","DISTINCT County_Name, state_code State, county_code County_Code","county_name,state,county_code","","County_Code","`sl_county_code`","County_Name","County_Code","28/10/2025 16:05:00","8","0","sl_code","C",,"0",
"sl_county_code",,"sl","county_code","county_code","Implied Service Location County Code"," NPI Registry reference; Usage: for selecting claims based on the city and state associated with the billing organization NPI registry information",,"Implied Service Location","0","0",,"0","0","0","1",,,"000_common.county","DISTINCT County_Name, state_code State, county_code County_Code",,"",,"`sl_county_code`","County_Name","County_code","28/10/2025 16:04:20","8","0","sl_code","C",,"0",
"sl_dba_name","4","sl","sl_code","sl_dba_name","Implied Service Location DBA Name","Claim-level doing business as name associated with the implied service location.",,"Implied Service Location","1","0",,"1","0","0","1","","sl_code","{statedb}.sl","sl_code NPI, sl_dba_name Implied_Service_Location_DBA_Name, sl_name Implied_Service_Location_Name, taxonomy_cat_name Taxonomy_Cat_Name, street Address, zip_code Zip_Code, city City, county_name County_Name, state_abbr State","sl_code,sl_dba_name,sl_name,taxonomy_cat_name,street,zip_code,city,county_name,state_abbr",,"NPI","`sl_code`","Implied_Service_Location_DBA_Name","sl_code","18/2/2026 12:02:19","8","1","sl_code","C",,"0",
"sl_im_specialty_rollup","9","sl","im_specialty_rollup","im_specialty_rollup","Implied Service Location IM Specialty Rollup","Claim-level specialty/taxonomy associated with the best choice for where a service was performed on the individual claim for a patient. This is a proprietary roll up of the taxonomy types.",,"Implied Service Location","1","0",,"1","0","0","1",,"sl_im_specialty_rollup","{statedb}.sl","distinct im_specialty_rollup IM_Specialty_Rollup","im_specialty_rollup",,"IM_Specialty_Rollup",,,,"15/4/2025 11:59:03","8","0","sl_code","C",,"0",
"sl_lat","12","sl","latitude","latitude","Implied Service Location Latitude","Claim-level latitude of the NPI address for the best choice for where a service was performed on the individual claim for a patient.",,"Implied Service Location","1","0",,"1","0","0","0","sl_code","sl_lat","{statedb}.sl","distinct latitude Latitude","latitude","","Latitude","`sl_lat`","Latitude",,"15/4/2025 11:59:08","8","0","sl_code","C",,"0",
"sl_long","13","sl","longitude","longitude","Implied Service Location Longitude","Claim-level longitude of the NPI address for the best choice for where a service was performed on the individual claim for a patient.",,"Implied Service Location","1","0",,"1","0","0","0","sl_code","sl_long","{statedb}.sl","distinct longitude Longitude","longitude","","Longitude","`sl_long`","Longitude",,"15/4/2025 11:59:09","8","0","sl_code","C",,"0",
"sl_name","2","sl","sl_code","sl_name","Implied Service Location","Claim-level name from the NPI Registry for the best choice for where a service was performed on the individual claim for a patient.",,"Implied Service Location","1","0",,"1","0","0","1","","sl_code","{statedb}.sl","sl_code NPI, sl_name Implied_Service_Location_Name, sl_dba_name Implied_Service_Location_DBA_Name, taxonomy_cat_name Taxonomy_Cat_Name, street Address, zip_code Zip_Code, city City, county_name County_Name, state_abbr State","sl_code,sl_name,sl_dba_name,taxonomy_cat_name,street,zip_code,city,county_name,state_abbr",,"NPI","`sl_code`","Implied_Service_Location_Name","sl_code","18/2/2026 11:58:56","8","1","sl_code","C",,"0",
"sl_npi_spec_grp_code","12","sl","npi_spec_grp_code","npi_spec_grp_code","Implied Service Location NPI Specialty Group","Claim-level NPI specialty group associated with the best choice for where a service was performed on the individual claim for a patient.",,"Implied Service Location","0","0",,"0","0","0","0","sl_code","sl_npi_spec_grp_name","000_common.npi_spec_grp","distinct npi_spec_grp_name NPI_Specialty_Group_Name, npi_spec_grp_code NPI_Spec_Grp_Code","npi_spec_grp_name,npi_spec_grp_code",,"NPI_Spec_Grp_Code","`sl_npi_spec_grp_code`","NPI_Specialty_Group_Name",,"13/5/2025 11:07:45","8","0","sl_code","C",,"0",
"sl_npi_spec_grp_name","14","sl","npi_spec_grp_name","npi_spec_grp_name","Implied Service Location NPI Specialty Group","Claim-level NPI specialty group associated with the best choice for where a service was performed on the individual claim for a patient.",,"Implied Service Location","1","0",,"1","0","0","1","sl_code","sl_npi_spec_grp_name","000_common.npi_spec_grp","distinct npi_spec_grp_name NPI_Specialty_Group_Name, npi_spec_grp_code NPI_Spec_Grp_Code","npi_spec_grp_name,npi_spec_grp_code",,"NPI_Spec_Grp_Code","`sl_npi_spec_grp_code`","NPI_Specialty_Group_Name",,"13/5/2025 11:07:39","8","1","sl_code","C",,"0",
"sl_npi_type","11","sl","npi_type_name","npi_type_name","Implied Service Location Entity Type","Claim-level entity type associated with the best choice for where a service was performed on the individual claim for a patient. Entity Type (Type 1= Individual; Type 2= Organization).",,"Implied Service Location","1","0",,"1","0","0","1",,,"`000_common`.npi_type","distinct npi_type NPI_Type, npi_type_name NPI_Type_Name","sl_npi_type",,"NPI_Type","`sl_npi_type_code`","NPI_Type",,"15/4/2025 11:59:05","8","1","sl_code","C",,"0",
"sl_npi_type_code","9","sl","npi_type","npi_type","Implied Service Location Entity Type","Claim-level entity type associated with the best choice for where a service was performed on the individual claim for a patient. Entity Type (Type 1= Individual; Type 2= Organization).",,"Implied Service Location","0","0",,"0","0","0","0",,,"`000_common`.npi_type","distinct npi_type NPI_Type, npi_type_name NPI_Type_Name","sl_npi_type",,"NPI_Type","`sl_npi_type`","NPI_Type",,"20/3/2025 10:23:09","8","0","sl_code","C",,"0",
"sl_state","15","sl","state_abbr","state_abbr","Implied Service Location State","Claim-level state of the NPI address for the best choice for where a service was performed on the individual claim for a patient.",,"Implied Service Location","1","0",,"1","0","0","1",,"sl_state","{statedb}.sl","distinct state_abbr State","state_abbr",,"State","`sl_state`",,,"15/4/2025 11:59:10","8","0","sl_code","C",,"0",
"sl_taxonomy_cat","5","sl","taxonomy_cat","taxonomy_cat_name","Implied Service Location Taxonomy","Claim-level NPI taxonomy for the best choice for where a service was performed on the individual claim for a patient.",,"Implied Service Location","1","0",,"1","0","0","1","taxonomy_cat","`sl`.`taxonomy_cat_name`","`000_common`.npi_spec_grp","distinct taxonomy_cat_name Taxonomy_Cat_Name, taxonomy_cat Taxonomy_Cat","taxonomy_cat_name",,"Taxonomy_Cat","`sl_taxonomy_cat_code`","Taxonomy_Cat_Name","Taxonomy_Cat","1/12/2025 11:16:17","8","1","sl_code","C",,"0",
"sl_taxonomy_cat_code","3","sl","taxonomy_cat","taxonomy_cat","Implied Service Location Taxonomy","Claim-level NPI taxonomy for the best choice for where a service was performed on the individual claim for a patient.",,"Implied Service Location","0","0",,"0","0","0","1","taxonomy_cat",,,,,,,,,,"20/3/2025 10:23:09","8","0","sl_code","C",,"0",
"sl_zip_code","8","sl","zip_code","zip_code","Implied Service Location Zip","Claim-level zip code of the NPI address for the best choice for where a service was performed on the individual claim for a patient.",,"Implied Service Location","1","0",,"1","0","0","1","sl_zip_code","sl_zip_code","(SELECT zip_code , zip_name , City , county_name , State, cbsa_name , zip_class , zip_demo_base_name  FROM {statedb}.zip WHERE zip_code_flag = 'Y' )z","zip_code Zip_Code, zip_name Zip_Name, City, county_name County_Name, State, cbsa_name CBSA, zip_class Zip_Class, zip_demo_base_name Zip_Demo_Base_Name","zip_code,,city,county,State,,,","","Zip_Code","`sl_zip_code`","Zip_Code","(NULL)","22/1/2026 11:52:09","8","0","sl_code","C",,"0",
"soi_code","4","{table}_apr","soi_code","soi_code","SOI","The Severity of Illness (SOI) score is a 1-4 system in APR-DRGs measures the intensity of a patient's condition, classified into categories such as minor, moderate, major, or extreme.","n2","Mortality","1","0",,"0","0","0","0",,,,,,,,,,,"16/2/2026 14:30:06","160","0","soi_code","A",,"0",
"soi_index","4","inpatient_apr","soi_code","round(SUM(inpatient_apr.soi_code )/count(inpatient.case_id),4)","SOI Index","A measure of change in Severity of Illness where the average index is 1.00 and the weight is based on APR-DRGs in the report.","n2","Mortality","0","1",,"0","0","0","0",,,,,,,,,,,"10/2/2026 06:09:59",,"0","soi_code","A",,"0",
"soi_maj_ext","6","inpatient_apr","soi_code","round(sum(inpatient_apr.soi_code in (3,4))/count(inpatient.case_id),2)","SOI Maj & Ext","A measure of change in Severity of Illness for cases categorized as major (3) and extreme (4) where the average index is 1.00, as compared to the total number of cases for the row.","n2","Mortality","0","1",,"0","0","0","0",,,,,,,,,,,"10/2/2026 06:09:59","160","0","soi_code","A",,"0",
"soi_min_mod","5","inpatient_apr","soi_code","round(sum(inpatient_apr.soi_code in (1,2))/count(inpatient.case_id),2)","SOI Min & Mod","A measure of change in Severity of Illness for cases categorized as minor (1) and moderate (3) where the average index is 1.00, as compared to the total number of cases for the row.","n2","Mortality","0","1",,"0","0","0","0",,,,,,,,,,,"10/2/2026 06:09:59","160","0","soi_code","A",,"0",
"soi1_avg_charge","9","inpatient_apr","soi_code","coalesce(round(sum((inpatient_apr.soi_code = 1)*{table}.charge)/sum(inpatient_apr.soi_code = 1),2),0)","Avg Charge SOI Minor",,"c0","Mortality","0","1",,"0","0","0","0",,,,,,,,,,,"3/12/2025 15:27:35","160","0","soi_code","A",,"1","{table}-severity"
"soi1_avg_los","5","inpatient_apr","soi_code","coalesce(sum((inpatient_apr.soi_code = 1)*{table}.los)/sum(inpatient_apr.soi_code = 1),0)","Avg Days SOI Minor",,"n1","Mortality","0","1",,"0","0","0","0",,,,,,,,,,,"3/12/2025 15:27:35","160","0","soi_code","A",,"1","{table}-severity"
"soi1_total","1","inpatient_apr","soi_code","sum(inpatient_apr.soi_code = 1)","Cases SOI Minor",,"n0","Mortality","0","1",,"0","0","0","0",,,,,,,,,,,"3/12/2025 15:27:27","160","0","soi_code","A",,"1","{table}-severity"
"soi2_avg_charge","10","inpatient_apr","soi_code","coalesce(round(sum((inpatient_apr.soi_code = 2)*{table}.charge)/sum(inpatient_apr.soi_code = 2),2),0)","Avg Charge SOI Moderate",,"c0","Mortality","0","1",,"0","0","0","0",,,,,,,,,,,"3/12/2025 15:27:35","160","0","soi_code","A",,"1","{table}-severity"
"soi2_avg_los","6","inpatient_apr","soi_code","coalesce(sum((inpatient_apr.soi_code = 2)*{table}.los)/sum(inpatient_apr.soi_code = 2),0)","Avg Days SOI Moderate",,"n1","Mortality","0","1",,"0","0","0","0",,,,,,,,,,,"3/12/2025 15:27:35","160","0","soi_code","A",,"1","{table}-severity"
"soi2_total","2","inpatient_apr","soi_code","sum(inpatient_apr.soi_code = 2)","Cases SOI Moderate",,"n0","Mortality","0","1",,"0","0","0","0",,,,,,,,,,,"3/12/2025 15:27:35","160","0","soi_code","A",,"1","{table}-severity"
"soi3_avg_charge","11","inpatient_apr","soi_code","coalesce(round(sum((inpatient_apr.soi_code = 3)*{table}.charge)/sum(inpatient_apr.soi_code = 3),2),0)","Avg Charge SOI Major",,"c0","Mortality","0","1",,"0","0","0","0",,,,,,,,,,,"3/12/2025 15:27:35","160","0","soi_code","A",,"1","{table}-severity"
"soi3_avg_los","7","inpatient_apr","soi_code","coalesce(sum((inpatient_apr.soi_code = 3)*{table}.los)/sum(inpatient_apr.soi_code = 3),0)","Avg Days SOI Major",,"n1","Mortality","0","1",,"0","0","0","0",,,,,,,,,,,"3/12/2025 15:27:35","160","0","soi_code","A",,"1","{table}-severity"
"soi3_total","3","inpatient_apr","soi_code","sum(inpatient_apr.soi_code = 3)","Cases SOI Major",,"n0","Mortality","0","1",,"0","0","0","0",,,,,,,,,,,"3/12/2025 15:27:35","160","0","soi_code","A",,"1","{table}-severity"
"soi4_avg_charge","12","inpatient_apr","soi_code","coalesce(round(sum((inpatient_apr.soi_code = 4)*{table}.charge)/sum(inpatient_apr.soi_code = 4),2),0)","Avg Charge SOI Extreme",,"c0","Mortality","0","1",,"0","0","0","0",,,,,,,,,,,"3/12/2025 15:27:35","160","0","soi_code","A",,"1","{table}-severity"
"soi4_avg_los","8","inpatient_apr","soi_code","coalesce(sum((inpatient_apr.soi_code = 4)*{table}.los)/sum(inpatient_apr.soi_code = 4),0)","Avg Days SOI Extreme",,"n1","Mortality","0","1",,"0","0","0","0",,,,,,,,,,,"3/12/2025 15:27:35","160","0","soi_code","A",,"1","{table}-severity"
"soi4_total","4","inpatient_apr","soi_code","sum(inpatient_apr.soi_code = 4)","Cases SOI Extreme",,"n0","Mortality","0","1",,"0","0","0","0",,,,,,,,,,,"3/12/2025 15:27:35","160","0","soi_code","A",,"1","{table}-severity"
"st_payor_code","2","{table}","st_payor_code","st_payor_code","Payor",,,"Payor/Revenue","0","0",,"0","0","0","0",,,,,,,,"`st_payor_code`",,,"24/3/2026 10:38:43","21","0","st_payor_code","IOD",,"0",
"st_payor_name","2","st_payor","st_payor_name","st_payor_name","Payor","The payor group associated with a discharge case.",,"Payor/Revenue","1","0",,"1","0","0","1",,"st_payor_name","{statedb}.st_payor","st_payor_code St_Payor_Code,st_payor_name State_Payor_Name, is_payor_name Payor_Group","st_payor_code,st_payor_name,is_payor_name","","St_Payor_Code","`st_payor_code`","State_Payor_Name","St_Payor_Code","13/2/2026 13:30:23","21","0","st_payor_name","IOD",,"0",
"state_code","99","pat_zip","state_code","state_code","Patient State","Claim-level state associated with the patient origin on a claim.",,"(N/A)","0","0",,"0","1","0","0",,,,,,,,,,,"25/3/2025 14:29:48",,"0","state_code","BIOD",,"0",
"sum_period_case_one_twelve","13","cachetable0","twelve_period_case_one","cachetable.twelve_period_case_one+cachetable.twelve_period_case_two+cachetable.twelve_period_case_three+cachetable.twelve_period_case_four+cachetable.twelve_period_case_five+cachetable.twelve_period_case_six+cachetable.twelve_period_case_seven+cachetable.twelve_period_case_eight+cachetable.twelve_period_case_nine+cachetable.twelve_period_case_ten+cachetable.twelve_period_case_eleven+cachetable.twelve_period_case_twelve","Total Cases","Sum cases for twelve periods","n0","Trended","0","1",,"0","0","1","0","","","","","","","","","","","13/1/2026 15:30:22","15","0","case_id","IOD",,"1","{table}-twelve-period-trended-cases"
"sum_period_charge_one_twelve","13","cachetable0","twelve_period_charge_one","cachetable.twelve_period_charge_one+cachetable.twelve_period_charge_two+cachetable.twelve_period_charge_three+cachetable.twelve_period_charge_four+cachetable.twelve_period_charge_five+cachetable.twelve_period_charge_six+cachetable.twelve_period_charge_seven+cachetable.twelve_period_charge_eight+cachetable.twelve_period_charge_nine+cachetable.twelve_period_charge_ten+cachetable.twelve_period_charge_eleven+cachetable.twelve_period_charge_twelve","Total Charges","Sum charges for twelve periods","n0","Trended","0","1",,"0","0","1","0","","","","","","","","","","","13/1/2026 16:02:39","15","0","charge","IOD",,"1","{table}-twelve-period-trended-charges"
"sum_period_days_one_twelve","13","cachetable0","twelve_period_days_one","cachetable.twelve_period_days_one+cachetable.twelve_period_days_two+cachetable.twelve_period_days_three+cachetable.twelve_period_days_four+cachetable.twelve_period_days_five+cachetable.twelve_period_days_six+cachetable.twelve_period_days_seven+cachetable.twelve_period_days_eight+cachetable.twelve_period_days_nine+cachetable.twelve_period_days_ten+cachetable.twelve_period_days_eleven+cachetable.twelve_period_days_twelve","Total Days","Sum days for twelve periods","n0","Trended","0","1",,"0","0","1","0","","","","","","","","","","","13/1/2026 16:16:14","15","0","los","I",,"1","{table}-twelve-period-trended-days"
"sum_period_procd_one_twelve","13","cachetable0","twelve_period_procd_one","cachetable.twelve_period_procd_one+cachetable.twelve_period_procd_two+cachetable.twelve_period_procd_three+cachetable.twelve_period_procd_four+cachetable.twelve_period_procd_five+cachetable.twelve_period_procd_six+cachetable.twelve_period_procd_seven+cachetable.twelve_period_procd_eight+cachetable.twelve_period_procd_nine+cachetable.twelve_period_procd_ten+cachetable.twelve_period_procd_eleven+cachetable.twelve_period_procd_twelve","Total Procedures","Sum procedures for twelve periods","n0","Trended","0","1",,"0","0","1","0","","","","","","","","","","","13/1/2026 16:16:15","15","0","procd_count","IOD",,"1","{table}-twelve-period-trended-procedures"
"svc_loc_addr1","12","pos","svc_loc_addr1","svc_loc_addr1","Place of Servcie Address"," NPI Registry reference; Usage: for selecting claims based on the geocoded longitude associated with the Provider Facility's NPI registry information",,"Place of Service","1","0",,"1","1","0","1","pos_code",,"{statedb}.pos","distinct SVC_LOC_ADDR1 Address, SVC_LOC_CITY City, SVC_LOC_STATE State, SVC_LOC_ZIP ZIP_Code","SVC_LOC_ADDR1,SVC_LOC_CITY,SVC_LOC_STATE,SVC_LOC_ZIP",,"Address","`SVC_LOC_ADDR1`","Address",,"11/8/2025 11:41:56","24","0","SVC_LOC_ADDR1","C",,"0",
"svc_loc_city","13","pos","svc_loc_city","svc_loc_city","Place of Service City"," NPI Registry reference; Usage: for selecting claims based on the geocoded longitude associated with the Provider Facility's NPI registry information",,"Place of Service","1","0",,"1","1","0","1","pos_code",,"{statedb}.zip","distinct City, State","SVC_LOC_CITY,SVC_LOC_STATE","pos","City","`SVC_LOC_CITY`",,,"11/8/2025 11:41:25","24","0","SVC_LOC_CITY","C",,"0",
"svc_loc_orgname","11","pos","svc_loc_orgname","svc_loc_orgname","Place of Service"," NPI Registry reference; Usage: for selecting claims based on the geocoded longitude associated with the Provider Facility's NPI registry information",,"Place of Service","1","0",,"1","1","0","1","pos_code",,"{statedb}.pos","SVC_LOC_ORGNAME Place_of_Service, SVC_LOC_ADDR1 Address, SVC_LOC_CITY City, SVC_LOC_STATE State, SVC_LOC_ZIP ZIP_Code, pos_code","SVC_LOC_ORGNAME,SVC_LOC_ADDR1,SVC_LOC_CITY,SVC_LOC_STATE,SVC_LOC_ZIP",,"pos_code","pat_dt.pos_code","Provider_Facility","pos_code","11/8/2025 11:40:43","24","0","SVC_LOC_ORGNAME","C",,"0",
"svc_loc_state","15","pos","svc_loc_state","svc_loc_state","Place of Service State"," NPI Registry reference; Usage: for selecting claims based on the geocoded longitude associated with the Provider Facility's NPI registry information",,"Place of Service","1","0",,"1","1","0","0","pos_code",,"{statedb}.zip","distinct State","SVC_LOC_STATE","pos","State","`SVC_LOC_STATE`","State",,"11/8/2025 11:42:30","24","0","SVC_LOC_STATE","C",,"0",
"svc_loc_zip","16","pos","svc_loc_zip","svc_loc_zip","Place of Service  Zip"," Claims data; Usage: for selecting claims based on the zip code where services were rendered, when available (not all claims include Place of Service information)",,"Place of Service","1","0",,"1","1","0","1","pos_code",,"(SELECT zip_code , zip_name , City , county_name , State, cbsa_name , zip_class , zip_demo_base_name  FROM {statedb}.zip WHERE zip_code_flag = 'Y' )z","zip_code Zip_Code, zip_name Zip_Name, City, county_name County_Name, State, cbsa_name CBSA, zip_class Zip_Class, zip_demo_base_name Zip_Demo_Base_Name","SVC_LOC_ZIP,,SVC_LOC_CITY,pos_county,,,","pos","Zip_Code","`SVC_LOC_ZIP`","Zip_Code",,"22/1/2026 11:52:09","24","0","SVC_LOC_ZIP","C",,"0",
"total_covered_lives_cy",,"covered_lives","total_covered_lives_cy","sum(total_covered_lives_cy)","Current Year Total Covered Lives",,"n0","Covered Lives","0","1",,"0","0","0","0",,,,,,,,,,,"13/6/2025 07:53:20","40","0","total_covered_lives_cy","L",,"0",
"total_covered_lives_cy5",,"covered_lives","total_covered_lives_cy5","sum(total_covered_lives_cy5)","Projected 5-Year Total Covered Lives",,"n0","Covered Lives","0","1",,"0","0","0","0",,,,,,,,,,,"13/6/2025 07:53:21","40","0","total_covered_lives_cy5","L",,"0",
"total_not_covered_cy",,"covered_lives","total_not_covered_cy","sum(total_not_covered_cy)","Current Year Not Covered",,"n0","Covered Lives","0","1",,"0","0","0","0",,,,,,,,,,,"13/6/2025 07:53:21","40","0","total_not_covered_cy","L",,"0",
"total_not_covered_cy5",,"covered_lives","total_not_covered_cy5","sum(total_not_covered_cy5)","Projected 5-Year Not Covered",,"n0","Covered Lives","0","1",,"0","0","0","0",,,,,,,,,,,"13/6/2025 07:53:22","40","0","total_not_covered_cy5","L",,"0",
"transfer_from_hospital_address",,"xfer_from","street","street","Transfer From Facility Address","The address of the facility where a discharge case was transferred from (CMS Only)",,"Transfer","1","0",,"1","0","0","1",,,"{statedb}.hospital h INNER JOIN {statedb}.hospital_type ON (h.hospital_type_code = {statedb}.hospital_type.hospital_type_code) INNER JOIN {statedb}.cbsa ON (h.cbsa = {statedb}.cbsa.cbsa_code) INNER JOIN {statedb}.hospital_flag ON ({statedb}.hospital_flag.hospital_code = h.hospital_code and ( ({statedb}.hospital_flag.ip = {Papptype}) + ({statedb}.hospital_flag.op*2 = {Papptype}) + ({statedb}.hospital_flag.ed*4 = {Papptype}) ) ) ","distinct h.Street Street, h.hospital_name Facility_Name, h.City City, h.county_name County_Name, h.state_code State, h.Zip_Code Zip_Code"," street, hospital_name, city, county_name, state_code, zip_code",,"Street","`xfer_from`","Street",,"9/4/2026 15:10:35","160","0","transfer_from_hospital","I",,"0",
"transfer_from_hospital_cbsa",,"xfer_from_zip","cbsa_name","cbsa_name","Transfer From Facility CBSA","The CBSA associated with the address of the facilty where a discharge case was transferred from (CMS Only)",,"Transfer","1","0",,"0","0","0","1",,,,,,,,"`xfer_from`",,,"8/4/2026 14:00:08","160","0","transfer_from_hospital","I",,"0",
"transfer_from_hospital_city",,"xfer_from","city","city","Transfer From Facility City","The city associated with the address of the facility where a discharge case was transferred from (CMS Only)",,"Transfer","1","0",,"1","0","0","1",,,"000_common.city","City, State","city,state",,"City","`xfer_from`","City",,"9/4/2026 15:07:10","160","0","transfer_from_hospital","I",,"0",
"transfer_from_hospital_county",,"xfer_from_zip","county_name","county_name","Transfer From Facility County","The county associated with the address of the facility where a discharge case was transferred from (CMS Only)",,"Transfer","1","0",,"1","0","0","1",,,"000_common.county","county_name County_Name, state_code State, county_code County_Code","county_name,state_code,county_code",,"County_Code","`xfer_from`","County_Name",,"9/4/2026 15:35:14","160","0","transfer_from_hospital","I",,"0",
"transfer_from_hospital_name",,"xfer_from","hospital_name","hospital_name","Transfer From Facility","The name of the facility where a discharge case was transferred from (CMS Only)",,"Transfer","1","0",,"1","0","0","1",,,"{statedb}.hospital h INNER JOIN {statedb}.hospital_type ON (h.hospital_type_code = {statedb}.hospital_type.hospital_type_code) INNER JOIN {statedb}.cbsa ON (h.cbsa = {statedb}.cbsa.cbsa_code) INNER JOIN {statedb}.hospital_flag ON ({statedb}.hospital_flag.hospital_code = h.hospital_code and ( ({statedb}.hospital_flag.ip = {Papptype}) + ({statedb}.hospital_flag.op*2 = {Papptype}) + ({statedb}.hospital_flag.ed*4 = {Papptype}) ) ) ","distinct h.hospital_name Facility_Name, h.bed_count Beds, hospital_type_name Facility_Type_Name, h.Street Street, h.City City, h.county_name County_Name, h.state_code State, h.Zip_Code Zip_Code, cbsa_name CBSA, hospital_system_name Facility_System_Name, h.medprovnumber Med_Provider_Num, h.hospital_code Hospital_Code","hospital_name,bed_count,hospital_type_name,street,city,facility_county,state,zip_code,cbsa_name,facility_system_name,medprovnumber,hospital_code",,"Hospital_Code","`xfer_from`","Facility_Name","hospital_code","8/4/2026 15:38:34","160","0","transfer_from_hospital","I",,"0",
"transfer_from_hospital_state",,"xfer_from","state_code","state_code","Transfer From Facility State","The state associated with the address of the facility where a discharge case was transferred from (CMS Only)",,"Transfer","1","0",,"0","0","0","1",,,,,,,,"`xfer_from`",,,"8/4/2026 13:44:23","160","0","transfer_from_hospital","I",,"0",
"transfer_from_hospital_system",,"xfer_from","hospital_system_name","hospital_system_name","Transfer From Facility System","The name of the facility system where a discharge case was transferred from (CMS Only)",,"Transfer","1","0",,"0","0","0","1",,,,,,,,"`xfer_from`",,,"8/4/2026 14:14:55","160","0","transfer_from_hospital","I",,"0",
"transfer_from_hospital_type",,"xfer_from_type","hospital_type_name","hospital_type_name","Transfer From Facility Type","The type of facility where a discharge case was transferred from (CMS Only)",,"Transfer","1","0",,"0","0","0","1",,,,,,,,"`xfer_from`",,,"8/4/2026 14:00:18","160","0","transfer_from_hospital","I",,"0",
"transfer_from_hospital_zip",,"xfer_from_zip","zip_code","zip_code","Transfer From Facility ZIP Code","The zip code associated with the address of the facility where a discharge case was transferred from (CMS Only)",,"Transfer","1","0",,"1","0","0","1",,,"{statedb}.zip","zip_code Zip_Code, zip_name Zip_Name, City, county_name County_Name, State, cbsa_name CBSA, zip_class Zip_Class, zip_demo_base_name Zip_Demo_Base_Name","zip_code, zip_name, City, county_name, State, cbsa_name, zip_class, zip_demo_base_name",,"Zip_Code","`xfer_from`","Zip_Code",,"9/4/2026 15:08:07","160","0","transfer_from_hospital","I",,"0",
"transfer_to_hospital_address",,"xfer_to","street","street","Transfer To Facility Address","The address of the facility where a discharge case was transferred to (CMS Only)",,"Transfer","1","0",,"1","0","0","1",,,"{statedb}.hospital h INNER JOIN {statedb}.hospital_type ON (h.hospital_type_code = {statedb}.hospital_type.hospital_type_code) INNER JOIN {statedb}.cbsa ON (h.cbsa = {statedb}.cbsa.cbsa_code) INNER JOIN {statedb}.hospital_flag ON ({statedb}.hospital_flag.hospital_code = h.hospital_code and ( ({statedb}.hospital_flag.ip = {Papptype}) + ({statedb}.hospital_flag.op*2 = {Papptype}) + ({statedb}.hospital_flag.ed*4 = {Papptype}) ) ) ","distinct h.Street Street, h.hospital_name Facility_Name, h.City City, h.county_name County_Name, h.state_code State, h.Zip_Code Zip_Code"," street, hospital_name, city, county_name, state_code, zip_code",,"Street","`xfer_to`","Street",,"9/4/2026 15:10:40","160","0","transfer_to_hospital","I",,"0",
"transfer_to_hospital_cbsa",,"xfer_to_zip","cbsa_name","cbsa_name","Transfer To Facility CBSA","The CBSA associated with the address of the facility where a discharge case was transferred to (CMS Only)",,"Transfer","1","0",,"0","0","0","1",,,,,,,,"`xfer_to`",,,"8/4/2026 14:00:32","160","0","transfer_to_hospital","I",,"0",
"transfer_to_hospital_city",,"xfer_to","city","city","Transfer To Facility City","The city associated with the address of the facility where a discharge case was transferred to (CMS Only)",,"Transfer","1","0",,"1","0","0","1",,,"000_common.city","City, State","city,state",,"City","`xfer_to`","City",,"9/4/2026 15:07:07","160","0","transfer_to_hospital","I",,"0",
"transfer_to_hospital_county",,"xfer_to_zip","county_name","county_name","Transfer To Facility County","The county associated with the address of the facility where a discharge case was transferred to (CMS Only)",,"Transfer","1","0",,"1","0","0","1",,,"000_common.county","county_name County_Name, state_code State, county_code County_Code","county_name,state_code,county_code",,"County_Code","`xfer_to`","County_Name",,"9/4/2026 15:35:16","160","0","transfer_to_hospital","I",,"0",
"transfer_to_hospital_name",,"xfer_to","hospital_name","hospital_name","Transfer To Facility","The name of the facility where a discharge case was transferred to (CMS Only)",,"Transfer","1","0",,"1","0","0","1",,,"{statedb}.hospital h INNER JOIN {statedb}.hospital_type ON (h.hospital_type_code = {statedb}.hospital_type.hospital_type_code) INNER JOIN {statedb}.cbsa ON (h.cbsa = {statedb}.cbsa.cbsa_code) INNER JOIN {statedb}.hospital_flag ON ({statedb}.hospital_flag.hospital_code = h.hospital_code and ( ({statedb}.hospital_flag.ip = {Papptype}) + ({statedb}.hospital_flag.op*2 = {Papptype}) + ({statedb}.hospital_flag.ed*4 = {Papptype}) ) ) ","distinct h.hospital_name Facility_Name, h.bed_count Beds, hospital_type_name Facility_Type_Name, h.Street Street, h.City City, h.county_name County_Name, h.state_code State, h.Zip_Code Zip_Code, cbsa_name CBSA, hospital_system_name Facility_System_Name, h.medprovnumber Med_Provider_Num, h.hospital_code Hospital_Code","hospital_name,bed_count,hospital_type_name,street,city,facility_county,state,zip_code,cbsa_name,facility_system_name,medprovnumber,hospital_code",,"Hospital_Code","`xfer_to`","Facility_Name","hospital_code","8/4/2026 15:41:49","160","0","transfer_to_hospital","I",,"0",
"transfer_to_hospital_state",,"xfer_to","state_code","state_code","Transfer To Facility State","The state associated with the address of the facility where a discharge case was transferred to (CMS Only)",,"Transfer","1","0",,"0","0","0","1",,,,,,,,"`xfer_to`",,,"8/4/2026 13:47:22","160","0","transfer_to_hospital","I",,"0",
"transfer_to_hospital_system",,"xfer_to","hospital_system_name","hospital_system_name","Transfer To Facility System","The name of the facility system where a discharge case was transferred to (CMS Only)",,"Transfer","1","0",,"0","0","0","1",,,,,,,,"`xfer_to`",,,"8/4/2026 13:47:22","160","0","transfer_to_hospital","I",,"0",
"transfer_to_hospital_type",,"xfer_to_type","hospital_type_name","hospital_type_name","Transfer To Facility Type","The type of facility where a discharge case was transferred to (CMS Only)",,"Transfer","1","0",,"0","0","0","1",,,,,,,,"`xfer_to`",,,"8/4/2026 15:38:31","160","0","transfer_to_hospital","I",,"0",
"transfer_to_hospital_zip",,"xfer_to_zip","zip_code","zip_code","Transfer To Facility ZIP Code","The zip code associated with the address of the facility where a discharge case was transferred to (CMS Only)",,"Transfer","1","0",,"1","0","0","1",,,"{statedb}.zip","zip_code Zip_Code, zip_name Zip_Name, City, county_name County_Name, State, cbsa_name CBSA, zip_class Zip_Class, zip_demo_base_name Zip_Demo_Base_Name","zip_code, zip_name, City, county_name, State, cbsa_name, zip_class, zip_demo_base_name",,"Zip_Code","`xfer_to`","Zip_Code",,"9/4/2026 15:08:07","160","0","transfer_to_hospital","I",,"0",
"twelve_period_case_eight","8","{table}","case_id","sum({table}.period_code in ( {period8} )) * (sum(({table}.period_code in ( {period8} ))) > {cell_size})","(Period 8) Cases","Eighth period on case trended report","n0","Trended","0","1",,"0","0","0","0","","","","","","","","","","","12/2/2026 07:52:36","16","0","case_id","IOD",,"1","{table}-twelve-period-trended-cases"
"twelve_period_case_eleven","11","{table}","case_id","sum({table}.period_code in ( {period11} )) * (sum(({table}.period_code in ( {period11} ))) > {cell_size})","(Period 11) Cases","Eleventh period on case trended report","n0","Trended","0","1",,"0","0","0","0","","","","","","","","","","","12/2/2026 07:51:17","16","0","case_id","IOD",,"1","{table}-twelve-period-trended-cases"
"twelve_period_case_five","5","{table}","case_id","sum({table}.period_code in ( {period5} )) * (sum(({table}.period_code in ( {period5} ))) > {cell_size})","(Period 5) Cases","Fifth period on case trended report","n0","Trended","0","1",,"0","0","0","0","","","","","","","","","","","12/2/2026 07:52:02","16","0","case_id","IOD",,"1","{table}-twelve-period-trended-cases"
"twelve_period_case_four","4","{table}","case_id","sum({table}.period_code in ( {period4} )) * (sum(({table}.period_code in ( {period4} ))) > {cell_size})","(Period 4) Cases","Fourth period on case trended report","n0","Trended","0","1",,"0","0","0","0","","","","","","","","","","","12/2/2026 07:51:54","14","0","case_id","IOD",,"1","{table}-twelve-period-trended-cases"
"twelve_period_case_nine","9","{table}","case_id","sum({table}.period_code in ( {period9} )) * (sum(({table}.period_code in ( {period9} ))) > {cell_size})","(Period 9) Cases","Nineth period on case trended report","n0","Trended","0","1",,"0","0","0","0","","","","","","","","","","","12/2/2026 07:52:45","15","0","case_id","IOD",,"1","{table}-twelve-period-trended-cases"
"twelve_period_case_one","1","{table}","case_id","sum({table}.period_code in ( {period1} )) * (sum(({table}.period_code in ( {period1} ))) > {cell_size})","(Period 1) Cases","First period on case trended report","n0","Trended","0","1",,"0","0","0","0","","","","","","","","","","","12/2/2026 07:50:55","14","0","case_id","IOD",,"1","{table}-twelve-period-trended-cases"
"twelve_period_case_seven","7","{table}","case_id","sum({table}.period_code in ( {period7} )) * (sum(({table}.period_code in ( {period7} ))) > {cell_size})","(Period 7) Cases","Seventh period on case trended report","n0","Trended","0","1",,"0","0","0","0","","","","","","","","","","","12/2/2026 07:52:27","14","0","case_id","IOD",,"1","{table}-twelve-period-trended-cases"
"twelve_period_case_six","6","{table}","case_id","sum({table}.period_code in ( {period6} )) * (sum(({table}.period_code in ( {period6} ))) > {cell_size})","(Period 6) Cases","Sixth period on case trended report","n0","Trended","0","1",,"0","0","0","0","","","","","","","","","","","12/2/2026 07:52:10","15","0","case_id","IOD",,"1","{table}-twelve-period-trended-cases"
"twelve_period_case_ten","10","{table}","case_id","sum({table}.period_code in ( {period10} )) * (sum(({table}.period_code in ( {period10} ))) > {cell_size})","(Period 10) Cases","Tenth period on case trended report","n0","Trended","0","1",,"0","0","0","0","","","","","","","","","","","12/2/2026 07:51:06","14","0","case_id","IOD",,"1","{table}-twelve-period-trended-cases"
"twelve_period_case_three","3","{table}","case_id","sum({table}.period_code in ( {period3} )) * (sum(({table}.period_code in ( {period3} ))) > {cell_size})","(Period 3) Cases","Second period on case trended report","n0","Trended","0","1",,"0","0","0","0","","","","","","","","","","","12/2/2026 07:51:45","16","0","case_id","IOD",,"1","{table}-twelve-period-trended-cases"
"twelve_period_case_twelve","12","{table}","case_id","sum({table}.period_code in ( {period12} )) * (sum(({table}.period_code in ( {period12} ))) > {cell_size})","(Period 12) Cases","Twelveth period on case trended report","n0","Trended","0","1",,"0","0","0","0","","","","","","","","","","","12/2/2026 07:51:27","15","0","case_id","IOD",,"1","{table}-twelve-period-trended-cases"
"twelve_period_case_two","2","{table}","case_id","sum({table}.period_code in ( {period2} )) * (sum(({table}.period_code in ( {period2} ))) > {cell_size})","(Period 2) Cases","Third period on case trended report","n0","Trended","0","1",,"0","0","0","0","","","","","","","","","","","12/2/2026 07:51:36","15","0","case_id","IOD",,"1","{table}-twelve-period-trended-cases"
"twelve_period_charge_eight","8","{table}","charge","round(sum(({table}.period_code in ( {period8} )) * {table}.charge) ,2) * (sum(({table}.period_code in ( {period8} ))) > {cell_size})","(Period 8) Charges","Eighth period on charge trended report","n0","Trended","0","1",,"0","0","0","0","","","","","","","","","","","11/2/2026 16:57:28","16","0","charge","IOD",,"1","{table}-twelve-period-trended-charges"
"twelve_period_charge_eleven","11","{table}","charge","round(sum(({table}.period_code in ( {period11} )) * {table}.charge) ,2) * (sum(({table}.period_code in ( {period11} ))) > {cell_size})","(Period 11) Charges","Eleventh period on charge trended report","n0","Trended","0","1",,"0","0","0","0","","","","","","","","","","","11/2/2026 16:58:46","16","0","charge","IOD",,"1","{table}-twelve-period-trended-charges"
"twelve_period_charge_five","5","{table}","charge","round(sum(({table}.period_code in ( {period5} )) * {table}.charge) ,2) * (sum(({table}.period_code in ( {period5} ))) > {cell_size})","(Period 5) Charges","Fifth period on charge trended report","n0","Trended","0","1",,"0","0","0","0","","","","","","","","","","","11/2/2026 16:55:51","16","0","charge","IOD",,"1","{table}-twelve-period-trended-charges"
"twelve_period_charge_four","4","{table}","charge","round(sum(({table}.period_code in ( {period4} )) * {table}.charge) ,2) * (sum(({table}.period_code in ( {period4} ))) > {cell_size})","(Period 4) Charges","Fourth period on charge trended report","n0","Trended","0","1",,"0","0","0","0","","","","","","","","","","","11/2/2026 16:55:13","14","0","charge","IOD",,"1","{table}-twelve-period-trended-charges"
"twelve_period_charge_nine","9","{table}","charge","round(sum(({table}.period_code in ( {period9} )) * {table}.charge) ,2) * (sum(({table}.period_code in ( {period9} ))) > {cell_size})","(Period 9) Charges","Nineth period on charge trended report","n0","Trended","0","1",,"0","0","0","0","","","","","","","","","","","11/2/2026 16:57:57","15","0","charge","IOD",,"1","{table}-twelve-period-trended-charges"
"twelve_period_charge_one","1","{table}","charge","round(sum(({table}.period_code in ( {period1} )) * {table}.charge) ,2) * (sum(({table}.period_code in ( {period1} ))) > {cell_size})","(Period 1) Charges","First period on charge trended report","n0","Trended","0","1",,"0","0","0","0","","","","","","","","","","","12/2/2026 08:21:29","14","0","charge","IOD",,"1","{table}-twelve-period-trended-charges"
"twelve_period_charge_seven","7","{table}","charge","round(sum(({table}.period_code in ( {period7} )) * {table}.charge) ,2) * (sum(({table}.period_code in ( {period7} ))) > {cell_size})","(Period 7) Charges","Seventh period on charge trended report","n0","Trended","0","1",,"0","0","0","0","","","","","","","","","","","11/2/2026 16:57:01","14","0","charge","IOD",,"1","{table}-twelve-period-trended-charges"
"twelve_period_charge_six","6","{table}","charge","round(sum(({table}.period_code in ( {period6} )) * {table}.charge) ,2) * (sum(({table}.period_code in ( {period6} ))) > {cell_size})","(Period 6) Charges","Sixth two period on charge trended report","n0","Trended","0","1",,"0","0","0","0","","","","","","","","","","","11/2/2026 16:56:26","15","0","charge","IOD",,"1","{table}-twelve-period-trended-charges"
"twelve_period_charge_ten","10","{table}","charge","round(sum(({table}.period_code in ( {period10} )) * {table}.charge) ,2) * (sum(({table}.period_code in ( {period10} ))) > {cell_size})","(Period 10) Charges","Tenth period on charge trended report","n0","Trended","0","1",,"0","0","0","0","","","","","","","","","","","11/2/2026 16:58:26","14","0","charge","IOD",,"1","{table}-twelve-period-trended-charges"
"twelve_period_charge_three","3","{table}","charge","round(sum(({table}.period_code in ( {period3} )) * {table}.charge) ,2) * (sum(({table}.period_code in ( {period3} ))) > {cell_size})","(Period 3) Charges","Third period on charge trended report","n0","Trended","0","1",,"0","0","0","0","","","","","","","","","","","11/2/2026 16:54:42","15","0","charge","IOD",,"1","{table}-twelve-period-trended-charges"
"twelve_period_charge_twelve","12","{table}","charge","round(sum(({table}.period_code in ( {period12} )) * {table}.charge) ,2) * (sum(({table}.period_code in ( {period12} ))) > {cell_size})","(Period 12) Charges","Twelveth two period on charge trended report","n0","Trended","0","1",,"0","0","0","0","","","","","","","","","","","11/2/2026 16:59:07","15","0","charge","IOD",,"1","{table}-twelve-period-trended-charges"
"twelve_period_charge_two","2","{table}","charge","round(sum(({table}.period_code in ( {period2} )) * {table}.charge) ,2) * (sum(({table}.period_code in ( {period2} ))) > {cell_size})","(Period 2) Charges","Second period on charge trended report","n0","Trended","0","1",,"0","0","0","0","","","","","","","","","","","11/2/2026 16:54:07","16","0","charge","IOD",,"1","{table}-twelve-period-trended-charges"
"twelve_period_days_eight","8","{table}","los","sum(({table}.period_code in ( {period8} )) * {table}.los) * (sum(({table}.period_code in ( {period8} ))) > {cell_size})","(Period 8) Days","Eighth period on days trended report","n0","Trended","0","1",,"0","0","0","0","","","","","","","","","","","11/2/2026 16:57:32","16","0","los","I",,"1","{table}-twelve-period-trended-days"
"twelve_period_days_eleven","11","{table}","los","sum(({table}.period_code in ( {period11} )) * {table}.los) * (sum(({table}.period_code in ( {period11} ))) > {cell_size})","(Period 11) Days","Eleventh period on days trended report","n0","Trended","0","1",,"0","0","0","0","","","","","","","","","","","11/2/2026 16:58:50","16","0","los","I",,"1","{table}-twelve-period-trended-days"
"twelve_period_days_five","5","{table}","los","sum(({table}.period_code in ( {period5} )) * {table}.los) * (sum(({table}.period_code in ( {period5} ))) > {cell_size})","(Period 5) Days","Fifth period on days trended report","n0","Trended","0","1",,"0","0","0","0","","","","","","","","","","","11/2/2026 16:55:55","16","0","los","I",,"1","{table}-twelve-period-trended-days"
"twelve_period_days_four","4","{table}","los","sum(({table}.period_code in ( {period4} )) * {table}.los) * (sum(({table}.period_code in ( {period4} ))) > {cell_size})","(Period 4) Days","Fourth period on days trended report","n0","Trended","0","1",,"0","0","0","0","","","","","","","","","","","11/2/2026 16:55:17","14","0","los","I",,"1","{table}-twelve-period-trended-days"
"twelve_period_days_nine","9","{table}","los","sum(({table}.period_code in ( {period9} )) * {table}.los) * (sum(({table}.period_code in ( {period9} ))) > {cell_size})","(Period 9) Days","Nineth period on days trended report","n0","Trended","0","1",,"0","0","0","0","","","","","","","","","","","11/2/2026 16:58:00","15","0","los","I",,"1","{table}-twelve-period-trended-days"
"twelve_period_days_one","1","{table}","los","sum(({table}.period_code in ( {period1} )) * {table}.los) * (sum(({table}.period_code in ( {period1} ))) > {cell_size})","(Period 1) Days","First period on days trended report","n0","Trended","0","1",,"0","0","0","0","","","","","","","","","","","12/2/2026 08:21:32","14","0","los","I",,"1","{table}-twelve-period-trended-days"
"twelve_period_days_seven","7","{table}","los","sum(({table}.period_code in ( {period7} )) * {table}.los) * (sum(({table}.period_code in ( {period7} ))) > {cell_size})","(Period 7) Days","Seventh period on days trended report","n0","Trended","0","1",,"0","0","0","0","","","","","","","","","","","11/2/2026 16:57:04","14","0","los","I",,"1","{table}-twelve-period-trended-days"
"twelve_period_days_six","6","{table}","los","sum(({table}.period_code in ( {period6} )) * {table}.los) * (sum(({table}.period_code in ( {period6} ))) > {cell_size})","(Period 6) Days","Sixth period on days trended report","n0","Trended","0","1",,"0","0","0","0","","","","","","","","","","","11/2/2026 16:56:30","15","0","los","I",,"1","{table}-twelve-period-trended-days"
"twelve_period_days_ten","10","{table}","los","sum(({table}.period_code in ( {period10} )) * {table}.los) * (sum(({table}.period_code in ( {period10} ))) > {cell_size})","(Period 10) Days","Tenth period on days trended report","n0","Trended","0","1",,"0","0","0","0","","","","","","","","","","","11/2/2026 16:58:30","14","0","los","I",,"1","{table}-twelve-period-trended-days"
"twelve_period_days_three","3","{table}","los","sum(({table}.period_code in ( {period3} )) * {table}.los) * (sum(({table}.period_code in ( {period3} ))) > {cell_size})","(Period 3) Days","Second period on days trended report","n0","Trended","0","1",,"0","0","0","0","","","","","","","","","","","11/2/2026 16:54:38","16","0","los","I",,"1","{table}-twelve-period-trended-days"
"twelve_period_days_twelve","12","{table}","los","sum(({table}.period_code in ( {period12} )) * {table}.los) * (sum(({table}.period_code in ( {period12} ))) > {cell_size})","(Period 12) Days","Twelveth period on days trended report","n0","Trended","0","1",,"0","0","0","0","","","","","","","","","","","11/2/2026 16:59:11","15","0","los","I",,"1","{table}-twelve-period-trended-days"
"twelve_period_days_two","2","{table}","los","sum(({table}.period_code in ( {period2} )) * {table}.los) * (sum(({table}.period_code in ( {period2} ))) > {cell_size})","(Period 2) Days","Third period on days trended report","n0","Trended","0","1",,"0","0","0","0","","","","","","","","","","","11/2/2026 16:54:01","15","0","los","I",,"1","{table}-twelve-period-trended-days"
"twelve_period_procd_eight","8","{table}","procd_count","sum(({table}.period_code in ( {period8} )) * {table}.procd_count) * (sum(({table}.period_code in ( {period8} ))) > {cell_size})","(Period 8) Procedures","Eighth period on procedures trended report","n0","Trended","0","1",,"0","0","0","0","","","","","","","","","","","11/2/2026 16:57:36","16","0","procd_count","OD",,"1","{table}-twelve-period-trended-procedures"
"twelve_period_procd_eleven","11","{table}","procd_count","sum(({table}.period_code in ( {period11} )) * {table}.procd_count) * (sum(({table}.period_code in ( {period11} ))) > {cell_size})","(Period 11) Procedures","Eleventh period on procedures trended report","n0","Trended","0","1",,"0","0","0","0","","","","","","","","","","","11/2/2026 16:58:53","16","0","procd_count","OD",,"1","{table}-twelve-period-trended-procedures"
"twelve_period_procd_five","5","{table}","procd_count","sum(({table}.period_code in ( {period5} )) * {table}.procd_count) * (sum(({table}.period_code in ( {period5} ))) > {cell_size})","(Period 5) Procedures","Fifth period on procedures trended report","n0","Trended","0","1",,"0","0","0","0","","","","","","","","","","","11/2/2026 16:55:58","16","0","procd_count","OD",,"1","{table}-twelve-period-trended-procedures"
"twelve_period_procd_four","4","{table}","procd_count","sum(({table}.period_code in ( {period4} )) * {table}.procd_count) * (sum(({table}.period_code in ( {period4} ))) > {cell_size})","(Period 4) Procedures","Fourth period on procedures trended report","n0","Trended","0","1",,"0","0","0","0","","","","","","","","","","","11/2/2026 16:55:24","14","0","procd_count","OD",,"1","{table}-twelve-period-trended-procedures"
"twelve_period_procd_nine","9","{table}","procd_count","sum(({table}.period_code in ( {period9} )) * {table}.procd_count) * (sum(({table}.period_code in ( {period9} ))) > {cell_size})","(Period 9) Procedures","Nineth period on procedures trended report","n0","Trended","0","1",,"0","0","0","0","","","","","","","","","","","11/2/2026 16:58:04","15","0","procd_count","OD",,"1","{table}-twelve-period-trended-procedures"
"twelve_period_procd_one","1","{table}","procd_count","sum(({table}.period_code in ( {period1} )) * {table}.procd_count) * (sum(({table}.period_code in ( {period1} ))) > {cell_size})","(Period 1) Procedures","First period on procedures trended report","n0","Trended","0","1",,"0","0","0","0","","","","","","","","","","","11/2/2026 16:53:31","14","0","procd_count","OD",,"1","{table}-twelve-period-trended-procedures"
"twelve_period_procd_seven","7","{table}","procd_count","sum(({table}.period_code in ( {period7} )) * {table}.procd_count) * (sum(({table}.period_code in ( {period7} ))) > {cell_size})","(Period 7) Procedures","Seventh period on procedures trended report","n0","Trended","0","1",,"0","0","0","0","","","","","","","","","","","11/2/2026 16:57:08","14","0","procd_count","OD",,"1","{table}-twelve-period-trended-procedures"
"twelve_period_procd_six","6","{table}","procd_count","sum(({table}.period_code in ( {period6} )) * {table}.procd_count) * (sum(({table}.period_code in ( {period6} ))) > {cell_size})","(Period 6) Procedures","Sixth period on procedures trended report","n0","Trended","0","1",,"0","0","0","0","","","","","","","","","","","11/2/2026 16:56:34","15","0","procd_count","OD",,"1","{table}-twelve-period-trended-procedures"
"twelve_period_procd_ten","10","{table}","procd_count","sum(({table}.period_code in ( {period10} )) * {table}.procd_count) * (sum(({table}.period_code in ( {period10} ))) > {cell_size})","(Period 10) Procedures","Tenth period on procedures trended report","n0","Trended","0","1",,"0","0","0","0","","","","","","","","","","","11/2/2026 16:58:33","14","0","procd_count","OD",,"1","{table}-twelve-period-trended-procedures"
"twelve_period_procd_three","3","{table}","procd_count","sum(({table}.period_code in ( {period3} )) * {table}.procd_count) * (sum(({table}.period_code in ( {period3} ))) > {cell_size})","(Period 3) Procedures","Second period on procedures trended report","n0","Trended","0","1",,"0","0","0","0","","","","","","","","","","","11/2/2026 16:54:45","16","0","procd_count","OD",,"1","{table}-twelve-period-trended-procedures"
"twelve_period_procd_twelve","12","{table}","procd_count","sum(({table}.period_code in ( {period12} )) * {table}.procd_count) * (sum(({table}.period_code in ( {period12} ))) > {cell_size})","(Period 12) Procedures","Twelveth period on procedures trended report","n0","Trended","0","1",,"0","0","0","0","","","","","","","","","","","11/2/2026 16:59:14","15","0","procd_count","OD",,"1","{table}-twelve-period-trended-procedures"
"twelve_period_procd_two","2","{table}","procd_count","sum(({table}.period_code in ( {period2} )) * {table}.procd_count) * (sum(({table}.period_code in ( {period2} ))) > {cell_size})","(Period 2) Procedures","Third period on procedures trended report","n0","Trended","0","1",,"0","0","0","0","","","","","","","","","","","11/2/2026 16:54:15","15","0","procd_count","OD",,"1","{table}-twelve-period-trended-procedures"
"urbzcode",,"esricat_urbz","urbzcode","urbzcode","ESRI Urban Demographic",,,"ESRI Demographics","0","0",,"0","0","0","0",,"`esricat_urbz`.`urbzname`","esri.esricat_urbz","urbzcode, urbzname Urban_Demographic","urbzname",,"urbzcode","`urbzcode`","Urban_Demographic","urbzcode","17/10/2025 12:56:41","0","0","urbzname","S",,"0",
"urbzname",,"esricat_urbz","urbzcode","urbzname","ESRI Urban Demographic",,,"ESRI Demographics","1","0",,"1","0","0","1",,"`esricat_urbz`.`urbzname`","esri.esricat_urbz","urbzcode, urbzname Urban_Demographic","urbzname",,"urbzcode","`urbzcode`","Urban_Demographic","urbzcode","17/10/2025 12:29:15","0","0","urbzname","S",,"0",
"vaginal_birth_csection_count",,"{table}","msdrg_code","sum((inpatient.msdrg_code in ('768','767','774','775','796','797','798','805','806','807'))*inpatient.bac_code)","Vaginal Birth After Cesarean Section","Vaginal Birth After Cesarean Sction","n0","Maternity","0","1",,"0","0","0","0",,,,,,,,,,,"9/2/2026 15:53:02","15","0","msdrg_code","I",,"1","{table}-maternity"
"vaginal_birth_primary",,"cachetable","vaginal_birth_total","COALESCE((cachetable.vaginal_birth_total - cachetable.vaginal_birth_csection_count),0)","Primary Vaginal Birth","First Birth As Vaginal Birth","n0","Maternity","0","1",,"0","0","1","0",,,,,,,,,,,"9/2/2026 15:53:01","15","0","msdrg_code","I",,"1","{table}-maternity"
"vaginal_birth_total",,"{table}","msdrg_code","sum(inpatient.msdrg_code in ('768','767','774','775','796','797','798','805','806','807')) ","Vaginal Birth Total","Vaginal Birth Total","n0","Maternity","0","1",,"0","0","0","0",,,,,,,,,,,"9/2/2026 15:53:01","15","0","msdrg_code","I",,"1","{table}-maternity"
"vbac_pct",,"cachetable","csection_after_csection_count","concat(round(COALESCE(cachetable.vaginal_birth_csection_count/(cachetable.csection_after_csection_count + cachetable.vaginal_birth_csection_count),0)*100,2),'%')","Vaginal Birth After Cesarean Section Percent ","Vaginal Birth After C Section Percent ","p2","Maternity","0","1",,"0","0","1","0",,,,,,,,,,,"9/2/2026 15:53:01","15","0","msdrg_code","I",,"1","{table}-maternity"
"visits_cases_pct_total","13","cachetable0","out_case_count","concat(round(coalesce((cachetable.inp_case_count+cachetable.out_case_count)/(cachetable0.inp_case_count+cachetable0.out_case_count),0)*100,2),'%')","Cases Plus Cases Percent Total","Visits added to cases.","p2","Common","0","1",,"0","0","1","0",,,,,,,,,,,"5/8/2026 16:49:43","1","0","case_id","O",,"1","{table}-inpatient"
"vol_case_three_minus_two",,"cachetable","annual_case_three","cachetable.annual_case_three - cachetable.annual_case_two","Change Period 3-2","Annual Period third period minus second period","n0","Trended","0","1",,"0","0","1","0",,,,,,,,,,,"10/12/2025 15:42:21","9","0","case_id","IOD",,"1","{table}-trended-market-share-annual-case"
"vol_case_three_percent_two",,"cachetable","annual_case_three","concat(round(coalesce((cachetable.annual_case_three - cachetable.annual_case_two)/cachetable.annual_case_two,0)*100,2),'%')","Percent Change Period 3-2","The percent change in volume to Two","p2","Trended","0","1",,"0","0","1","0",,,,,,,,,,,"10/12/2025 15:42:25","9","0","case_id","IOD",,"1","{table}-trended-market-share-annual-case"
"vol_case_two_minus_one",,"cachetable","annual_case_one","cachetable.annual_case_two - cachetable.annual_case_one","Change Period 2-1","Annual Period second period minus first period","n0","Trended","0","1",,"0","0","1","0",,,,,,,,,,,"10/12/2025 15:42:26","9","0","case_id","IOD",,"1","{table}-trended-market-share-annual-case"
"vol_case_two_percent_one",,"cachetable","annual_case_one","concat(round(coalesce((cachetable.annual_case_two - cachetable.annual_case_one)/cachetable.annual_case_one,0)*100,2),'%')","Percent Change Period 2-1","The percent change in volume to One","p2","Trended","0","1",,"0","0","1","0",,,,,,,,,,,"10/12/2025 15:42:28","9","0","case_id","IOD",,"1","{table}-trended-market-share-annual-case"
"vol_charge_three_minus_two",,"cachetable","annual_charge_three","cachetable.annual_charge_three - cachetable.annual_charge_two","Change Period 3-2","Annual Period three minus period two","n0","Trended","0","1",,"0","0","1","0",,,,,,,,,,,"10/12/2025 16:02:22","9","0","charge","IOD",,"1","{table}-trended-market-share-annual-charge"
"vol_charge_three_percent_two",,"cachetable","annual_charge_three","concat(round(coalesce((cachetable.annual_charge_three - cachetable.annual_charge_two)/cachetable.annual_charge_two,0)*100,2),'%')","Percent Change Period 3-2","The percent change in charges to Two","p2","Trended","0","1",,"0","0","1","0",,,,,,,,,,,"10/12/2025 16:02:25","9","0","charge","IOD",,"1","{table}-trended-market-share-annual-charge"
"vol_charge_two_minus_one",,"cachetable","annual_charge_one","cachetable.annual_charge_two - cachetable.annual_charge_one","Change Period 2-1","Annual Period two minus period one","n0","Trended","0","1",,"0","0","1","0",,,,,,,,,,,"10/12/2025 16:02:26","9","0","charge","IOD",,"1","{table}-trended-market-share-annual-charge"
"vol_charge_two_percent_one",,"cachetable","annual_charge_one","concat(round(coalesce((cachetable.annual_charge_two - cachetable.annual_charge_one)/cachetable.annual_charge_one,0)*100,2),'%')","Percent Change Period 2-1","The percent change in charges to One","p2","Trended","0","1",,"0","0","1","0",,,,,,,,,,,"10/12/2025 16:02:26","9","0","charge","IOD",,"1","{table}-trended-market-share-annual-charge"
"vol_days_three_minus_two",,"cachetable","annual_days_three","cachetable.annual_days_three - cachetable.annual_days_two","Change Period 3-2","Annual Period third period minus second period","n0","Trended","0","1",,"0","0","1","0","","","","","","","","","","","10/12/2025 15:51:37","9","0","los","I",,"1","{table}-trended-market-share-annual-days"
"vol_days_three_percent_two",,"cachetable","annual_days_three","concat(round(coalesce((cachetable.annual_days_three - cachetable.annual_days_two)/cachetable.annual_days_two,0)*100,2),'%')","Percent Change Period 3-2","The percent change in days to Two","p2","Trended","0","1",,"0","0","1","0","","","","","","","","","","","10/12/2025 15:51:36","9","0","los","I",,"1","{table}-trended-market-share-annual-days"
"vol_days_two_minus_one",,"cachetable","annual_days_one","cachetable.annual_days_two - cachetable.annual_days_one","Change Period 2-1","Annual Period second period minus first period","n0","Trended","0","1",,"0","0","1","0","","","","","","","","","","","10/12/2025 15:51:36","9","0","los","I",,"1","{table}-trended-market-share-annual-days"
"vol_days_two_percent_one",,"cachetable","annual_days_one","concat(round(coalesce((cachetable.annual_days_two - cachetable.annual_days_one)/cachetable.annual_days_one,0)*100,2),'%')","Percent Change Period 2-1","The percent change in days to One","p2","Trended","0","1",,"0","0","1","0","","","","","","","","","","","10/12/2025 15:51:33","9","0","los","I",,"1","{table}-trended-market-share-annual-days"
"vol_procd_three_minus_two",,"cachetable","annual_procd_three","cachetable.annual_procd_three - cachetable.annual_procd_two","Change Period 3-2","Annual Period third period minus second period","n0","Trended","0","1",,"0","0","1","0","","","","","","","","","","","10/12/2025 16:12:33","9","0","procd_count","OD",,"1","{table}-trended-market-share-annual-procd"
"vol_procd_three_percent_two",,"cachetable","annual_procd_three","concat(round(coalesce((cachetable.annual_procd_three - cachetable.annual_procd_two)/cachetable.annual_procd_two,0)*100,2),'%')","Percent Change Period 3-2","The percent change in volume to Two","p2","Trended","0","1",,"0","0","1","0","","","","","","","","","","","10/12/2025 16:12:35","9","0","procd_count","OD",,"1","{table}-trended-market-share-annual-procd"
"vol_procd_two_minus_one",,"cachetable","annual_procd_one","cachetable.annual_procd_two - cachetable.annual_procd_one","Change Period 2-1","Annual Period second period minus first period","n0","Trended","0","1",,"0","0","1","0","","","","","","","","","","","10/12/2025 16:12:36","9","0","procd_count","OD",,"1","{table}-trended-market-share-annual-procd"
"vol_procd_two_percent_one",,"cachetable","annual_procd_one","concat(round(coalesce((cachetable.annual_procd_two - cachetable.annual_procd_one)/cachetable.annual_procd_one,0)*100,2),'%')","Percent Change Period 2-1","The percent change in volume to One","p2","Trended","0","1",,"0","0","1","0","","","","","","","","","","","10/12/2025 16:12:37","9","0","procd_count","OD",,"1","{table}-trended-market-share-annual-procd"
"vol_qrter_case_three_minus_two",,"cachetable","qrter_case_three","cachetable.qrter_case_three - cachetable.qrter_case_two","Change Period 3-2","Quarter Period third period minus second period","n0","Trended","0","1",,"0","0","1","0","","","","","","","","","","","10/12/2025 16:17:33","9","0","case_id","IOD",,"1","{table}-trended-market-share-qrter-case"
"vol_qrter_case_three_percent_two",,"cachetable","qrter_case_three","concat(round(coalesce((cachetable.qrter_case_three - cachetable.qrter_case_two)/cachetable.qrter_case_two,0)*100,2),'%')","Percent Change Period 3-2","The percent change in qrter case to Two","p2","Trended","0","1",,"0","0","1","0","","","","","","","","","","","10/12/2025 16:17:34","9","0","case_id","IOD",,"1","{table}-trended-market-share-qrter-case"
"vol_qrter_case_two_minus_one",,"cachetable","qrter_case_one","cachetable.qrter_case_two - cachetable.qrter_case_one","Change Period 2-1","Quarter Period second minus first period","n0","Trended","0","1",,"0","0","1","0","","","","","","","","","","","10/12/2025 16:17:35","9","0","case_id","IOD",,"1","{table}-trended-market-share-qrter-case"
"vol_qrter_case_two_percent_one",,"cachetable","qrter_case_one","concat(round(coalesce((cachetable.qrter_case_two - cachetable.qrter_case_one)/cachetable.qrter_case_one,0)*100,2),'%')","Percent Change Period 2-1","The percent change in qrter case to One","p2","Trended","0","1",,"0","0","1","0","","","","","","","","","","","10/12/2025 16:17:36","9","0","case_id","IOD",,"1","{table}-trended-market-share-qrter-case"
"vol_qrter_charge_three_minus_two",,"cachetable","qrter_charge_three","cachetable.qrter_charge_three - cachetable.qrter_charge_two","Change Period 3-2","Quarter Period three minus period two","n0","Trended","0","1",,"0","0","1","0","","","","","","","","","","","10/12/2025 16:27:51","9","0","charge","IOD",,"1","{table}-trended-market-share-qrter-charge"
"vol_qrter_charge_three_percent_two",,"cachetable","qrter_charge_three","concat(round(coalesce((cachetable.qrter_charge_three - cachetable.qrter_charge_two)/cachetable.qrter_charge_two,0)*100,2),'%')","Percent Change Period 3-2","The percent change in qrter charge to Two","p2","Trended","0","1",,"0","0","1","0","","","","","","","","","","","10/12/2025 16:27:50","9","0","charge","IOD",,"1","{table}-trended-market-share-qrter-charge"
"vol_qrter_charge_two_minus_one",,"cachetable","qrter_charge_one","cachetable.qrter_charge_two - cachetable.qrter_charge_one","Change Period 2-1","Quarter Period two minus period one","n0","Trended","0","1",,"0","0","1","0","","","","","","","","","","","10/12/2025 16:27:48","9","0","charge","IOD",,"1","{table}-trended-market-share-qrter-charge"
"vol_qrter_charge_two_percent_one",,"cachetable","qrter_charge_one","concat(round(coalesce((cachetable.qrter_charge_two - cachetable.qrter_charge_one)/cachetable.qrter_charge_one,0)*100,2),'%')","Percent Change Period 2-1","The percent change in qrter charge to One","p2","Trended","0","1",,"0","0","1","0","","","","","","","","","","","10/12/2025 16:27:47","9","0","charge","IOD",,"1","{table}-trended-market-share-qrter-charge"
"vol_qrter_days_three_minus_two",,"cachetable","qrter_days_three","cachetable.qrter_days_three - cachetable.qrter_days_two","Change Period 3-2","Quarter Period third period minus first period","n0","Trended","0","1",,"0","0","1","0","","","","","","","","","","","10/12/2025 16:32:19","9","0","los","I",,"1","{table}-trended-market-share-qrter-days"
"vol_qrter_days_three_percent_two",,"cachetable","qrter_days_three","concat(round(coalesce((cachetable.qrter_days_three - cachetable.qrter_days_two)/cachetable.qrter_days_two,0)*100,2),'%')","Percent Change Period 3-2","The percent change in qrter days to Two","p2","Trended","0","1",,"0","0","1","0","","","","","","","","","","","10/12/2025 16:32:23","9","0","los","I",,"1","{table}-trended-market-share-qrter-days"
"vol_qrter_days_two_minus_one",,"cachetable","qrter_days_one","cachetable.qrter_days_two - cachetable.qrter_days_one","Change Period 2-1","Quarter Period second period minus first period","n0","Trended","0","1",,"0","0","1","0","","","","","","","","","","","10/12/2025 16:32:23","9","0","los","I",,"1","{table}-trended-market-share-qrter-days"
"vol_qrter_days_two_percent_one",,"cachetable","qrter_days_one","concat(round(coalesce((cachetable.qrter_days_two - cachetable.qrter_days_one)/cachetable.qrter_days_one,0)*100,2),'%')","Percent Change Period 2-1","The percent change in qrter days to One","p2","Trended","0","1",,"0","0","1","0","","","","","","","","","","","10/12/2025 16:32:24","9","0","los","I",,"1","{table}-trended-market-share-qrter-days"
"vol_qrter_procd_three_minus_two",,"cachetable","qrter_procd_three","cachetable.qrter_procd_three - cachetable.qrter_procd_two","Change Period 3-2","Quarter Period third period minus second period","n0","Trended","0","1",,"0","0","1","0","","","","","","","","","","","10/12/2025 16:34:02","9","0","procd_count","OD",,"1","{table}-trended-market-share-qrter-procd"
"vol_qrter_procd_three_percent_two",,"cachetable","qrter_procd_three","concat(round(coalesce((cachetable.qrter_procd_three - cachetable.qrter_procd_two)/cachetable.qrter_procd_two,0)*100,2),'%')","Percent Change Period 3-2","The percent change in volume to Two","p2","Trended","0","1",,"0","0","1","0","","","","","","","","","","","10/12/2025 16:34:04","9","0","procd_count","OD",,"1","{table}-trended-market-share-qrter-procd"
"vol_qrter_procd_two_minus_one",,"cachetable","qrter_procd_one","cachetable.qrter_procd_two - cachetable.qrter_procd_one","Change Period 2-1","Quarter Period second minus first period","n0","Trended","0","1",,"0","0","1","0","","","","","","","","","","","10/12/2025 16:34:04","9","0","procd_count","OD",,"1","{table}-trended-market-share-qrter-procd"
"vol_qrter_procd_two_percent_one",,"cachetable","qrter_procd_one","concat(round(coalesce((cachetable.qrter_procd_two - cachetable.qrter_procd_one)/cachetable.qrter_procd_one,0)*100,2),'%')","Percent Change Period 2-1","The percent change in volume to One","p2","Trended","0","1",,"0","0","1","0","","","","","","","","","","","10/12/2025 16:34:05","9","0","procd_count","OD",,"1","{table}-trended-market-share-qrter-procd"
"vol_qrter_visit_three_minus_two",,"cachetable","qrter_visit_three","cachetable.qrter_visit_three - cachetable.qrter_visit_two","Change Period 3-2","Quarter Period third period minus second period","n0","Trended","0","1",,"0","0","1","0","","","","","","","","","","","10/12/2025 16:34:17","9","0","case_id","OD",,"1","{table}-trended-market-share-qrter-visit"
"vol_qrter_visit_three_percent_two",,"cachetable","qrter_visit_three","concat(round(coalesce((cachetable.qrter_visit_three - cachetable.qrter_visit_two)/cachetable.qrter_visit_two,0)*100,2),'%')","Percent Change Period 3-2","The percent change in volume to Two","p2","Trended","0","1",,"0","0","1","0","","","","","","","","","","","9/1/2026 15:46:11","9","0","case_id","OD",,"1","{table}-trended-market-share-qrter-visit"
"vol_qrter_visit_two_minus_one",,"cachetable","qrter_visit_one","cachetable.qrter_visit_two - cachetable.qrter_visit_one","Change Period 2-1","Quarter Period second period minus first period","n0","Trended","0","1",,"0","0","1","0","","","","","","","","","","","10/12/2025 16:34:20","9","0","case_id","OD",,"1","{table}-trended-market-share-qrter-visit"
"vol_qrter_visit_two_percent_one",,"cachetable","qrter_visit_one","concat(round(coalesce((cachetable.qrter_visit_two - cachetable.qrter_visit_one)/cachetable.qrter_visit_one,0)*100,2),'%')","Percent Change Period 2-1","The percent change in volume to One","p2","Trended","0","1",,"0","0","1","0","","","","","","","","","","","9/1/2026 15:42:23","9","0","case_id","OD",,"1","{table}-trended-market-share-qrter-visit"
"vol_semi_case_three_minus_two",,"cachetable","semi_case_three","cachetable.semi_case_three - cachetable.semi_case_two","Change Period 3-2","Semi Period third period minus first period","n0","Trended","0","1",,"0","0","1","0","","","","","","","","","","","10/12/2025 16:34:40","9","0","case_id","IOD",,"1","{table}-trended-market-share-semi-case"
"vol_semi_case_three_percent_two",,"cachetable","semi_case_three","concat(round(coalesce((cachetable.semi_case_three - cachetable.semi_case_two)/cachetable.semi_case_two,0)*100,2),'%')","Percent Change Period 3-2","The percent change in semi case to Two","p2","Trended","0","1",,"0","0","1","0","","","","","","","","","","","10/12/2025 16:34:42","9","0","case_id","IOD",,"1","{table}-trended-market-share-semi-case"
"vol_semi_case_two_minus_one",,"cachetable","semi_case_one","cachetable.semi_case_two - cachetable.semi_case_one","Change Period 2-1","Semi Period second period minus first period","n0","Trended","0","1",,"0","0","1","0","","","","","","","","","","","10/12/2025 16:34:42","9","0","case_id","IOD",,"1","{table}-trended-market-share-semi-case"
"vol_semi_case_two_percent_one",,"cachetable","semi_case_one","concat(round(coalesce((cachetable.semi_case_two - cachetable.semi_case_one)/cachetable.semi_case_one,0)*100,2),'%')","Percent Change Period 2-1","The percent change in semi case to One","p2","Trended","0","1",,"0","0","1","0","","","","","","","","","","","10/12/2025 16:34:43","9","0","case_id","IOD",,"1","{table}-trended-market-share-semi-case"
"vol_semi_charge_three_minus_two",,"cachetable","semi_charge_three","cachetable.semi_charge_three - cachetable.semi_charge_two","Change Period 3-2","Semi Period three minus period two","n0","Trended","0","1",,"0","0","1","0","","","","","","","","","","","10/12/2025 16:34:59","9","0","charge","IOD",,"1","{table}-trended-market-share-semi-charge"
"vol_semi_charge_three_percent_two",,"cachetable","semi_charge_three","concat(round(coalesce((cachetable.semi_charge_three - cachetable.semi_charge_two)/cachetable.semi_charge_two,0)*100,2),'%')","Percent Change Period 3-2","The percent change in semi charge to Two","p2","Trended","0","1",,"0","0","1","0","","","","","","","","","","","10/12/2025 16:35:01","9","0","charge","IOD",,"1","{table}-trended-market-share-semi-charge"
"vol_semi_charge_two_minus_one",,"cachetable","semi_charge_one","cachetable.semi_charge_two - cachetable.semi_charge_one","Change Period 2-1","Semi Period two minus period one","n0","Trended","0","1",,"0","0","1","0","","","","","","","","","","","10/12/2025 16:35:02","9","0","charge","IOD",,"1","{table}-trended-market-share-semi-charge"
"vol_semi_charge_two_percent_one",,"cachetable","semi_charge_one","concat(round(coalesce((cachetable.semi_charge_two - cachetable.semi_charge_one)/cachetable.semi_charge_one,0)*100,2),'%')","Percent Change Period 2-1","The percent change in semi charge to One","p2","Trended","0","1",,"0","0","1","0","","","","","","","","","","","10/12/2025 16:35:03","9","0","charge","IOD",,"1","{table}-trended-market-share-semi-charge"
"vol_semi_days_three_minus_two",,"cachetable","semi_days_three","cachetable.semi_days_three - cachetable.semi_days_two","Change Period 3-2","Semi Period third period minus second period","n0","Trended","0","1",,"0","0","1","0","","","","","","","","","","","10/12/2025 16:35:18","9","0","los","I",,"1","{table}-trended-market-share-semi-days"
"vol_semi_days_three_percent_two",,"cachetable","semi_days_three","concat(round(coalesce((cachetable.semi_days_three - cachetable.semi_days_two)/cachetable.semi_days_two,0)*100,2),'%')","Percent Change Period 3-2","The percent change in semi days to Two","p2","Trended","0","1",,"0","0","1","0","","","","","","","","","","","10/12/2025 16:35:20","9","0","los","I",,"1","{table}-trended-market-share-semi-days"
"vol_semi_days_two_minus_one",,"cachetable","semi_days_one","cachetable.semi_days_two - cachetable.semi_days_one","Change Period 2-1","Semi Period second period  minus first period","n0","Trended","0","1",,"0","0","1","0","","","","","","","","","","","10/12/2025 16:35:20","9","0","los","I",,"1","{table}-trended-market-share-semi-days"
"vol_semi_days_two_percent_one",,"cachetable","semi_days_one","concat(round(coalesce((cachetable.semi_days_two - cachetable.semi_days_one)/cachetable.semi_days_one,0)*100,2),'%')","Percent Change Period 2-1","The percent change in semi days to One","p2","Trended","0","1",,"0","0","1","0","","","","","","","","","","","10/12/2025 16:35:21","9","0","los","I",,"1","{table}-trended-market-share-semi-days"
"vol_semi_procd_three_minus_two",,"cachetable","semi_procd_three","cachetable.semi_procd_three - cachetable.semi_procd_two","Change Period 3-2","Semi Period third period minus second period","n0","Trended","0","1",,"0","0","1","0","","","","","","","","","","","9/1/2026 15:03:40","9","0","procd_count","OD",,"1","{table}-trended-market-share-semi-procd"
"vol_semi_procd_three_percent_two",,"cachetable","semi_procd_three","concat(round(coalesce((cachetable.semi_procd_three - cachetable.semi_procd_two)/cachetable.semi_procd_two,0)*100,2),'%')","Percent Change Period 3-2","The percent change in volume to Two","p2","Trended","0","1",,"0","0","1","0","","","","","","","","","","","9/1/2026 15:03:40","9","0","procd_count","OD",,"1","{table}-trended-market-share-semi-procd"
"vol_semi_procd_two_minus_one",,"cachetable","semi_procd_one","cachetable.semi_procd_two - cachetable.semi_procd_one","Change Period 2-1","Semi Period second period minus first period","n0","Trended","0","1",,"0","0","1","0","","","","","","","","","","","9/1/2026 15:03:41","9","0","procd_count","OD",,"1","{table}-trended-market-share-semi-procd"
"vol_semi_procd_two_percent_one",,"cachetable","semi_procd_one","concat(round(coalesce((cachetable.semi_procd_two - cachetable.semi_procd_one)/cachetable.semi_procd_one,0)*100,2),'%')","Percent Change Period 2-1","The percent change in volume to One","p2","Trended","0","1",,"0","0","1","0","","","","","","","","","","","9/1/2026 15:03:42","9","0","procd_count","OD",,"1","{table}-trended-market-share-semi-procd"
"vol_semi_visit_three_minus_two",,"cachetable","semi_visit_three","cachetable.semi_visit_three - cachetable.semi_visit_two","Change Period 3-2","Semi Period third period minus second period","n0","Trended","0","1",,"0","0","1","0","","","","","","","","","","","10/12/2025 16:36:05","9","0","case_id","OD",,"1","{table}-trended-market-share-semi-visit"
"vol_semi_visit_three_percent_two",,"cachetable","semi_visit_three","concat(round(coalesce((cachetable.semi_visit_three - cachetable.semi_visit_two)/cachetable.semi_visit_two,0)*100,2),'%')","Percent Change Period 3-2","The percent change in volume to Two","p2","Trended","0","1",,"0","0","1","0","","","","","","","","","","","9/1/2026 15:46:11","9","0","case_id","OD","","1","{table}-trended-market-share-semi-visit"
"vol_semi_visit_two_minus_one",,"cachetable","semi_visit_one","cachetable.semi_visit_two - cachetable.semi_visit_one","Change Period 2-1","Semi Period second period minus first period","n0","Trended","0","1",,"0","0","1","0","","","","","","","","","","","10/12/2025 16:35:59","9","0","case_id","OD",,"1","{table}-trended-market-share-semi-visit"
"vol_semi_visit_two_percent_one",,"cachetable","semi_visit_one","concat(round(coalesce((cachetable.semi_visit_two - cachetable.semi_visit_one)/cachetable.semi_visit_one,0)*100,2),'%')","Percent Change Period 2-1","The percent change in volume to One","p2","Trended","0","1",,"0","0","1","0","","","","","","","","","","","9/1/2026 15:42:23","9","0","case_id","OD","","1","{table}-trended-market-share-semi-visit"
"vol_visit_three_minus_two",,"cachetable","annual_visit_three","cachetable.annual_visit_three - cachetable.annual_visit_two","Change Period 3-2","Annual Period third period minus second period","n0","Trended","0","1",,"0","0","1","0","","","","","","","","","","","10/12/2025 16:38:45","9","0","case_id","OD",,"1","{table}-trended-market-share-annual-visit"
"vol_visit_three_percent_two",,"cachetable","annual_visit_three","concat(round(coalesce((cachetable.annual_visit_three - cachetable.annual_visit_two)/cachetable.annual_visit_two,0)*100,2),'%')","Percent Change Period 3-2","The percent change in volume to Two","p2","Trended","0","1",,"0","0","1","0","","","","","","","","","","","10/12/2025 16:38:47","9","0","case_id","OD",,"1","{table}-trended-market-share-annual-visit"
"vol_visit_two_minus_one",,"cachetable","annual_visit_one","cachetable.annual_visit_two - cachetable.annual_visit_one","Change Period 2-1","Annual Period second period minus first period","n0","Trended","0","1",,"0","0","1","0","","","","","","","","","","","10/12/2025 16:38:48","9","0","case_id","OD",,"1","{table}-trended-market-share-annual-visit"
"vol_visit_two_percent_one",,"cachetable","annual_visit_one","concat(round(coalesce((cachetable.annual_visit_two - cachetable.annual_visit_one)/cachetable.annual_visit_one,0)*100,2),'%')","Percent Change Period 2-1","The percent change in volume to One","p2","Trended","0","1",,"0","0","1","0","","","","","","","","","","","10/12/2025 16:38:48","9","0","case_id","OD",,"1","{table}-trended-market-share-annual-visit"
"work_procd_code","33","procd_dtx","procd_code","procd_code","Work Procedure Code Detail",,,"Clinical","1","0",,"1","0","0","0",,"work_procd_code","000_common.procd","procd_code Procedure_Code, procd_name Procedure_Name, full_description Full_Description, procd_product_line_name Procedure_Product_Line_Name, procd_product_line_sub_name Procedure_Product_Line_Sub_Name, procd_type_code Procedure_Type_Code","work_procd_code, work_procd_name",,"Procedure_Code","`work_procd_code`","Procedure_Name",,"19/3/2025 10:25:44","12","0","work_procd_code","C",,"0",
"work_procd_code1","30","{table}","work_procd_code","work_procd_code","Primary Work Procedure Code","Encounter-level procedure code with the highest Work RVU associated with the encounter.",,"Clinical","1","0",,"1","0","0","0",,"work_procd_code1","000_common.procd","procd_code Procedure_Code, procd_name Procedure_Name, full_description Full_Description, procd_product_line_name Procedure_Product_Line_Name, procd_product_line_sub_name Procedure_Product_Line_Sub_Name, procd_type_code Procedure_Type_Code","work_procd_code1,work_procd_name1,px_long_description1,px_product_line_name1,px_product_line_sub_name1",,"Procedure_Code","`work_procd_code1`","Procedure_Name","procd_code","18/2/2026 08:57:18","12","0","work_procd_code","C",,"0",
"work_procd_name","33","work_procdx","procd_name","procd_name","Work Procedure Name Detail",,,"Clinical","0","0",,"0","0","0","1",,"work_procd_code","000_common.procd","procd_code Procedure_Code, procd_name Procedure_Name, full_description Full_Description, procd_product_line_name Procedure_Product_Line_Name, procd_product_line_sub_name Procedure_Product_Line_Sub_Name, procd_type_code Procedure_Type_Code","work_procd_code,work_procd_name,px_product_line_name,px_product_line_sub_name",,"Procedure_Code","`work_procd_code`","Procedure_Name","procd_code","19/3/2025 10:25:44","12","0","work_procd_code","C",,"0",
"work_procd_name1","30","work_procd1","procd_name","procd_name","Primary Work Procedure Description","Encounter-level procedure code with the highest Work RVU associated with the encounter.",,"Clinical","1","0",,"1","0","0","1",,"work_procd_code1","000_common.procd","procd_code Procedure_Code, procd_name Procedure_Name, full_description Full_Description, procd_product_line_name Procedure_Product_Line_Name, procd_product_line_sub_name Procedure_Product_Line_Sub_Name, procd_type_code Procedure_Type_Code","work_procd_code1,work_procd_name1,px_product_line_name1,px_product_line_sub_name1",,"Procedure_Code","`work_procd_code1`","Procedure_Name","procd_code","7/4/2025 14:26:30","12","1","work_procd_code","C",,"0",
"work_px_product_line_code",,"work_procd","procd_product_line_code","procd_product_line_code","Procedure Product Line Detail Code",,,"Clinical","0","0",,"0","0","0","1",,"work_px_product_line_code","000_common.procd_product_line","procd_product_line_name Procedure_Product_Line_Name, procd_product_line_code","px_product_line_name",,"procd_product_line_code","`work_px_product_line_code`","Procedure_Product_Line_Name","procd_product_line_code","19/3/2025 10:25:44","12","0","work_procd_code","C",,"0",
"work_px_product_line_code1",,"work_procd1","procd_product_line_code","procd_product_line_code","Primary Procedure Product Line Code","Claim-level primary procedure product line code as defined by HCUP associated with the procedure on a claim with the highest total RVU.",,"Clinical","0","0",,"0","0","0","0",,,,,,,,,,,"20/3/2025 10:23:09","12","0","work_procd_code","C",,"0",
"work_px_product_line_name","34","work_procdx","procd_product_line_name","procd_product_line_name","Work Procedure Product Line Detail",,,"Clinical","0","0","1","0","0","0","1",,"work_px_product_line_name","000_common.procd_product_line","procd_product_line_name Procedure_Product_Line_Name, procd_product_line_code","work_px_product_line_name",,"procd_product_line_code","`work_px_product_line_code`","Procedure_Product_Line_Name","procd_product_line_code","19/3/2025 10:25:44","12","0","work_procd_code","C",,"0",
"work_px_product_line_name1","31","work_procd1","procd_product_line_name","procd_product_line_name","Primary Work Procedure Product Line","Encounter-level procedure code with the highest Work RVU associated with the encounter.",,"Clinical","1","0",,"1","0","0","1",,"work_px_product_line_name1","000_common.procd_product_line","procd_product_line_name Procedure_Product_Line_Name, procd_product_line_code","work_px_product_line_name1",,"procd_product_line_code","`work_px_product_line_code1`","Procedure_Product_Line_Name","procd_product_line_code","7/4/2025 14:26:13","12","1","work_procd_code","C",,"0",
"work_px_product_line_sub_code",,"work_procd","procd_product_line_sub_code","procd_product_line_sub_code","Procedure Product Subline Detail Code",,,"Clinical","0","0",,"0","0","0","1",,"work_px_product_line_sub_code","000_common.procd_product_line_sub","procd_product_line_sub_name Procedure_Product_Line_Sub_Name, procd_product_line_name Procedure_Product_Line_Name, procd_product_line_sub_code","px_product_line_sub_name,px_product_line_name",,"procd_product_line_sub_code","`work_px_product_line_sub_code`","Procedure_Product_Line_Sub_Name","procd_product_line_sub_code","19/3/2025 10:25:44","12","0","work_procd_code","C",,"0",
"work_px_product_line_sub_code1",,"work_procd1","procd_product_line_sub_code","procd_product_line_sub_code","Primary Procedure Product Subline Code",,,"Clinical","0","0",,"0","0","0","0",,"work_px_product_line_sub_code1",,,,,"procd_product_line_sub_code",,,,"19/3/2025 10:25:44","12","0","work_procd_code","C",,"0",
"work_px_product_line_sub_name","35","work_procdx","procd_product_line_sub_name","procd_product_line_sub_name","Work Procedure Product Subline Detail",,,"Clinical","0","0","1","0","0","0","1",,"work_px_product_line_sub_name","000_common.procd_product_line_sub","procd_product_line_sub_name Procedure_Product_Line_Sub_Name, procd_product_line_name Procedure_Product_Line_Name, procd_product_line_sub_code","work_px_product_line_sub_name,px_product_line_name",,"procd_product_line_sub_code","`work_px_product_line_sub_code`","Procedure_Product_Line_Sub_Name","procd_product_line_sub_code","19/3/2025 10:25:44","12","0","work_procd_code","C",,"0",
"work_px_product_line_sub_name1","32","work_procd1","procd_product_line_sub_name","procd_product_line_sub_name","Primary Work Procedure Product Subline","Encounter-level procedure code with the highest Work RVU associated with the encounter.",,"Clinical","1","0",,"1","0","0","1",,"work_px_product_line_sub_name1","000_common.procd_product_line_sub","procd_product_line_sub_name Procedure_Product_Line_Sub_Name, procd_product_line_name Procedure_Product_Line_Name, procd_product_line_sub_code","work_px_product_line_sub_name1,px_product_line_name1",,"procd_product_line_sub_code","`work_px_product_line_sub_code1`","Procedure_Product_Line_Sub_Name","procd_product_line_sub_code","7/4/2025 14:26:11","12","1","work_procd_code","C",,"0",
"xfer_from",,"{table}_adj","transfer_from_hospital","transfer_from_hospital","Transfer From Facility Code",,,"Transfer","0","0",,"0","0","0","0",,,,,,,,"`xfer_from`",,,"8/4/2026 14:26:25","160","0","transfer_from_hospital","I",,"0",
"xfer_to",,"{table}_adj","transfer_to_hospital","transfer_to_hospital","Transfer To Facility Code",,,"Transfer","0","0",,"0","0","0","0",,,,,,,,"`xfer_to`",,,"8/4/2026 14:26:25","160","0","transfer_to_hospital","I",,"0",
"year","4","period","year","year","Period Year","Groups encounters or claims based on the year associated with the service date provided on the claim form where a unique patient is counted once per year.","*","Time","1","0",,"1","0","0","0","period_code",,"(select Year, group_concat(period_code) Period_Codes, group_concat(distinct quarter) Quarters from {statedb}.period group by year) g","Year, Period_Codes, Quarters","year","","Year","`year`","Year",,"17/2/2026 13:49:32","25","0","year","B",,"0",
"yoy","17","year_bucket","period.period_abbr","group_name","Year over Year Trending","The volume trend seen year over year for a specific date range",,"Time","1","0",,"0","0","0","0",,,,,,,,,,,"8/12/2025 08:33:26","25","0","yoy","BIOD",,"0",
"zip_code","13","zip","zip_code","zip_code","Zip Code","5-digit zip code of the patient origin on a claim.",,"Patient","0","0",,"0","0","0","1",,,"{statedb}.zip","zip_code Zip_Code, zip_name Zip_Name, City, county_name County_Name, State, cbsa_name CBSA, zip_class Zip_Class, zip_demo_base_name Zip_Demo_Base_Name","zip_code,,city,county,state,cbsa_name,,zip_demo_base_name",,"Zip_Code","`zip_code`","Zip_Code",,"1/10/2025 08:40:52","17","0","zip_code","BIOD",,"0",
"zip_demo_base_name","14","esri","zip_demo_base_name","zip_demo_base_name","ESRI Zip Base",,,"ESRI Demographics","1","0",,"0","0","0","0",,"zip_demo_base_name","{statedb}.zip",,,,,,,,"22/1/2026 11:54:19",,"0","zip_demo_base_name","S",,"0",
"zip3_code","8","{table}","zip3_code","zip3_code","Patient Zip 3 Code","Claim-level 3-digit zip code of the patient origin on a claim.",,"Patient","0","0",,"0","0","0","0",,,"(select distinct pat_dt.zip3_code ZIP3_Code from {statedb}.pat_dt) pat_dt, 000_common.zip3","pat_dt.zip3_code ZIP3_Code, ZIP3_Name, City, State","zip3_code","pat_dt.zip3_code=zip3.zip3_code","ZIP3_Code","`zip3_code`",,,"16/6/2025 15:35:22","17","0","zip3_code","B",,"0",
"zip3_name","8","zip3","zip3_name","zip3_name","Patient Zip 3 Code","3-digit zip code of the patient origin on a claim.",,"Patient","1","0",,"1","0","0","1",,,"(select distinct pat_dt.zip3_code ZIP3_Code from {statedb}.pat_dt) pat_dt, 000_common.zip3","pat_dt.zip3_code ZIP3_Code, ZIP3_Name, City, State","zip3_code","pat_dt.zip3_code=zip3.zip3_code","ZIP3_Code","`zip3_code`",,,"16/6/2025 15:35:23","17","0","zip3_code","B",,"0",
